{"level":"info","message":"正在初始化舆情研判系统...","service":"public-opinion-system","timestamp":"2026-02-12T02:39:47.549Z"}
{"level":"info","message":"正在初始化数据库...","service":"public-opinion-system","timestamp":"2026-02-12T02:39:47.551Z"}
{"level":"info","message":"创建新的数据库文件","service":"public-opinion-system","timestamp":"2026-02-12T02:39:47.557Z"}
{"level":"info","message":"数据库初始化完成","service":"public-opinion-system","timestamp":"2026-02-12T02:39:47.558Z"}
{"level":"info","message":"数据采集模块初始化中...","service":"public-opinion-system","timestamp":"2026-02-12T02:39:47.558Z"}
{"level":"warn","message":"未配置WEIBO_COOKIE，微博数据采集可能受限","service":"public-opinion-system","timestamp":"2026-02-12T02:39:47.559Z"}
{"level":"info","message":"数据采集模块初始化完成","service":"public-opinion-system","timestamp":"2026-02-12T02:39:47.559Z"}
{"level":"info","message":"AI分析引擎初始化中...","service":"public-opinion-system","timestamp":"2026-02-12T02:39:47.559Z"}
{"level":"info","message":"初始化Agent: SentimentAgent","service":"public-opinion-system","timestamp":"2026-02-12T02:39:47.560Z"}
{"level":"error","message":"Agent sentiment 初始化失败: language.labels must be defined!","service":"public-opinion-system","stack":"Error: language.labels must be defined!\n    at Object.addLanguage (G:\\trae\\public-opinion-system\\node_modules\\sentiment\\lib\\language-processor.js:25:19)\n    at Sentiment.registerLanguage (G:\\trae\\public-opinion-system\\node_modules\\sentiment\\lib\\index.js:21:23)\n    at G:\\trae\\public-opinion-system\\src\\ai-analysis\\sentiment-agent.js:32:24\n    at Array.forEach (<anonymous>)\n    at G:\\trae\\public-opinion-system\\src\\ai-analysis\\sentiment-agent.js:31:40\n    at Array.forEach (<anonymous>)\n    at SentimentAgent.loadChineseSentimentDict (G:\\trae\\public-opinion-system\\src\\ai-analysis\\sentiment-agent.js:30:45)\n    at SentimentAgent.initialize (G:\\trae\\public-opinion-system\\src\\ai-analysis\\sentiment-agent.js:25:10)\n    at async AIAnalyzer.initialize (G:\\trae\\public-opinion-system\\src\\ai-analysis\\analyzer.js:25:9)\n    at async PublicOpinionSystem.initialize (G:\\trae\\public-opinion-system\\src\\index.js:26:7)","timestamp":"2026-02-12T02:39:47.561Z"}
{"level":"info","message":"初始化Agent: TopicAgent","service":"public-opinion-system","timestamp":"2026-02-12T02:39:47.562Z"}
{"level":"info","message":"Agent topic 初始化完成","service":"public-opinion-system","timestamp":"2026-02-12T02:39:47.563Z"}
{"level":"info","message":"初始化Agent: RiskAssessmentAgent","service":"public-opinion-system","timestamp":"2026-02-12T02:39:47.564Z"}
{"level":"info","message":"Agent risk 初始化完成","service":"public-opinion-system","timestamp":"2026-02-12T02:39:47.564Z"}
{"level":"info","message":"AI分析引擎初始化完成","service":"public-opinion-system","timestamp":"2026-02-12T02:39:47.564Z"}
{"level":"info","message":"初始化Skill集成模块","service":"public-opinion-system","timestamp":"2026-02-12T02:39:47.564Z"}
{"level":"info","message":"注册内置技能","service":"public-opinion-system","timestamp":"2026-02-12T02:39:47.565Z"}
{"level":"info","message":"注册技能: DataCleaningSkill","service":"public-opinion-system","timestamp":"2026-02-12T02:39:47.565Z"}
{"level":"info","message":"技能注册成功: DataCleaningSkill v1.0.0","service":"public-opinion-system","timestamp":"2026-02-12T02:39:47.567Z"}
{"level":"info","message":"加载技能: DataCleaningSkill v1.0.0","service":"public-opinion-system","timestamp":"2026-02-12T02:39:47.570Z"}
{"level":"info","message":"Skill集成模块初始化完成","service":"public-opinion-system","timestamp":"2026-02-12T02:39:47.589Z"}
{"level":"info","message":"系统初始化完成","service":"public-opinion-system","timestamp":"2026-02-12T02:39:47.589Z"}
{"level":"info","message":"正在初始化舆情研判系统...","service":"public-opinion-system","timestamp":"2026-02-12T02:39:47.592Z"}
{"level":"info","message":"正在初始化数据库...","service":"public-opinion-system","timestamp":"2026-02-12T02:39:47.593Z"}
{"level":"info","message":"数据库加载成功","service":"public-opinion-system","timestamp":"2026-02-12T02:39:47.607Z"}
{"level":"info","message":"数据库初始化完成","service":"public-opinion-system","timestamp":"2026-02-12T02:39:47.608Z"}
{"level":"info","message":"数据采集模块初始化中...","service":"public-opinion-system","timestamp":"2026-02-12T02:39:47.608Z"}
{"level":"warn","message":"未配置WEIBO_COOKIE，微博数据采集可能受限","service":"public-opinion-system","timestamp":"2026-02-12T02:39:47.608Z"}
{"level":"info","message":"数据采集模块初始化完成","service":"public-opinion-system","timestamp":"2026-02-12T02:39:47.609Z"}
{"level":"info","message":"AI分析引擎初始化中...","service":"public-opinion-system","timestamp":"2026-02-12T02:39:47.609Z"}
{"level":"info","message":"初始化Agent: SentimentAgent","service":"public-opinion-system","timestamp":"2026-02-12T02:39:47.609Z"}
{"level":"error","message":"Agent sentiment 初始化失败: language.labels must be defined!","service":"public-opinion-system","stack":"Error: language.labels must be defined!\n    at Object.addLanguage (G:\\trae\\public-opinion-system\\node_modules\\sentiment\\lib\\language-processor.js:25:19)\n    at Sentiment.registerLanguage (G:\\trae\\public-opinion-system\\node_modules\\sentiment\\lib\\index.js:21:23)\n    at G:\\trae\\public-opinion-system\\src\\ai-analysis\\sentiment-agent.js:32:24\n    at Array.forEach (<anonymous>)\n    at G:\\trae\\public-opinion-system\\src\\ai-analysis\\sentiment-agent.js:31:40\n    at Array.forEach (<anonymous>)\n    at SentimentAgent.loadChineseSentimentDict (G:\\trae\\public-opinion-system\\src\\ai-analysis\\sentiment-agent.js:30:45)\n    at SentimentAgent.initialize (G:\\trae\\public-opinion-system\\src\\ai-analysis\\sentiment-agent.js:25:10)\n    at async AIAnalyzer.initialize (G:\\trae\\public-opinion-system\\src\\ai-analysis\\analyzer.js:25:9)\n    at async PublicOpinionSystem.initialize (G:\\trae\\public-opinion-system\\src\\index.js:26:7)","timestamp":"2026-02-12T02:39:47.609Z"}
{"level":"info","message":"初始化Agent: TopicAgent","service":"public-opinion-system","timestamp":"2026-02-12T02:39:47.610Z"}
{"level":"info","message":"Agent topic 初始化完成","service":"public-opinion-system","timestamp":"2026-02-12T02:39:47.611Z"}
{"level":"info","message":"初始化Agent: RiskAssessmentAgent","service":"public-opinion-system","timestamp":"2026-02-12T02:39:47.611Z"}
{"level":"info","message":"Agent risk 初始化完成","service":"public-opinion-system","timestamp":"2026-02-12T02:39:47.611Z"}
{"level":"info","message":"AI分析引擎初始化完成","service":"public-opinion-system","timestamp":"2026-02-12T02:39:47.612Z"}
{"level":"info","message":"初始化Skill集成模块","service":"public-opinion-system","timestamp":"2026-02-12T02:39:47.612Z"}
{"level":"info","message":"注册内置技能","service":"public-opinion-system","timestamp":"2026-02-12T02:39:47.612Z"}
{"level":"info","message":"注册技能: DataCleaningSkill","service":"public-opinion-system","timestamp":"2026-02-12T02:39:47.612Z"}
{"level":"info","message":"技能注册成功: DataCleaningSkill v1.0.0","service":"public-opinion-system","timestamp":"2026-02-12T02:39:47.613Z"}
{"level":"info","message":"加载技能: DataCleaningSkill v1.0.0","service":"public-opinion-system","timestamp":"2026-02-12T02:39:47.614Z"}
{"level":"info","message":"Skill集成模块初始化完成","service":"public-opinion-system","timestamp":"2026-02-12T02:39:47.614Z"}
{"level":"info","message":"系统初始化完成","service":"public-opinion-system","timestamp":"2026-02-12T02:39:47.615Z"}
{"level":"info","message":"正在初始化舆情研判系统...","service":"public-opinion-system","timestamp":"2026-02-12T02:41:50.978Z"}
{"level":"info","message":"正在初始化数据库...","service":"public-opinion-system","timestamp":"2026-02-12T02:41:50.981Z"}
{"level":"info","message":"数据库加载成功","service":"public-opinion-system","timestamp":"2026-02-12T02:41:50.985Z"}
{"level":"info","message":"数据库初始化完成","service":"public-opinion-system","timestamp":"2026-02-12T02:41:50.986Z"}
{"level":"info","message":"数据采集模块初始化中...","service":"public-opinion-system","timestamp":"2026-02-12T02:41:50.986Z"}
{"level":"warn","message":"未配置WEIBO_COOKIE，微博数据采集可能受限","service":"public-opinion-system","timestamp":"2026-02-12T02:41:50.987Z"}
{"level":"info","message":"数据采集模块初始化完成","service":"public-opinion-system","timestamp":"2026-02-12T02:41:50.987Z"}
{"level":"info","message":"AI分析引擎初始化中...","service":"public-opinion-system","timestamp":"2026-02-12T02:41:50.988Z"}
{"level":"info","message":"初始化Agent: SentimentAgent","service":"public-opinion-system","timestamp":"2026-02-12T02:41:50.988Z"}
{"level":"info","message":"情感分析Agent初始化完成","service":"public-opinion-system","timestamp":"2026-02-12T02:41:50.988Z"}
{"level":"info","message":"Agent sentiment 初始化完成","service":"public-opinion-system","timestamp":"2026-02-12T02:41:50.989Z"}
{"level":"info","message":"初始化Agent: TopicAgent","service":"public-opinion-system","timestamp":"2026-02-12T02:41:50.989Z"}
{"level":"info","message":"Agent topic 初始化完成","service":"public-opinion-system","timestamp":"2026-02-12T02:41:50.989Z"}
{"level":"info","message":"初始化Agent: RiskAssessmentAgent","service":"public-opinion-system","timestamp":"2026-02-12T02:41:50.990Z"}
{"level":"info","message":"Agent risk 初始化完成","service":"public-opinion-system","timestamp":"2026-02-12T02:41:50.990Z"}
{"level":"info","message":"AI分析引擎初始化完成","service":"public-opinion-system","timestamp":"2026-02-12T02:41:50.990Z"}
{"level":"info","message":"初始化Skill集成模块","service":"public-opinion-system","timestamp":"2026-02-12T02:41:50.991Z"}
{"level":"info","message":"注册内置技能","service":"public-opinion-system","timestamp":"2026-02-12T02:41:50.991Z"}
{"level":"info","message":"注册技能: DataCleaningSkill","service":"public-opinion-system","timestamp":"2026-02-12T02:41:50.991Z"}
{"level":"info","message":"技能注册成功: DataCleaningSkill v1.0.0","service":"public-opinion-system","timestamp":"2026-02-12T02:41:50.994Z"}
{"level":"info","message":"加载技能: DataCleaningSkill v1.0.0","service":"public-opinion-system","timestamp":"2026-02-12T02:41:50.996Z"}
{"level":"info","message":"Skill集成模块初始化完成","service":"public-opinion-system","timestamp":"2026-02-12T02:41:50.997Z"}
{"level":"info","message":"系统初始化完成","service":"public-opinion-system","timestamp":"2026-02-12T02:41:50.997Z"}
{"level":"info","message":"正在初始化舆情研判系统...","service":"public-opinion-system","timestamp":"2026-02-12T02:43:13.591Z"}
{"level":"info","message":"正在初始化数据库...","service":"public-opinion-system","timestamp":"2026-02-12T02:43:13.593Z"}
{"level":"info","message":"数据库加载成功","service":"public-opinion-system","timestamp":"2026-02-12T02:43:13.598Z"}
{"level":"info","message":"数据库初始化完成","service":"public-opinion-system","timestamp":"2026-02-12T02:43:13.599Z"}
{"level":"info","message":"数据采集模块初始化中...","service":"public-opinion-system","timestamp":"2026-02-12T02:43:13.599Z"}
{"level":"warn","message":"未配置WEIBO_COOKIE，微博数据采集可能受限","service":"public-opinion-system","timestamp":"2026-02-12T02:43:13.600Z"}
{"level":"info","message":"数据采集模块初始化完成","service":"public-opinion-system","timestamp":"2026-02-12T02:43:13.600Z"}
{"level":"info","message":"AI分析引擎初始化中...","service":"public-opinion-system","timestamp":"2026-02-12T02:43:13.601Z"}
{"level":"info","message":"初始化Agent: SentimentAgent","service":"public-opinion-system","timestamp":"2026-02-12T02:43:13.601Z"}
{"level":"info","message":"情感分析Agent初始化完成","service":"public-opinion-system","timestamp":"2026-02-12T02:43:13.602Z"}
{"level":"info","message":"Agent sentiment 初始化完成","service":"public-opinion-system","timestamp":"2026-02-12T02:43:13.602Z"}
{"level":"info","message":"初始化Agent: TopicAgent","service":"public-opinion-system","timestamp":"2026-02-12T02:43:13.602Z"}
{"level":"info","message":"Agent topic 初始化完成","service":"public-opinion-system","timestamp":"2026-02-12T02:43:13.603Z"}
{"level":"info","message":"初始化Agent: RiskAssessmentAgent","service":"public-opinion-system","timestamp":"2026-02-12T02:43:13.603Z"}
{"level":"info","message":"Agent risk 初始化完成","service":"public-opinion-system","timestamp":"2026-02-12T02:43:13.603Z"}
{"level":"info","message":"AI分析引擎初始化完成","service":"public-opinion-system","timestamp":"2026-02-12T02:43:13.604Z"}
{"level":"info","message":"初始化Skill集成模块","service":"public-opinion-system","timestamp":"2026-02-12T02:43:13.604Z"}
{"level":"info","message":"注册内置技能","service":"public-opinion-system","timestamp":"2026-02-12T02:43:13.604Z"}
{"level":"info","message":"注册技能: DataCleaningSkill","service":"public-opinion-system","timestamp":"2026-02-12T02:43:13.605Z"}
{"level":"info","message":"技能注册成功: DataCleaningSkill v1.0.0","service":"public-opinion-system","timestamp":"2026-02-12T02:43:13.607Z"}
{"level":"info","message":"加载技能: DataCleaningSkill v1.0.0","service":"public-opinion-system","timestamp":"2026-02-12T02:43:13.608Z"}
{"level":"info","message":"Skill集成模块初始化完成","service":"public-opinion-system","timestamp":"2026-02-12T02:43:13.609Z"}
{"level":"info","message":"系统初始化完成","service":"public-opinion-system","timestamp":"2026-02-12T02:43:13.609Z"}
{"level":"info","message":"开始AI分析任务 c4d29918-e0e7-44ae-b50e-b5eb4ed036d3，数据量: 5，关键词: 华为","service":"public-opinion-system","timestamp":"2026-02-12T02:43:13.620Z"}
{"level":"info","message":"第 1 轮分析开始","service":"public-opinion-system","timestamp":"2026-02-12T02:43:13.621Z"}
{"level":"info","message":"运行Agent: sentiment","service":"public-opinion-system","timestamp":"2026-02-12T02:43:13.621Z"}
{"level":"info","message":"情感分析Agent开始处理 5 条数据","service":"public-opinion-system","timestamp":"2026-02-12T02:43:13.622Z"}
{"level":"info","message":"运行Agent: topic","service":"public-opinion-system","timestamp":"2026-02-12T02:43:13.628Z"}
{"level":"info","message":"主题提取Agent开始处理 5 条数据","service":"public-opinion-system","timestamp":"2026-02-12T02:43:13.629Z"}
{"level":"info","message":"运行Agent: risk","service":"public-opinion-system","timestamp":"2026-02-12T02:43:13.642Z"}
{"level":"info","message":"风险评估Agent开始处理 5 条数据","service":"public-opinion-system","timestamp":"2026-02-12T02:43:13.642Z"}
{"level":"error","message":"Agent topic 执行失败: Cannot read properties of undefined (reading '5g')","service":"public-opinion-system","stack":"TypeError: Cannot read properties of undefined (reading '5g')\n    at G:\\trae\\public-opinion-system\\src\\ai-analysis\\topic-agent.js:96:52\n    at Array.forEach (<anonymous>)\n    at G:\\trae\\public-opinion-system\\src\\ai-analysis\\topic-agent.js:91:30\n    at Array.forEach (<anonymous>)\n    at TopicAgent.extractKeywords (G:\\trae\\public-opinion-system\\src\\ai-analysis\\topic-agent.js:89:11)\n    at TopicAgent.process (G:\\trae\\public-opinion-system\\src\\ai-analysis\\topic-agent.js:29:35)\n    at G:\\trae\\public-opinion-system\\src\\ai-analysis\\analyzer.js:119:41\n    at Array.map (<anonymous>)\n    at AIAnalyzer.performIteration (G:\\trae\\public-opinion-system\\src\\ai-analysis\\analyzer.js:116:55)\n    at AIAnalyzer.analyze (G:\\trae\\public-opinion-system\\src\\ai-analysis\\analyzer.js:47:44)","timestamp":"2026-02-12T02:43:13.643Z"}
{"level":"info","message":"情感分析完成，整体情感得分: 1.60","service":"public-opinion-system","timestamp":"2026-02-12T02:43:13.645Z"}
{"level":"info","message":"风险评估完成，整体风险等级: low, 风险评分: 0.00","service":"public-opinion-system","timestamp":"2026-02-12T02:43:13.646Z"}
{"level":"info","message":"Agent sentiment 完成，置信度: 0.15","service":"public-opinion-system","timestamp":"2026-02-12T02:43:13.647Z"}
{"level":"info","message":"Agent risk 完成，置信度: 0.33","service":"public-opinion-system","timestamp":"2026-02-12T02:43:13.647Z"}
{"level":"info","message":"第 1 轮分析完成，平均置信度: 0.24","service":"public-opinion-system","timestamp":"2026-02-12T02:43:13.648Z"}
{"level":"info","message":"第 1 轮数据质量改进","service":"public-opinion-system","timestamp":"2026-02-12T02:43:13.648Z"}
{"level":"info","message":"数据质量改进完成，保留 5/5 条数据","service":"public-opinion-system","timestamp":"2026-02-12T02:43:13.648Z"}
{"level":"info","message":"第 2 轮分析开始","service":"public-opinion-system","timestamp":"2026-02-12T02:43:13.649Z"}
{"level":"info","message":"运行Agent: sentiment","service":"public-opinion-system","timestamp":"2026-02-12T02:43:13.649Z"}
{"level":"info","message":"情感分析Agent开始处理 5 条数据","service":"public-opinion-system","timestamp":"2026-02-12T02:43:13.649Z"}
{"level":"info","message":"运行Agent: topic","service":"public-opinion-system","timestamp":"2026-02-12T02:43:13.649Z"}
{"level":"info","message":"主题提取Agent开始处理 5 条数据","service":"public-opinion-system","timestamp":"2026-02-12T02:43:13.650Z"}
{"level":"info","message":"运行Agent: risk","service":"public-opinion-system","timestamp":"2026-02-12T02:43:13.650Z"}
{"level":"info","message":"风险评估Agent开始处理 5 条数据","service":"public-opinion-system","timestamp":"2026-02-12T02:43:13.651Z"}
{"level":"error","message":"Agent topic 执行失败: Cannot read properties of undefined (reading '5g')","service":"public-opinion-system","stack":"TypeError: Cannot read properties of undefined (reading '5g')\n    at G:\\trae\\public-opinion-system\\src\\ai-analysis\\topic-agent.js:96:52\n    at Array.forEach (<anonymous>)\n    at G:\\trae\\public-opinion-system\\src\\ai-analysis\\topic-agent.js:91:30\n    at Array.forEach (<anonymous>)\n    at TopicAgent.extractKeywords (G:\\trae\\public-opinion-system\\src\\ai-analysis\\topic-agent.js:89:11)\n    at TopicAgent.process (G:\\trae\\public-opinion-system\\src\\ai-analysis\\topic-agent.js:29:35)\n    at G:\\trae\\public-opinion-system\\src\\ai-analysis\\analyzer.js:119:41\n    at Array.map (<anonymous>)\n    at AIAnalyzer.performIteration (G:\\trae\\public-opinion-system\\src\\ai-analysis\\analyzer.js:116:55)\n    at AIAnalyzer.analyze (G:\\trae\\public-opinion-system\\src\\ai-analysis\\analyzer.js:47:44)","timestamp":"2026-02-12T02:43:13.651Z"}
{"level":"info","message":"情感分析完成，整体情感得分: 1.60","service":"public-opinion-system","timestamp":"2026-02-12T02:43:13.652Z"}
{"level":"info","message":"风险评估完成，整体风险等级: low, 风险评分: 0.00","service":"public-opinion-system","timestamp":"2026-02-12T02:43:13.674Z"}
{"level":"info","message":"Agent sentiment 完成，置信度: 0.15","service":"public-opinion-system","timestamp":"2026-02-12T02:43:13.674Z"}
{"level":"info","message":"Agent risk 完成，置信度: 0.33","service":"public-opinion-system","timestamp":"2026-02-12T02:43:13.674Z"}
{"level":"info","message":"第 2 轮分析完成，平均置信度: 0.24","service":"public-opinion-system","timestamp":"2026-02-12T02:43:13.708Z"}
{"level":"info","message":"第 2 轮数据质量改进","service":"public-opinion-system","timestamp":"2026-02-12T02:43:13.711Z"}
{"level":"info","message":"数据质量改进完成，保留 5/5 条数据","service":"public-opinion-system","timestamp":"2026-02-12T02:43:13.712Z"}
{"level":"info","message":"第 3 轮分析开始","service":"public-opinion-system","timestamp":"2026-02-12T02:43:13.724Z"}
{"level":"info","message":"运行Agent: sentiment","service":"public-opinion-system","timestamp":"2026-02-12T02:43:13.724Z"}
{"level":"info","message":"情感分析Agent开始处理 5 条数据","service":"public-opinion-system","timestamp":"2026-02-12T02:43:13.725Z"}
{"level":"info","message":"运行Agent: topic","service":"public-opinion-system","timestamp":"2026-02-12T02:43:13.725Z"}
{"level":"info","message":"主题提取Agent开始处理 5 条数据","service":"public-opinion-system","timestamp":"2026-02-12T02:43:13.726Z"}
{"level":"info","message":"运行Agent: risk","service":"public-opinion-system","timestamp":"2026-02-12T02:43:13.726Z"}
{"level":"info","message":"风险评估Agent开始处理 5 条数据","service":"public-opinion-system","timestamp":"2026-02-12T02:43:13.726Z"}
{"level":"error","message":"Agent topic 执行失败: Cannot read properties of undefined (reading '5g')","service":"public-opinion-system","stack":"TypeError: Cannot read properties of undefined (reading '5g')\n    at G:\\trae\\public-opinion-system\\src\\ai-analysis\\topic-agent.js:96:52\n    at Array.forEach (<anonymous>)\n    at G:\\trae\\public-opinion-system\\src\\ai-analysis\\topic-agent.js:91:30\n    at Array.forEach (<anonymous>)\n    at TopicAgent.extractKeywords (G:\\trae\\public-opinion-system\\src\\ai-analysis\\topic-agent.js:89:11)\n    at TopicAgent.process (G:\\trae\\public-opinion-system\\src\\ai-analysis\\topic-agent.js:29:35)\n    at G:\\trae\\public-opinion-system\\src\\ai-analysis\\analyzer.js:119:41\n    at Array.map (<anonymous>)\n    at AIAnalyzer.performIteration (G:\\trae\\public-opinion-system\\src\\ai-analysis\\analyzer.js:116:55)\n    at AIAnalyzer.analyze (G:\\trae\\public-opinion-system\\src\\ai-analysis\\analyzer.js:47:44)","timestamp":"2026-02-12T02:43:13.727Z"}
{"level":"info","message":"情感分析完成，整体情感得分: 1.60","service":"public-opinion-system","timestamp":"2026-02-12T02:43:13.728Z"}
{"level":"info","message":"风险评估完成，整体风险等级: low, 风险评分: 0.00","service":"public-opinion-system","timestamp":"2026-02-12T02:43:13.729Z"}
{"level":"info","message":"Agent sentiment 完成，置信度: 0.15","service":"public-opinion-system","timestamp":"2026-02-12T02:43:13.729Z"}
{"level":"info","message":"Agent risk 完成，置信度: 0.33","service":"public-opinion-system","timestamp":"2026-02-12T02:43:13.729Z"}
{"level":"info","message":"第 3 轮分析完成，平均置信度: 0.24","service":"public-opinion-system","timestamp":"2026-02-12T02:43:13.730Z"}
{"level":"info","message":"AI分析任务 c4d29918-e0e7-44ae-b50e-b5eb4ed036d3 完成，共进行 3 轮分析","service":"public-opinion-system","timestamp":"2026-02-12T02:43:13.730Z"}
{"level":"info","message":"数据库连接已关闭","service":"public-opinion-system","timestamp":"2026-02-12T02:43:13.798Z"}
{"level":"info","message":"舆情研判系统已停止","service":"public-opinion-system","timestamp":"2026-02-12T02:43:13.798Z"}
{"level":"info","message":"正在初始化舆情研判系统...","service":"public-opinion-system","timestamp":"2026-02-12T02:46:06.225Z"}
{"level":"info","message":"正在初始化数据库...","service":"public-opinion-system","timestamp":"2026-02-12T02:46:06.227Z"}
{"level":"info","message":"数据库加载成功","service":"public-opinion-system","timestamp":"2026-02-12T02:46:06.232Z"}
{"level":"info","message":"数据库初始化完成","service":"public-opinion-system","timestamp":"2026-02-12T02:46:06.233Z"}
{"level":"info","message":"数据采集模块初始化中...","service":"public-opinion-system","timestamp":"2026-02-12T02:46:06.233Z"}
{"level":"warn","message":"未配置WEIBO_COOKIE，微博数据采集可能受限","service":"public-opinion-system","timestamp":"2026-02-12T02:46:06.234Z"}
{"level":"info","message":"数据采集模块初始化完成","service":"public-opinion-system","timestamp":"2026-02-12T02:46:06.234Z"}
{"level":"info","message":"AI分析引擎初始化中...","service":"public-opinion-system","timestamp":"2026-02-12T02:46:06.235Z"}
{"level":"info","message":"初始化Agent: SentimentAgent","service":"public-opinion-system","timestamp":"2026-02-12T02:46:06.235Z"}
{"level":"info","message":"情感分析Agent初始化完成","service":"public-opinion-system","timestamp":"2026-02-12T02:46:06.236Z"}
{"level":"info","message":"Agent sentiment 初始化完成","service":"public-opinion-system","timestamp":"2026-02-12T02:46:06.236Z"}
{"level":"info","message":"初始化Agent: TopicAgent","service":"public-opinion-system","timestamp":"2026-02-12T02:46:06.236Z"}
{"level":"info","message":"Agent topic 初始化完成","service":"public-opinion-system","timestamp":"2026-02-12T02:46:06.237Z"}
{"level":"info","message":"初始化Agent: RiskAssessmentAgent","service":"public-opinion-system","timestamp":"2026-02-12T02:46:06.237Z"}
{"level":"info","message":"Agent risk 初始化完成","service":"public-opinion-system","timestamp":"2026-02-12T02:46:06.237Z"}
{"level":"info","message":"AI分析引擎初始化完成","service":"public-opinion-system","timestamp":"2026-02-12T02:46:06.238Z"}
{"level":"info","message":"初始化Skill集成模块","service":"public-opinion-system","timestamp":"2026-02-12T02:46:06.238Z"}
{"level":"info","message":"注册内置技能","service":"public-opinion-system","timestamp":"2026-02-12T02:46:06.238Z"}
{"level":"info","message":"注册技能: DataCleaningSkill","service":"public-opinion-system","timestamp":"2026-02-12T02:46:06.239Z"}
{"level":"info","message":"技能注册成功: DataCleaningSkill v1.0.0","service":"public-opinion-system","timestamp":"2026-02-12T02:46:06.241Z"}
{"level":"info","message":"加载技能: DataCleaningSkill v1.0.0","service":"public-opinion-system","timestamp":"2026-02-12T02:46:06.255Z"}
{"level":"info","message":"Skill集成模块初始化完成","service":"public-opinion-system","timestamp":"2026-02-12T02:46:06.255Z"}
{"level":"info","message":"系统初始化完成","service":"public-opinion-system","timestamp":"2026-02-12T02:46:06.256Z"}
{"level":"info","message":"开始AI分析任务 374a2a1e-069b-45f0-aded-f27130d22b55，数据量: 5，关键词: 华为","service":"public-opinion-system","timestamp":"2026-02-12T02:46:06.257Z"}
{"level":"info","message":"第 1 轮分析开始","service":"public-opinion-system","timestamp":"2026-02-12T02:46:06.257Z"}
{"level":"info","message":"运行Agent: sentiment","service":"public-opinion-system","timestamp":"2026-02-12T02:46:06.258Z"}
{"level":"info","message":"情感分析Agent开始处理 5 条数据","service":"public-opinion-system","timestamp":"2026-02-12T02:46:06.258Z"}
{"level":"info","message":"运行Agent: topic","service":"public-opinion-system","timestamp":"2026-02-12T02:46:06.259Z"}
{"level":"info","message":"主题提取Agent开始处理 5 条数据","service":"public-opinion-system","timestamp":"2026-02-12T02:46:06.259Z"}
{"level":"info","message":"运行Agent: risk","service":"public-opinion-system","timestamp":"2026-02-12T02:46:06.261Z"}
{"level":"info","message":"风险评估Agent开始处理 5 条数据","service":"public-opinion-system","timestamp":"2026-02-12T02:46:06.261Z"}
{"level":"info","message":"主题提取完成，发现 0 个热门话题，1 个关键词","service":"public-opinion-system","timestamp":"2026-02-12T02:46:06.262Z"}
{"level":"info","message":"情感分析完成，整体情感得分: 1.60","service":"public-opinion-system","timestamp":"2026-02-12T02:46:06.263Z"}
{"level":"info","message":"Agent topic 完成，置信度: 0.60","service":"public-opinion-system","timestamp":"2026-02-12T02:46:06.263Z"}
{"level":"info","message":"风险评估完成，整体风险等级: low, 风险评分: 0.00","service":"public-opinion-system","timestamp":"2026-02-12T02:46:06.264Z"}
{"level":"info","message":"Agent sentiment 完成，置信度: 0.15","service":"public-opinion-system","timestamp":"2026-02-12T02:46:06.264Z"}
{"level":"info","message":"Agent risk 完成，置信度: 0.33","service":"public-opinion-system","timestamp":"2026-02-12T02:46:06.264Z"}
{"level":"info","message":"第 1 轮分析完成，平均置信度: 0.36","service":"public-opinion-system","timestamp":"2026-02-12T02:46:06.265Z"}
{"level":"info","message":"第 1 轮数据质量改进","service":"public-opinion-system","timestamp":"2026-02-12T02:46:06.265Z"}
{"level":"info","message":"数据质量改进完成，保留 5/5 条数据","service":"public-opinion-system","timestamp":"2026-02-12T02:46:06.265Z"}
{"level":"info","message":"第 2 轮分析开始","service":"public-opinion-system","timestamp":"2026-02-12T02:46:06.266Z"}
{"level":"info","message":"运行Agent: sentiment","service":"public-opinion-system","timestamp":"2026-02-12T02:46:06.266Z"}
{"level":"info","message":"情感分析Agent开始处理 5 条数据","service":"public-opinion-system","timestamp":"2026-02-12T02:46:06.266Z"}
{"level":"info","message":"运行Agent: topic","service":"public-opinion-system","timestamp":"2026-02-12T02:46:06.266Z"}
{"level":"info","message":"主题提取Agent开始处理 5 条数据","service":"public-opinion-system","timestamp":"2026-02-12T02:46:06.268Z"}
{"level":"info","message":"运行Agent: risk","service":"public-opinion-system","timestamp":"2026-02-12T02:46:06.269Z"}
{"level":"info","message":"风险评估Agent开始处理 5 条数据","service":"public-opinion-system","timestamp":"2026-02-12T02:46:06.269Z"}
{"level":"info","message":"主题提取完成，发现 0 个热门话题，1 个关键词","service":"public-opinion-system","timestamp":"2026-02-12T02:46:06.270Z"}
{"level":"info","message":"情感分析完成，整体情感得分: 1.60","service":"public-opinion-system","timestamp":"2026-02-12T02:46:06.271Z"}
{"level":"info","message":"Agent topic 完成，置信度: 0.60","service":"public-opinion-system","timestamp":"2026-02-12T02:46:06.271Z"}
{"level":"info","message":"风险评估完成，整体风险等级: low, 风险评分: 0.00","service":"public-opinion-system","timestamp":"2026-02-12T02:46:06.271Z"}
{"level":"info","message":"Agent sentiment 完成，置信度: 0.15","service":"public-opinion-system","timestamp":"2026-02-12T02:46:06.271Z"}
{"level":"info","message":"Agent risk 完成，置信度: 0.33","service":"public-opinion-system","timestamp":"2026-02-12T02:46:06.272Z"}
{"level":"info","message":"第 2 轮分析完成，平均置信度: 0.36","service":"public-opinion-system","timestamp":"2026-02-12T02:46:06.272Z"}
{"level":"info","message":"第 2 轮数据质量改进","service":"public-opinion-system","timestamp":"2026-02-12T02:46:06.272Z"}
{"level":"info","message":"数据质量改进完成，保留 5/5 条数据","service":"public-opinion-system","timestamp":"2026-02-12T02:46:06.272Z"}
{"level":"info","message":"第 3 轮分析开始","service":"public-opinion-system","timestamp":"2026-02-12T02:46:06.272Z"}
{"level":"info","message":"运行Agent: sentiment","service":"public-opinion-system","timestamp":"2026-02-12T02:46:06.273Z"}
{"level":"info","message":"情感分析Agent开始处理 5 条数据","service":"public-opinion-system","timestamp":"2026-02-12T02:46:06.273Z"}
{"level":"info","message":"运行Agent: topic","service":"public-opinion-system","timestamp":"2026-02-12T02:46:06.273Z"}
{"level":"info","message":"主题提取Agent开始处理 5 条数据","service":"public-opinion-system","timestamp":"2026-02-12T02:46:06.282Z"}
{"level":"info","message":"运行Agent: risk","service":"public-opinion-system","timestamp":"2026-02-12T02:46:06.282Z"}
{"level":"info","message":"风险评估Agent开始处理 5 条数据","service":"public-opinion-system","timestamp":"2026-02-12T02:46:06.283Z"}
{"level":"info","message":"主题提取完成，发现 0 个热门话题，1 个关键词","service":"public-opinion-system","timestamp":"2026-02-12T02:46:06.283Z"}
{"level":"info","message":"情感分析完成，整体情感得分: 1.60","service":"public-opinion-system","timestamp":"2026-02-12T02:46:06.283Z"}
{"level":"info","message":"Agent topic 完成，置信度: 0.60","service":"public-opinion-system","timestamp":"2026-02-12T02:46:06.284Z"}
{"level":"info","message":"风险评估完成，整体风险等级: low, 风险评分: 0.00","service":"public-opinion-system","timestamp":"2026-02-12T02:46:06.284Z"}
{"level":"info","message":"Agent sentiment 完成，置信度: 0.15","service":"public-opinion-system","timestamp":"2026-02-12T02:46:06.285Z"}
{"level":"info","message":"Agent risk 完成，置信度: 0.33","service":"public-opinion-system","timestamp":"2026-02-12T02:46:06.285Z"}
{"level":"info","message":"第 3 轮分析完成，平均置信度: 0.36","service":"public-opinion-system","timestamp":"2026-02-12T02:46:06.286Z"}
{"level":"info","message":"AI分析任务 374a2a1e-069b-45f0-aded-f27130d22b55 完成，共进行 3 轮分析","service":"public-opinion-system","timestamp":"2026-02-12T02:46:06.286Z"}
{"level":"info","message":"数据库连接已关闭","service":"public-opinion-system","timestamp":"2026-02-12T02:46:06.294Z"}
{"level":"info","message":"舆情研判系统已停止","service":"public-opinion-system","timestamp":"2026-02-12T02:46:06.294Z"}
{"level":"info","message":"正在初始化舆情研判系统...","service":"public-opinion-system","timestamp":"2026-02-12T03:22:25.321Z"}
{"level":"info","message":"正在初始化数据库...","service":"public-opinion-system","timestamp":"2026-02-12T03:22:25.323Z"}
{"level":"info","message":"数据库加载成功","service":"public-opinion-system","timestamp":"2026-02-12T03:22:25.328Z"}
{"level":"info","message":"数据库初始化完成","service":"public-opinion-system","timestamp":"2026-02-12T03:22:25.329Z"}
{"level":"info","message":"数据采集模块初始化中...","service":"public-opinion-system","timestamp":"2026-02-12T03:22:25.329Z"}
{"level":"warn","message":"未配置WEIBO_COOKIE，微博数据采集可能受限","service":"public-opinion-system","timestamp":"2026-02-12T03:22:25.330Z"}
{"level":"info","message":"数据采集模块初始化完成","service":"public-opinion-system","timestamp":"2026-02-12T03:22:25.330Z"}
{"level":"info","message":"AI分析引擎初始化中...","service":"public-opinion-system","timestamp":"2026-02-12T03:22:25.331Z"}
{"level":"info","message":"初始化Agent: SentimentAgent","service":"public-opinion-system","timestamp":"2026-02-12T03:22:25.336Z"}
{"level":"info","message":"情感分析Agent初始化完成","service":"public-opinion-system","timestamp":"2026-02-12T03:22:25.337Z"}
{"level":"info","message":"Agent sentiment 初始化完成","service":"public-opinion-system","timestamp":"2026-02-12T03:22:25.337Z"}
{"level":"info","message":"初始化Agent: TopicAgent","service":"public-opinion-system","timestamp":"2026-02-12T03:22:25.338Z"}
{"level":"info","message":"Agent topic 初始化完成","service":"public-opinion-system","timestamp":"2026-02-12T03:22:25.338Z"}
{"level":"info","message":"初始化Agent: RiskAssessmentAgent","service":"public-opinion-system","timestamp":"2026-02-12T03:22:25.339Z"}
{"level":"info","message":"Agent risk 初始化完成","service":"public-opinion-system","timestamp":"2026-02-12T03:22:25.339Z"}
{"level":"info","message":"AI分析引擎初始化完成","service":"public-opinion-system","timestamp":"2026-02-12T03:22:25.339Z"}
{"level":"info","message":"初始化Skill集成模块","service":"public-opinion-system","timestamp":"2026-02-12T03:22:25.340Z"}
{"level":"info","message":"注册内置技能","service":"public-opinion-system","timestamp":"2026-02-12T03:22:25.340Z"}
{"level":"info","message":"注册技能: DataCleaningSkill","service":"public-opinion-system","timestamp":"2026-02-12T03:22:25.340Z"}
{"level":"info","message":"技能注册成功: DataCleaningSkill v1.0.0","service":"public-opinion-system","timestamp":"2026-02-12T03:22:25.342Z"}
{"level":"info","message":"加载技能: DataCleaningSkill v1.0.0","service":"public-opinion-system","timestamp":"2026-02-12T03:22:25.356Z"}
{"level":"info","message":"Skill集成模块初始化完成","service":"public-opinion-system","timestamp":"2026-02-12T03:22:25.357Z"}
{"level":"info","message":"系统初始化完成","service":"public-opinion-system","timestamp":"2026-02-12T03:22:25.358Z"}
{"level":"info","message":"正在初始化舆情研判系统...","service":"public-opinion-system","timestamp":"2026-02-12T03:22:25.362Z"}
{"level":"info","message":"正在初始化数据库...","service":"public-opinion-system","timestamp":"2026-02-12T03:22:25.364Z"}
{"level":"info","message":"数据库加载成功","service":"public-opinion-system","timestamp":"2026-02-12T03:22:25.366Z"}
{"level":"info","message":"数据库初始化完成","service":"public-opinion-system","timestamp":"2026-02-12T03:22:25.367Z"}
{"level":"info","message":"数据采集模块初始化中...","service":"public-opinion-system","timestamp":"2026-02-12T03:22:25.367Z"}
{"level":"warn","message":"未配置WEIBO_COOKIE，微博数据采集可能受限","service":"public-opinion-system","timestamp":"2026-02-12T03:22:25.367Z"}
{"level":"info","message":"数据采集模块初始化完成","service":"public-opinion-system","timestamp":"2026-02-12T03:22:25.368Z"}
{"level":"info","message":"AI分析引擎初始化中...","service":"public-opinion-system","timestamp":"2026-02-12T03:22:25.368Z"}
{"level":"info","message":"初始化Agent: SentimentAgent","service":"public-opinion-system","timestamp":"2026-02-12T03:22:25.368Z"}
{"level":"info","message":"情感分析Agent初始化完成","service":"public-opinion-system","timestamp":"2026-02-12T03:22:25.368Z"}
{"level":"info","message":"Agent sentiment 初始化完成","service":"public-opinion-system","timestamp":"2026-02-12T03:22:25.369Z"}
{"level":"info","message":"初始化Agent: TopicAgent","service":"public-opinion-system","timestamp":"2026-02-12T03:22:25.369Z"}
{"level":"info","message":"Agent topic 初始化完成","service":"public-opinion-system","timestamp":"2026-02-12T03:22:25.369Z"}
{"level":"info","message":"初始化Agent: RiskAssessmentAgent","service":"public-opinion-system","timestamp":"2026-02-12T03:22:25.369Z"}
{"level":"info","message":"Agent risk 初始化完成","service":"public-opinion-system","timestamp":"2026-02-12T03:22:25.369Z"}
{"level":"info","message":"AI分析引擎初始化完成","service":"public-opinion-system","timestamp":"2026-02-12T03:22:25.370Z"}
{"level":"info","message":"初始化Skill集成模块","service":"public-opinion-system","timestamp":"2026-02-12T03:22:25.370Z"}
{"level":"info","message":"注册内置技能","service":"public-opinion-system","timestamp":"2026-02-12T03:22:25.370Z"}
{"level":"info","message":"注册技能: DataCleaningSkill","service":"public-opinion-system","timestamp":"2026-02-12T03:22:25.371Z"}
{"level":"info","message":"技能注册成功: DataCleaningSkill v1.0.0","service":"public-opinion-system","timestamp":"2026-02-12T03:22:25.372Z"}
{"level":"info","message":"加载技能: DataCleaningSkill v1.0.0","service":"public-opinion-system","timestamp":"2026-02-12T03:22:25.373Z"}
{"level":"info","message":"Skill集成模块初始化完成","service":"public-opinion-system","timestamp":"2026-02-12T03:22:25.373Z"}
{"level":"info","message":"系统初始化完成","service":"public-opinion-system","timestamp":"2026-02-12T03:22:25.373Z"}
{"level":"info","message":"正在初始化舆情研判系统...","service":"public-opinion-system","timestamp":"2026-02-12T03:25:55.347Z"}
{"level":"info","message":"正在初始化数据库...","service":"public-opinion-system","timestamp":"2026-02-12T03:25:55.350Z"}
{"level":"info","message":"数据库加载成功","service":"public-opinion-system","timestamp":"2026-02-12T03:25:55.354Z"}
{"level":"info","message":"数据库初始化完成","service":"public-opinion-system","timestamp":"2026-02-12T03:25:55.355Z"}
{"level":"info","message":"数据采集模块初始化中...","service":"public-opinion-system","timestamp":"2026-02-12T03:25:55.356Z"}
{"level":"warn","message":"未配置WEIBO_COOKIE，微博数据采集可能受限","service":"public-opinion-system","timestamp":"2026-02-12T03:25:55.356Z"}
{"level":"info","message":"数据采集模块初始化完成","service":"public-opinion-system","timestamp":"2026-02-12T03:25:55.357Z"}
{"level":"info","message":"AI分析引擎初始化中...","service":"public-opinion-system","timestamp":"2026-02-12T03:25:55.358Z"}
{"level":"info","message":"初始化Agent: SentimentAgent","service":"public-opinion-system","timestamp":"2026-02-12T03:25:55.358Z"}
{"level":"info","message":"情感分析Agent初始化完成","service":"public-opinion-system","timestamp":"2026-02-12T03:25:55.359Z"}
{"level":"info","message":"Agent sentiment 初始化完成","service":"public-opinion-system","timestamp":"2026-02-12T03:25:55.359Z"}
{"level":"info","message":"初始化Agent: TopicAgent","service":"public-opinion-system","timestamp":"2026-02-12T03:25:55.360Z"}
{"level":"info","message":"Agent topic 初始化完成","service":"public-opinion-system","timestamp":"2026-02-12T03:25:55.360Z"}
{"level":"info","message":"初始化Agent: RiskAssessmentAgent","service":"public-opinion-system","timestamp":"2026-02-12T03:25:55.360Z"}
{"level":"info","message":"Agent risk 初始化完成","service":"public-opinion-system","timestamp":"2026-02-12T03:25:55.361Z"}
{"level":"info","message":"AI分析引擎初始化完成","service":"public-opinion-system","timestamp":"2026-02-12T03:25:55.361Z"}
{"level":"info","message":"初始化Skill集成模块","service":"public-opinion-system","timestamp":"2026-02-12T03:25:55.362Z"}
{"level":"info","message":"注册内置技能","service":"public-opinion-system","timestamp":"2026-02-12T03:25:55.362Z"}
{"level":"info","message":"注册技能: DataCleaningSkill","service":"public-opinion-system","timestamp":"2026-02-12T03:25:55.363Z"}
{"level":"info","message":"技能注册成功: DataCleaningSkill v1.0.0","service":"public-opinion-system","timestamp":"2026-02-12T03:25:55.365Z"}
{"level":"info","message":"加载技能: DataCleaningSkill v1.0.0","service":"public-opinion-system","timestamp":"2026-02-12T03:25:55.367Z"}
{"level":"info","message":"Skill集成模块初始化完成","service":"public-opinion-system","timestamp":"2026-02-12T03:25:55.367Z"}
{"level":"info","message":"系统初始化完成","service":"public-opinion-system","timestamp":"2026-02-12T03:25:55.368Z"}
{"level":"info","message":"开始舆情分析任务，关键词: 长征十号甲火箭, 一箭双验, 网系回收","service":"public-opinion-system","timestamp":"2026-02-12T03:25:55.373Z"}
{"level":"info","message":"开始数据采集...","service":"public-opinion-system","timestamp":"2026-02-12T03:25:55.373Z"}
{"level":"info","message":"开始数据采集任务 6d378e74-e408-4e82-8f96-472c6a5190e8，关键词: 长征十号甲火箭, 一箭双验, 网系回收","service":"public-opinion-system","timestamp":"2026-02-12T03:25:55.374Z"}
{"level":"info","message":"开始从 weibo 采集数据...","service":"public-opinion-system","timestamp":"2026-02-12T03:25:55.374Z"}
{"level":"info","message":"从 weibo 采集到 0 条数据","service":"public-opinion-system","timestamp":"2026-02-12T03:26:02.919Z"}
{"level":"info","message":"数据采集任务 6d378e74-e408-4e82-8f96-472c6a5190e8 完成，共采集 0 条有效数据","service":"public-opinion-system","timestamp":"2026-02-12T03:26:02.920Z"}
{"level":"info","message":"数据采集完成，共采集 0 条数据","service":"public-opinion-system","timestamp":"2026-02-12T03:26:02.920Z"}
{"level":"info","message":"使用技能增强数据质量...","service":"public-opinion-system","timestamp":"2026-02-12T03:26:02.921Z"}
{"level":"info","message":"使用技能增强数据采集","service":"public-opinion-system","timestamp":"2026-02-12T03:26:02.921Z"}
{"level":"info","message":"执行技能: DataCleaningSkill","service":"public-opinion-system","timestamp":"2026-02-12T03:26:02.921Z"}
{"level":"info","message":"执行技能: DataCleaningSkill","service":"public-opinion-system","timestamp":"2026-02-12T03:26:02.922Z"}
{"level":"error","message":"技能执行失败: DataCleaningSkill Cannot read properties of undefined (reading 'push')","service":"public-opinion-system","stack":"TypeError: Cannot read properties of undefined (reading 'push')\n    at SkillManager.recordSkillPerformance (G:\\trae\\public-opinion-system\\src\\services\\skill-manager.js:106:23)\n    at SkillManager.executeSkill (G:\\trae\\public-opinion-system\\src\\services\\skill-manager.js:96:12)\n    at SkillIntegration.executeSkill (G:\\trae\\public-opinion-system\\src\\services\\skill-integration.js:65:46)\n    at SkillIntegration.enhanceDataCollection (G:\\trae\\public-opinion-system\\src\\services\\skill-integration.js:137:43)\n    at PublicOpinionSystem.start (G:\\trae\\public-opinion-system\\src\\index.js:47:62)\n    at async CLI.handleAnalyze (G:\\trae\\public-opinion-system\\src\\cli\\index.js:160:22)\n    at async Command.<anonymous> (G:\\trae\\public-opinion-system\\src\\cli\\index.js:36:9)\n    at async Command.parseAsync (G:\\trae\\public-opinion-system\\node_modules\\commander\\lib\\command.js:936:5)\n    at async CLI.run (G:\\trae\\public-opinion-system\\src\\cli\\index.js:78:7)","timestamp":"2026-02-12T03:26:02.923Z"}
{"level":"error","message":"数据增强失败 Cannot read properties of undefined (reading 'push')","service":"public-opinion-system","stack":"TypeError: Cannot read properties of undefined (reading 'push')\n    at SkillManager.recordSkillPerformance (G:\\trae\\public-opinion-system\\src\\services\\skill-manager.js:106:23)\n    at SkillManager.executeSkill (G:\\trae\\public-opinion-system\\src\\services\\skill-manager.js:96:12)\n    at SkillIntegration.executeSkill (G:\\trae\\public-opinion-system\\src\\services\\skill-integration.js:65:46)\n    at SkillIntegration.enhanceDataCollection (G:\\trae\\public-opinion-system\\src\\services\\skill-integration.js:137:43)\n    at PublicOpinionSystem.start (G:\\trae\\public-opinion-system\\src\\index.js:47:62)\n    at async CLI.handleAnalyze (G:\\trae\\public-opinion-system\\src\\cli\\index.js:160:22)\n    at async Command.<anonymous> (G:\\trae\\public-opinion-system\\src\\cli\\index.js:36:9)\n    at async Command.parseAsync (G:\\trae\\public-opinion-system\\node_modules\\commander\\lib\\command.js:936:5)\n    at async CLI.run (G:\\trae\\public-opinion-system\\src\\cli\\index.js:78:7)","timestamp":"2026-02-12T03:26:02.924Z"}
{"level":"info","message":"数据增强完成，处理 0 条数据","service":"public-opinion-system","timestamp":"2026-02-12T03:26:02.925Z"}
{"level":"info","message":"成功保存 0 条原始数据","service":"public-opinion-system","timestamp":"2026-02-12T03:26:02.927Z"}
{"level":"info","message":"开始AI分析...","service":"public-opinion-system","timestamp":"2026-02-12T03:26:02.927Z"}
{"level":"info","message":"开始AI分析任务 e3fbfc1d-e20d-4b41-b7fb-27d362756038，数据量: 0，关键词: 长征十号甲火箭, 一箭双验, 网系回收","service":"public-opinion-system","timestamp":"2026-02-12T03:26:02.928Z"}
{"level":"info","message":"第 1 轮分析开始","service":"public-opinion-system","timestamp":"2026-02-12T03:26:02.928Z"}
{"level":"info","message":"运行Agent: sentiment","service":"public-opinion-system","timestamp":"2026-02-12T03:26:02.929Z"}
{"level":"info","message":"情感分析Agent开始处理 0 条数据","service":"public-opinion-system","timestamp":"2026-02-12T03:26:02.929Z"}
{"level":"info","message":"情感分析完成，整体情感得分: 0.00","service":"public-opinion-system","timestamp":"2026-02-12T03:26:02.930Z"}
{"level":"info","message":"运行Agent: topic","service":"public-opinion-system","timestamp":"2026-02-12T03:26:02.930Z"}
{"level":"info","message":"主题提取Agent开始处理 0 条数据","service":"public-opinion-system","timestamp":"2026-02-12T03:26:02.930Z"}
{"level":"info","message":"运行Agent: risk","service":"public-opinion-system","timestamp":"2026-02-12T03:26:02.931Z"}
{"level":"info","message":"风险评估Agent开始处理 0 条数据","service":"public-opinion-system","timestamp":"2026-02-12T03:26:02.931Z"}
{"level":"info","message":"风险评估完成，整体风险等级: low, 风险评分: 0.00","service":"public-opinion-system","timestamp":"2026-02-12T03:26:02.932Z"}
{"level":"info","message":"Agent sentiment 完成，置信度: 0.00","service":"public-opinion-system","timestamp":"2026-02-12T03:26:02.932Z"}
{"level":"info","message":"Agent risk 完成，置信度: 0.00","service":"public-opinion-system","timestamp":"2026-02-12T03:26:02.933Z"}
{"level":"info","message":"主题提取完成，发现 0 个热门话题，0 个关键词","service":"public-opinion-system","timestamp":"2026-02-12T03:26:02.933Z"}
{"level":"info","message":"Agent topic 完成，置信度: 0.00","service":"public-opinion-system","timestamp":"2026-02-12T03:26:02.934Z"}
{"level":"info","message":"第 1 轮分析完成，平均置信度: 0.00","service":"public-opinion-system","timestamp":"2026-02-12T03:26:02.934Z"}
{"level":"info","message":"第 1 轮数据质量改进","service":"public-opinion-system","timestamp":"2026-02-12T03:26:02.935Z"}
{"level":"info","message":"数据质量改进完成，保留 0/0 条数据","service":"public-opinion-system","timestamp":"2026-02-12T03:26:02.935Z"}
{"level":"info","message":"第 2 轮分析开始","service":"public-opinion-system","timestamp":"2026-02-12T03:26:02.935Z"}
{"level":"info","message":"运行Agent: sentiment","service":"public-opinion-system","timestamp":"2026-02-12T03:26:02.936Z"}
{"level":"info","message":"情感分析Agent开始处理 0 条数据","service":"public-opinion-system","timestamp":"2026-02-12T03:26:02.936Z"}
{"level":"info","message":"情感分析完成，整体情感得分: 0.00","service":"public-opinion-system","timestamp":"2026-02-12T03:26:02.936Z"}
{"level":"info","message":"运行Agent: topic","service":"public-opinion-system","timestamp":"2026-02-12T03:26:02.936Z"}
{"level":"info","message":"主题提取Agent开始处理 0 条数据","service":"public-opinion-system","timestamp":"2026-02-12T03:26:02.937Z"}
{"level":"info","message":"运行Agent: risk","service":"public-opinion-system","timestamp":"2026-02-12T03:26:02.937Z"}
{"level":"info","message":"风险评估Agent开始处理 0 条数据","service":"public-opinion-system","timestamp":"2026-02-12T03:26:02.937Z"}
{"level":"info","message":"风险评估完成，整体风险等级: low, 风险评分: 0.00","service":"public-opinion-system","timestamp":"2026-02-12T03:26:02.937Z"}
{"level":"info","message":"Agent sentiment 完成，置信度: 0.00","service":"public-opinion-system","timestamp":"2026-02-12T03:26:02.938Z"}
{"level":"info","message":"Agent risk 完成，置信度: 0.00","service":"public-opinion-system","timestamp":"2026-02-12T03:26:02.938Z"}
{"level":"info","message":"主题提取完成，发现 0 个热门话题，0 个关键词","service":"public-opinion-system","timestamp":"2026-02-12T03:26:02.939Z"}
{"level":"info","message":"Agent topic 完成，置信度: 0.00","service":"public-opinion-system","timestamp":"2026-02-12T03:26:02.939Z"}
{"level":"info","message":"第 2 轮分析完成，平均置信度: 0.00","service":"public-opinion-system","timestamp":"2026-02-12T03:26:02.939Z"}
{"level":"info","message":"第 2 轮数据质量改进","service":"public-opinion-system","timestamp":"2026-02-12T03:26:02.940Z"}
{"level":"info","message":"数据质量改进完成，保留 0/0 条数据","service":"public-opinion-system","timestamp":"2026-02-12T03:26:02.941Z"}
{"level":"info","message":"第 3 轮分析开始","service":"public-opinion-system","timestamp":"2026-02-12T03:26:02.941Z"}
{"level":"info","message":"运行Agent: sentiment","service":"public-opinion-system","timestamp":"2026-02-12T03:26:02.943Z"}
{"level":"info","message":"情感分析Agent开始处理 0 条数据","service":"public-opinion-system","timestamp":"2026-02-12T03:26:02.944Z"}
{"level":"info","message":"情感分析完成，整体情感得分: 0.00","service":"public-opinion-system","timestamp":"2026-02-12T03:26:02.944Z"}
{"level":"info","message":"运行Agent: topic","service":"public-opinion-system","timestamp":"2026-02-12T03:26:02.944Z"}
{"level":"info","message":"主题提取Agent开始处理 0 条数据","service":"public-opinion-system","timestamp":"2026-02-12T03:26:02.945Z"}
{"level":"info","message":"运行Agent: risk","service":"public-opinion-system","timestamp":"2026-02-12T03:26:02.945Z"}
{"level":"info","message":"风险评估Agent开始处理 0 条数据","service":"public-opinion-system","timestamp":"2026-02-12T03:26:02.945Z"}
{"level":"info","message":"风险评估完成，整体风险等级: low, 风险评分: 0.00","service":"public-opinion-system","timestamp":"2026-02-12T03:26:02.945Z"}
{"level":"info","message":"Agent sentiment 完成，置信度: 0.00","service":"public-opinion-system","timestamp":"2026-02-12T03:26:02.946Z"}
{"level":"info","message":"Agent risk 完成，置信度: 0.00","service":"public-opinion-system","timestamp":"2026-02-12T03:26:02.946Z"}
{"level":"info","message":"主题提取完成，发现 0 个热门话题，0 个关键词","service":"public-opinion-system","timestamp":"2026-02-12T03:26:02.946Z"}
{"level":"info","message":"Agent topic 完成，置信度: 0.00","service":"public-opinion-system","timestamp":"2026-02-12T03:26:02.946Z"}
{"level":"info","message":"第 3 轮分析完成，平均置信度: 0.00","service":"public-opinion-system","timestamp":"2026-02-12T03:26:02.947Z"}
{"level":"info","message":"运行Agent: sentiment","service":"public-opinion-system","timestamp":"2026-02-12T03:26:02.947Z"}
{"level":"info","message":"情感分析Agent开始处理 0 条数据","service":"public-opinion-system","timestamp":"2026-02-12T03:26:02.949Z"}
{"level":"info","message":"情感分析完成，整体情感得分: 0.00","service":"public-opinion-system","timestamp":"2026-02-12T03:26:02.949Z"}
{"level":"info","message":"运行Agent: topic","service":"public-opinion-system","timestamp":"2026-02-12T03:26:02.949Z"}
{"level":"info","message":"主题提取Agent开始处理 0 条数据","service":"public-opinion-system","timestamp":"2026-02-12T03:26:02.949Z"}
{"level":"info","message":"运行Agent: risk","service":"public-opinion-system","timestamp":"2026-02-12T03:26:02.950Z"}
{"level":"info","message":"风险评估Agent开始处理 0 条数据","service":"public-opinion-system","timestamp":"2026-02-12T03:26:02.950Z"}
{"level":"info","message":"风险评估完成，整体风险等级: low, 风险评分: 0.00","service":"public-opinion-system","timestamp":"2026-02-12T03:26:02.950Z"}
{"level":"info","message":"Agent sentiment 完成，置信度: 0.00","service":"public-opinion-system","timestamp":"2026-02-12T03:26:02.950Z"}
{"level":"info","message":"Agent risk 完成，置信度: 0.00","service":"public-opinion-system","timestamp":"2026-02-12T03:26:02.951Z"}
{"level":"info","message":"主题提取完成，发现 0 个热门话题，0 个关键词","service":"public-opinion-system","timestamp":"2026-02-12T03:26:02.951Z"}
{"level":"info","message":"Agent topic 完成，置信度: 0.00","service":"public-opinion-system","timestamp":"2026-02-12T03:26:02.952Z"}
{"level":"info","message":"AI分析任务 e3fbfc1d-e20d-4b41-b7fb-27d362756038 完成，共进行 3 轮分析","service":"public-opinion-system","timestamp":"2026-02-12T03:26:02.952Z"}
{"level":"info","message":"验证分析结果...","service":"public-opinion-system","timestamp":"2026-02-12T03:26:02.953Z"}
{"level":"info","message":"开始验证分析结果","service":"public-opinion-system","timestamp":"2026-02-12T03:26:02.953Z"}
{"level":"error","message":"验证规则 sentiment 执行失败: Cannot read properties of undefined (reading 'sentiment')","service":"public-opinion-system","stack":"TypeError: Cannot read properties of undefined (reading 'sentiment')\n    at ValidationEngine.validateSentimentResults (G:\\trae\\public-opinion-system\\src\\ai-analysis\\validation-engine.js:80:50)\n    at ValidationEngine.validateResults (G:\\trae\\public-opinion-system\\src\\ai-analysis\\validation-engine.js:38:34)\n    at PublicOpinionSystem.start (G:\\trae\\public-opinion-system\\src\\index.js:60:53)\n    at async CLI.handleAnalyze (G:\\trae\\public-opinion-system\\src\\cli\\index.js:160:22)\n    at async Command.<anonymous> (G:\\trae\\public-opinion-system\\src\\cli\\index.js:36:9)\n    at async Command.parseAsync (G:\\trae\\public-opinion-system\\node_modules\\commander\\lib\\command.js:936:5)\n    at async CLI.run (G:\\trae\\public-opinion-system\\src\\cli\\index.js:78:7)","timestamp":"2026-02-12T03:26:02.954Z"}
{"level":"error","message":"验证规则 topic 执行失败: Cannot read properties of undefined (reading 'topic')","service":"public-opinion-system","stack":"TypeError: Cannot read properties of undefined (reading 'topic')\n    at ValidationEngine.validateTopicResults (G:\\trae\\public-opinion-system\\src\\ai-analysis\\validation-engine.js:153:46)\n    at ValidationEngine.validateResults (G:\\trae\\public-opinion-system\\src\\ai-analysis\\validation-engine.js:38:34)\n    at async PublicOpinionSystem.start (G:\\trae\\public-opinion-system\\src\\index.js:60:32)\n    at async CLI.handleAnalyze (G:\\trae\\public-opinion-system\\src\\cli\\index.js:160:22)\n    at async Command.<anonymous> (G:\\trae\\public-opinion-system\\src\\cli\\index.js:36:9)\n    at async Command.parseAsync (G:\\trae\\public-opinion-system\\node_modules\\commander\\lib\\command.js:936:5)\n    at async CLI.run (G:\\trae\\public-opinion-system\\src\\cli\\index.js:78:7)","timestamp":"2026-02-12T03:26:02.955Z"}
{"level":"error","message":"验证规则 risk 执行失败: Cannot read properties of undefined (reading 'risk')","service":"public-opinion-system","stack":"TypeError: Cannot read properties of undefined (reading 'risk')\n    at ValidationEngine.validateRiskResults (G:\\trae\\public-opinion-system\\src\\ai-analysis\\validation-engine.js:206:45)\n    at ValidationEngine.validateResults (G:\\trae\\public-opinion-system\\src\\ai-analysis\\validation-engine.js:38:34)\n    at async PublicOpinionSystem.start (G:\\trae\\public-opinion-system\\src\\index.js:60:32)\n    at async CLI.handleAnalyze (G:\\trae\\public-opinion-system\\src\\cli\\index.js:160:22)\n    at async Command.<anonymous> (G:\\trae\\public-opinion-system\\src\\cli\\index.js:36:9)\n    at async Command.parseAsync (G:\\trae\\public-opinion-system\\node_modules\\commander\\lib\\command.js:936:5)\n    at async CLI.run (G:\\trae\\public-opinion-system\\src\\cli\\index.js:78:7)","timestamp":"2026-02-12T03:26:02.956Z"}
{"level":"error","message":"验证规则 overall 执行失败: Cannot convert undefined or null to object","service":"public-opinion-system","stack":"TypeError: Cannot convert undefined or null to object\n    at Object.values (<anonymous>)\n    at ValidationEngine.calculateOverallScore (G:\\trae\\public-opinion-system\\src\\ai-analysis\\validation-engine.js:342:27)\n    at ValidationEngine.validateOverallResults (G:\\trae\\public-opinion-system\\src\\ai-analysis\\validation-engine.js:290:29)\n    at ValidationEngine.validateResults (G:\\trae\\public-opinion-system\\src\\ai-analysis\\validation-engine.js:38:34)\n    at async PublicOpinionSystem.start (G:\\trae\\public-opinion-system\\src\\index.js:60:32)\n    at async CLI.handleAnalyze (G:\\trae\\public-opinion-system\\src\\cli\\index.js:160:22)\n    at async Command.<anonymous> (G:\\trae\\public-opinion-system\\src\\cli\\index.js:36:9)\n    at async Command.parseAsync (G:\\trae\\public-opinion-system\\node_modules\\commander\\lib\\command.js:936:5)\n    at async CLI.run (G:\\trae\\public-opinion-system\\src\\cli\\index.js:78:7)","timestamp":"2026-02-12T03:26:02.957Z"}
{"level":"info","message":"验证完成，整体评分: 0.00","service":"public-opinion-system","timestamp":"2026-02-12T03:26:02.960Z"}
{"level":"info","message":"使用技能增强分析结果...","service":"public-opinion-system","timestamp":"2026-02-12T03:26:02.960Z"}
{"level":"info","message":"使用技能增强AI分析","service":"public-opinion-system","timestamp":"2026-02-12T03:26:02.960Z"}
{"level":"info","message":"执行自适应学习...","service":"public-opinion-system","timestamp":"2026-02-12T03:26:02.961Z"}
{"level":"info","message":"开始自适应学习","service":"public-opinion-system","timestamp":"2026-02-12T03:26:02.961Z"}
{"level":"info","message":"处理验证问题: validation_error","service":"public-opinion-system","timestamp":"2026-02-12T03:26:02.961Z"}
{"level":"warn","message":"未处理的验证问题类型: validation_error","service":"public-opinion-system","timestamp":"2026-02-12T03:26:02.961Z"}
{"level":"info","message":"处理验证问题: validation_error","service":"public-opinion-system","timestamp":"2026-02-12T03:26:02.962Z"}
{"level":"warn","message":"未处理的验证问题类型: validation_error","service":"public-opinion-system","timestamp":"2026-02-12T03:26:02.962Z"}
{"level":"info","message":"处理验证问题: validation_error","service":"public-opinion-system","timestamp":"2026-02-12T03:26:02.962Z"}
{"level":"warn","message":"未处理的验证问题类型: validation_error","service":"public-opinion-system","timestamp":"2026-02-12T03:26:02.962Z"}
{"level":"info","message":"处理验证问题: validation_error","service":"public-opinion-system","timestamp":"2026-02-12T03:26:02.963Z"}
{"level":"warn","message":"未处理的验证问题类型: validation_error","service":"public-opinion-system","timestamp":"2026-02-12T03:26:02.963Z"}
{"level":"info","message":"情感分析置信度较低，考虑优化相关技能","service":"public-opinion-system","timestamp":"2026-02-12T03:26:02.964Z"}
{"level":"info","message":"未提取到有效主题，考虑优化主题分析技能","service":"public-opinion-system","timestamp":"2026-02-12T03:26:02.964Z"}
{"level":"info","message":"风险评估置信度较低，考虑优化相关技能","service":"public-opinion-system","timestamp":"2026-02-12T03:26:02.964Z"}
{"level":"info","message":"自适应学习完成","service":"public-opinion-system","timestamp":"2026-02-12T03:26:02.965Z"}
{"level":"info","message":"分析结果保存成功","service":"public-opinion-system","timestamp":"2026-02-12T03:26:02.967Z"}
{"level":"info","message":"舆情分析任务完成","service":"public-opinion-system","timestamp":"2026-02-12T03:26:02.967Z"}
{"level":"info","message":"正在初始化舆情研判系统...","service":"public-opinion-system","timestamp":"2026-02-12T03:26:38.487Z"}
{"level":"info","message":"正在初始化数据库...","service":"public-opinion-system","timestamp":"2026-02-12T03:26:38.489Z"}
{"level":"info","message":"数据库加载成功","service":"public-opinion-system","timestamp":"2026-02-12T03:26:38.495Z"}
{"level":"info","message":"数据库初始化完成","service":"public-opinion-system","timestamp":"2026-02-12T03:26:38.495Z"}
{"level":"info","message":"数据采集模块初始化中...","service":"public-opinion-system","timestamp":"2026-02-12T03:26:38.496Z"}
{"level":"warn","message":"未配置WEIBO_COOKIE，微博数据采集可能受限","service":"public-opinion-system","timestamp":"2026-02-12T03:26:38.497Z"}
{"level":"info","message":"数据采集模块初始化完成","service":"public-opinion-system","timestamp":"2026-02-12T03:26:38.497Z"}
{"level":"info","message":"AI分析引擎初始化中...","service":"public-opinion-system","timestamp":"2026-02-12T03:26:38.498Z"}
{"level":"info","message":"初始化Agent: SentimentAgent","service":"public-opinion-system","timestamp":"2026-02-12T03:26:38.498Z"}
{"level":"info","message":"情感分析Agent初始化完成","service":"public-opinion-system","timestamp":"2026-02-12T03:26:38.499Z"}
{"level":"info","message":"Agent sentiment 初始化完成","service":"public-opinion-system","timestamp":"2026-02-12T03:26:38.499Z"}
{"level":"info","message":"初始化Agent: TopicAgent","service":"public-opinion-system","timestamp":"2026-02-12T03:26:38.499Z"}
{"level":"info","message":"Agent topic 初始化完成","service":"public-opinion-system","timestamp":"2026-02-12T03:26:38.500Z"}
{"level":"info","message":"初始化Agent: RiskAssessmentAgent","service":"public-opinion-system","timestamp":"2026-02-12T03:26:38.500Z"}
{"level":"info","message":"Agent risk 初始化完成","service":"public-opinion-system","timestamp":"2026-02-12T03:26:38.501Z"}
{"level":"info","message":"AI分析引擎初始化完成","service":"public-opinion-system","timestamp":"2026-02-12T03:26:38.501Z"}
{"level":"info","message":"初始化Skill集成模块","service":"public-opinion-system","timestamp":"2026-02-12T03:26:38.501Z"}
{"level":"info","message":"注册内置技能","service":"public-opinion-system","timestamp":"2026-02-12T03:26:38.502Z"}
{"level":"info","message":"注册技能: DataCleaningSkill","service":"public-opinion-system","timestamp":"2026-02-12T03:26:38.503Z"}
{"level":"info","message":"技能注册成功: DataCleaningSkill v1.0.0","service":"public-opinion-system","timestamp":"2026-02-12T03:26:38.505Z"}
{"level":"info","message":"加载技能: DataCleaningSkill v1.0.0","service":"public-opinion-system","timestamp":"2026-02-12T03:26:38.518Z"}
{"level":"info","message":"Skill集成模块初始化完成","service":"public-opinion-system","timestamp":"2026-02-12T03:26:38.519Z"}
{"level":"info","message":"系统初始化完成","service":"public-opinion-system","timestamp":"2026-02-12T03:26:38.520Z"}
{"level":"info","message":"开始舆情分析任务，关键词: 网系回收失败","service":"public-opinion-system","timestamp":"2026-02-12T03:26:38.527Z"}
{"level":"info","message":"开始数据采集...","service":"public-opinion-system","timestamp":"2026-02-12T03:26:38.527Z"}
{"level":"info","message":"开始数据采集任务 5f9277a9-3627-4eee-8d92-d7525ca1d2b8，关键词: 网系回收失败","service":"public-opinion-system","timestamp":"2026-02-12T03:26:38.528Z"}
{"level":"info","message":"开始从 weibo 采集数据...","service":"public-opinion-system","timestamp":"2026-02-12T03:26:38.529Z"}
{"level":"info","message":"从 weibo 采集到 0 条数据","service":"public-opinion-system","timestamp":"2026-02-12T03:26:41.000Z"}
{"level":"info","message":"数据采集任务 5f9277a9-3627-4eee-8d92-d7525ca1d2b8 完成，共采集 0 条有效数据","service":"public-opinion-system","timestamp":"2026-02-12T03:26:41.001Z"}
{"level":"info","message":"数据采集完成，共采集 0 条数据","service":"public-opinion-system","timestamp":"2026-02-12T03:26:41.002Z"}
{"level":"info","message":"使用技能增强数据质量...","service":"public-opinion-system","timestamp":"2026-02-12T03:26:41.002Z"}
{"level":"info","message":"使用技能增强数据采集","service":"public-opinion-system","timestamp":"2026-02-12T03:26:41.002Z"}
{"level":"info","message":"执行技能: DataCleaningSkill","service":"public-opinion-system","timestamp":"2026-02-12T03:26:41.003Z"}
{"level":"info","message":"执行技能: DataCleaningSkill","service":"public-opinion-system","timestamp":"2026-02-12T03:26:41.003Z"}
{"level":"error","message":"技能执行失败: DataCleaningSkill Cannot read properties of undefined (reading 'push')","service":"public-opinion-system","stack":"TypeError: Cannot read properties of undefined (reading 'push')\n    at SkillManager.recordSkillPerformance (G:\\trae\\public-opinion-system\\src\\services\\skill-manager.js:106:23)\n    at SkillManager.executeSkill (G:\\trae\\public-opinion-system\\src\\services\\skill-manager.js:96:12)\n    at SkillIntegration.executeSkill (G:\\trae\\public-opinion-system\\src\\services\\skill-integration.js:65:46)\n    at SkillIntegration.enhanceDataCollection (G:\\trae\\public-opinion-system\\src\\services\\skill-integration.js:137:43)\n    at PublicOpinionSystem.start (G:\\trae\\public-opinion-system\\src\\index.js:47:62)\n    at async CLI.handleAnalyze (G:\\trae\\public-opinion-system\\src\\cli\\index.js:160:22)\n    at async Command.<anonymous> (G:\\trae\\public-opinion-system\\src\\cli\\index.js:36:9)\n    at async Command.parseAsync (G:\\trae\\public-opinion-system\\node_modules\\commander\\lib\\command.js:936:5)\n    at async CLI.run (G:\\trae\\public-opinion-system\\src\\cli\\index.js:78:7)","timestamp":"2026-02-12T03:26:41.004Z"}
{"level":"error","message":"数据增强失败 Cannot read properties of undefined (reading 'push')","service":"public-opinion-system","stack":"TypeError: Cannot read properties of undefined (reading 'push')\n    at SkillManager.recordSkillPerformance (G:\\trae\\public-opinion-system\\src\\services\\skill-manager.js:106:23)\n    at SkillManager.executeSkill (G:\\trae\\public-opinion-system\\src\\services\\skill-manager.js:96:12)\n    at SkillIntegration.executeSkill (G:\\trae\\public-opinion-system\\src\\services\\skill-integration.js:65:46)\n    at SkillIntegration.enhanceDataCollection (G:\\trae\\public-opinion-system\\src\\services\\skill-integration.js:137:43)\n    at PublicOpinionSystem.start (G:\\trae\\public-opinion-system\\src\\index.js:47:62)\n    at async CLI.handleAnalyze (G:\\trae\\public-opinion-system\\src\\cli\\index.js:160:22)\n    at async Command.<anonymous> (G:\\trae\\public-opinion-system\\src\\cli\\index.js:36:9)\n    at async Command.parseAsync (G:\\trae\\public-opinion-system\\node_modules\\commander\\lib\\command.js:936:5)\n    at async CLI.run (G:\\trae\\public-opinion-system\\src\\cli\\index.js:78:7)","timestamp":"2026-02-12T03:26:41.005Z"}
{"level":"info","message":"数据增强完成，处理 0 条数据","service":"public-opinion-system","timestamp":"2026-02-12T03:26:41.007Z"}
{"level":"info","message":"成功保存 0 条原始数据","service":"public-opinion-system","timestamp":"2026-02-12T03:26:41.008Z"}
{"level":"info","message":"开始AI分析...","service":"public-opinion-system","timestamp":"2026-02-12T03:26:41.009Z"}
{"level":"info","message":"开始AI分析任务 10fff0db-2bee-4e6d-8c51-6fa290a7c4da，数据量: 0，关键词: 网系回收失败","service":"public-opinion-system","timestamp":"2026-02-12T03:26:41.009Z"}
{"level":"info","message":"第 1 轮分析开始","service":"public-opinion-system","timestamp":"2026-02-12T03:26:41.010Z"}
{"level":"info","message":"运行Agent: sentiment","service":"public-opinion-system","timestamp":"2026-02-12T03:26:41.011Z"}
{"level":"info","message":"情感分析Agent开始处理 0 条数据","service":"public-opinion-system","timestamp":"2026-02-12T03:26:41.012Z"}
{"level":"info","message":"情感分析完成，整体情感得分: 0.00","service":"public-opinion-system","timestamp":"2026-02-12T03:26:41.012Z"}
{"level":"info","message":"运行Agent: topic","service":"public-opinion-system","timestamp":"2026-02-12T03:26:41.013Z"}
{"level":"info","message":"主题提取Agent开始处理 0 条数据","service":"public-opinion-system","timestamp":"2026-02-12T03:26:41.013Z"}
{"level":"info","message":"运行Agent: risk","service":"public-opinion-system","timestamp":"2026-02-12T03:26:41.013Z"}
{"level":"info","message":"风险评估Agent开始处理 0 条数据","service":"public-opinion-system","timestamp":"2026-02-12T03:26:41.014Z"}
{"level":"info","message":"风险评估完成，整体风险等级: low, 风险评分: 0.00","service":"public-opinion-system","timestamp":"2026-02-12T03:26:41.015Z"}
{"level":"info","message":"Agent sentiment 完成，置信度: 0.00","service":"public-opinion-system","timestamp":"2026-02-12T03:26:41.015Z"}
{"level":"info","message":"Agent risk 完成，置信度: 0.00","service":"public-opinion-system","timestamp":"2026-02-12T03:26:41.016Z"}
{"level":"info","message":"主题提取完成，发现 0 个热门话题，0 个关键词","service":"public-opinion-system","timestamp":"2026-02-12T03:26:41.016Z"}
{"level":"info","message":"Agent topic 完成，置信度: 0.00","service":"public-opinion-system","timestamp":"2026-02-12T03:26:41.017Z"}
{"level":"info","message":"第 1 轮分析完成，平均置信度: 0.00","service":"public-opinion-system","timestamp":"2026-02-12T03:26:41.025Z"}
{"level":"info","message":"第 1 轮数据质量改进","service":"public-opinion-system","timestamp":"2026-02-12T03:26:41.026Z"}
{"level":"info","message":"数据质量改进完成，保留 0/0 条数据","service":"public-opinion-system","timestamp":"2026-02-12T03:26:41.026Z"}
{"level":"info","message":"第 2 轮分析开始","service":"public-opinion-system","timestamp":"2026-02-12T03:26:41.027Z"}
{"level":"info","message":"运行Agent: sentiment","service":"public-opinion-system","timestamp":"2026-02-12T03:26:41.027Z"}
{"level":"info","message":"情感分析Agent开始处理 0 条数据","service":"public-opinion-system","timestamp":"2026-02-12T03:26:41.027Z"}
{"level":"info","message":"情感分析完成，整体情感得分: 0.00","service":"public-opinion-system","timestamp":"2026-02-12T03:26:41.028Z"}
{"level":"info","message":"运行Agent: topic","service":"public-opinion-system","timestamp":"2026-02-12T03:26:41.028Z"}
{"level":"info","message":"主题提取Agent开始处理 0 条数据","service":"public-opinion-system","timestamp":"2026-02-12T03:26:41.028Z"}
{"level":"info","message":"运行Agent: risk","service":"public-opinion-system","timestamp":"2026-02-12T03:26:41.029Z"}
{"level":"info","message":"风险评估Agent开始处理 0 条数据","service":"public-opinion-system","timestamp":"2026-02-12T03:26:41.029Z"}
{"level":"info","message":"风险评估完成，整体风险等级: low, 风险评分: 0.00","service":"public-opinion-system","timestamp":"2026-02-12T03:26:41.029Z"}
{"level":"info","message":"Agent sentiment 完成，置信度: 0.00","service":"public-opinion-system","timestamp":"2026-02-12T03:26:41.030Z"}
{"level":"info","message":"Agent risk 完成，置信度: 0.00","service":"public-opinion-system","timestamp":"2026-02-12T03:26:41.030Z"}
{"level":"info","message":"主题提取完成，发现 0 个热门话题，0 个关键词","service":"public-opinion-system","timestamp":"2026-02-12T03:26:41.030Z"}
{"level":"info","message":"Agent topic 完成，置信度: 0.00","service":"public-opinion-system","timestamp":"2026-02-12T03:26:41.031Z"}
{"level":"info","message":"第 2 轮分析完成，平均置信度: 0.00","service":"public-opinion-system","timestamp":"2026-02-12T03:26:41.031Z"}
{"level":"info","message":"第 2 轮数据质量改进","service":"public-opinion-system","timestamp":"2026-02-12T03:26:41.032Z"}
{"level":"info","message":"数据质量改进完成，保留 0/0 条数据","service":"public-opinion-system","timestamp":"2026-02-12T03:26:41.032Z"}
{"level":"info","message":"第 3 轮分析开始","service":"public-opinion-system","timestamp":"2026-02-12T03:26:41.032Z"}
{"level":"info","message":"运行Agent: sentiment","service":"public-opinion-system","timestamp":"2026-02-12T03:26:41.035Z"}
{"level":"info","message":"情感分析Agent开始处理 0 条数据","service":"public-opinion-system","timestamp":"2026-02-12T03:26:41.035Z"}
{"level":"info","message":"情感分析完成，整体情感得分: 0.00","service":"public-opinion-system","timestamp":"2026-02-12T03:26:41.035Z"}
{"level":"info","message":"运行Agent: topic","service":"public-opinion-system","timestamp":"2026-02-12T03:26:41.036Z"}
{"level":"info","message":"主题提取Agent开始处理 0 条数据","service":"public-opinion-system","timestamp":"2026-02-12T03:26:41.036Z"}
{"level":"info","message":"运行Agent: risk","service":"public-opinion-system","timestamp":"2026-02-12T03:26:41.036Z"}
{"level":"info","message":"风险评估Agent开始处理 0 条数据","service":"public-opinion-system","timestamp":"2026-02-12T03:26:41.037Z"}
{"level":"info","message":"风险评估完成，整体风险等级: low, 风险评分: 0.00","service":"public-opinion-system","timestamp":"2026-02-12T03:26:41.037Z"}
{"level":"info","message":"Agent sentiment 完成，置信度: 0.00","service":"public-opinion-system","timestamp":"2026-02-12T03:26:41.038Z"}
{"level":"info","message":"Agent risk 完成，置信度: 0.00","service":"public-opinion-system","timestamp":"2026-02-12T03:26:41.038Z"}
{"level":"info","message":"主题提取完成，发现 0 个热门话题，0 个关键词","service":"public-opinion-system","timestamp":"2026-02-12T03:26:41.038Z"}
{"level":"info","message":"Agent topic 完成，置信度: 0.00","service":"public-opinion-system","timestamp":"2026-02-12T03:26:41.039Z"}
{"level":"info","message":"第 3 轮分析完成，平均置信度: 0.00","service":"public-opinion-system","timestamp":"2026-02-12T03:26:41.039Z"}
{"level":"info","message":"运行Agent: sentiment","service":"public-opinion-system","timestamp":"2026-02-12T03:26:41.039Z"}
{"level":"info","message":"情感分析Agent开始处理 0 条数据","service":"public-opinion-system","timestamp":"2026-02-12T03:26:41.039Z"}
{"level":"info","message":"情感分析完成，整体情感得分: 0.00","service":"public-opinion-system","timestamp":"2026-02-12T03:26:41.040Z"}
{"level":"info","message":"运行Agent: topic","service":"public-opinion-system","timestamp":"2026-02-12T03:26:41.040Z"}
{"level":"info","message":"主题提取Agent开始处理 0 条数据","service":"public-opinion-system","timestamp":"2026-02-12T03:26:41.040Z"}
{"level":"info","message":"运行Agent: risk","service":"public-opinion-system","timestamp":"2026-02-12T03:26:41.041Z"}
{"level":"info","message":"风险评估Agent开始处理 0 条数据","service":"public-opinion-system","timestamp":"2026-02-12T03:26:41.041Z"}
{"level":"info","message":"风险评估完成，整体风险等级: low, 风险评分: 0.00","service":"public-opinion-system","timestamp":"2026-02-12T03:26:41.041Z"}
{"level":"info","message":"Agent sentiment 完成，置信度: 0.00","service":"public-opinion-system","timestamp":"2026-02-12T03:26:41.041Z"}
{"level":"info","message":"Agent risk 完成，置信度: 0.00","service":"public-opinion-system","timestamp":"2026-02-12T03:26:41.042Z"}
{"level":"info","message":"主题提取完成，发现 0 个热门话题，0 个关键词","service":"public-opinion-system","timestamp":"2026-02-12T03:26:41.042Z"}
{"level":"info","message":"Agent topic 完成，置信度: 0.00","service":"public-opinion-system","timestamp":"2026-02-12T03:26:41.042Z"}
{"level":"info","message":"AI分析任务 10fff0db-2bee-4e6d-8c51-6fa290a7c4da 完成，共进行 3 轮分析","service":"public-opinion-system","timestamp":"2026-02-12T03:26:41.042Z"}
{"level":"info","message":"验证分析结果...","service":"public-opinion-system","timestamp":"2026-02-12T03:26:41.043Z"}
{"level":"info","message":"开始验证分析结果","service":"public-opinion-system","timestamp":"2026-02-12T03:26:41.044Z"}
{"level":"error","message":"验证规则 sentiment 执行失败: Cannot read properties of undefined (reading 'sentiment')","service":"public-opinion-system","stack":"TypeError: Cannot read properties of undefined (reading 'sentiment')\n    at ValidationEngine.validateSentimentResults (G:\\trae\\public-opinion-system\\src\\ai-analysis\\validation-engine.js:80:50)\n    at ValidationEngine.validateResults (G:\\trae\\public-opinion-system\\src\\ai-analysis\\validation-engine.js:38:34)\n    at PublicOpinionSystem.start (G:\\trae\\public-opinion-system\\src\\index.js:60:53)\n    at async CLI.handleAnalyze (G:\\trae\\public-opinion-system\\src\\cli\\index.js:160:22)\n    at async Command.<anonymous> (G:\\trae\\public-opinion-system\\src\\cli\\index.js:36:9)\n    at async Command.parseAsync (G:\\trae\\public-opinion-system\\node_modules\\commander\\lib\\command.js:936:5)\n    at async CLI.run (G:\\trae\\public-opinion-system\\src\\cli\\index.js:78:7)","timestamp":"2026-02-12T03:26:41.045Z"}
{"level":"error","message":"验证规则 topic 执行失败: Cannot read properties of undefined (reading 'topic')","service":"public-opinion-system","stack":"TypeError: Cannot read properties of undefined (reading 'topic')\n    at ValidationEngine.validateTopicResults (G:\\trae\\public-opinion-system\\src\\ai-analysis\\validation-engine.js:153:46)\n    at ValidationEngine.validateResults (G:\\trae\\public-opinion-system\\src\\ai-analysis\\validation-engine.js:38:34)\n    at async PublicOpinionSystem.start (G:\\trae\\public-opinion-system\\src\\index.js:60:32)\n    at async CLI.handleAnalyze (G:\\trae\\public-opinion-system\\src\\cli\\index.js:160:22)\n    at async Command.<anonymous> (G:\\trae\\public-opinion-system\\src\\cli\\index.js:36:9)\n    at async Command.parseAsync (G:\\trae\\public-opinion-system\\node_modules\\commander\\lib\\command.js:936:5)\n    at async CLI.run (G:\\trae\\public-opinion-system\\src\\cli\\index.js:78:7)","timestamp":"2026-02-12T03:26:41.046Z"}
{"level":"error","message":"验证规则 risk 执行失败: Cannot read properties of undefined (reading 'risk')","service":"public-opinion-system","stack":"TypeError: Cannot read properties of undefined (reading 'risk')\n    at ValidationEngine.validateRiskResults (G:\\trae\\public-opinion-system\\src\\ai-analysis\\validation-engine.js:206:45)\n    at ValidationEngine.validateResults (G:\\trae\\public-opinion-system\\src\\ai-analysis\\validation-engine.js:38:34)\n    at async PublicOpinionSystem.start (G:\\trae\\public-opinion-system\\src\\index.js:60:32)\n    at async CLI.handleAnalyze (G:\\trae\\public-opinion-system\\src\\cli\\index.js:160:22)\n    at async Command.<anonymous> (G:\\trae\\public-opinion-system\\src\\cli\\index.js:36:9)\n    at async Command.parseAsync (G:\\trae\\public-opinion-system\\node_modules\\commander\\lib\\command.js:936:5)\n    at async CLI.run (G:\\trae\\public-opinion-system\\src\\cli\\index.js:78:7)","timestamp":"2026-02-12T03:26:41.047Z"}
{"level":"error","message":"验证规则 overall 执行失败: Cannot convert undefined or null to object","service":"public-opinion-system","stack":"TypeError: Cannot convert undefined or null to object\n    at Object.values (<anonymous>)\n    at ValidationEngine.calculateOverallScore (G:\\trae\\public-opinion-system\\src\\ai-analysis\\validation-engine.js:342:27)\n    at ValidationEngine.validateOverallResults (G:\\trae\\public-opinion-system\\src\\ai-analysis\\validation-engine.js:290:29)\n    at ValidationEngine.validateResults (G:\\trae\\public-opinion-system\\src\\ai-analysis\\validation-engine.js:38:34)\n    at async PublicOpinionSystem.start (G:\\trae\\public-opinion-system\\src\\index.js:60:32)\n    at async CLI.handleAnalyze (G:\\trae\\public-opinion-system\\src\\cli\\index.js:160:22)\n    at async Command.<anonymous> (G:\\trae\\public-opinion-system\\src\\cli\\index.js:36:9)\n    at async Command.parseAsync (G:\\trae\\public-opinion-system\\node_modules\\commander\\lib\\command.js:936:5)\n    at async CLI.run (G:\\trae\\public-opinion-system\\src\\cli\\index.js:78:7)","timestamp":"2026-02-12T03:26:41.049Z"}
{"level":"info","message":"验证完成，整体评分: 0.00","service":"public-opinion-system","timestamp":"2026-02-12T03:26:41.050Z"}
{"level":"info","message":"使用技能增强分析结果...","service":"public-opinion-system","timestamp":"2026-02-12T03:26:41.051Z"}
{"level":"info","message":"使用技能增强AI分析","service":"public-opinion-system","timestamp":"2026-02-12T03:26:41.051Z"}
{"level":"info","message":"执行自适应学习...","service":"public-opinion-system","timestamp":"2026-02-12T03:26:41.051Z"}
{"level":"info","message":"开始自适应学习","service":"public-opinion-system","timestamp":"2026-02-12T03:26:41.051Z"}
{"level":"info","message":"处理验证问题: validation_error","service":"public-opinion-system","timestamp":"2026-02-12T03:26:41.052Z"}
{"level":"warn","message":"未处理的验证问题类型: validation_error","service":"public-opinion-system","timestamp":"2026-02-12T03:26:41.052Z"}
{"level":"info","message":"处理验证问题: validation_error","service":"public-opinion-system","timestamp":"2026-02-12T03:26:41.052Z"}
{"level":"warn","message":"未处理的验证问题类型: validation_error","service":"public-opinion-system","timestamp":"2026-02-12T03:26:41.052Z"}
{"level":"info","message":"处理验证问题: validation_error","service":"public-opinion-system","timestamp":"2026-02-12T03:26:41.052Z"}
{"level":"warn","message":"未处理的验证问题类型: validation_error","service":"public-opinion-system","timestamp":"2026-02-12T03:26:41.053Z"}
{"level":"info","message":"处理验证问题: validation_error","service":"public-opinion-system","timestamp":"2026-02-12T03:26:41.053Z"}
{"level":"warn","message":"未处理的验证问题类型: validation_error","service":"public-opinion-system","timestamp":"2026-02-12T03:26:41.053Z"}
{"level":"info","message":"情感分析置信度较低，考虑优化相关技能","service":"public-opinion-system","timestamp":"2026-02-12T03:26:41.053Z"}
{"level":"info","message":"未提取到有效主题，考虑优化主题分析技能","service":"public-opinion-system","timestamp":"2026-02-12T03:26:41.054Z"}
{"level":"info","message":"风险评估置信度较低，考虑优化相关技能","service":"public-opinion-system","timestamp":"2026-02-12T03:26:41.054Z"}
{"level":"info","message":"自适应学习完成","service":"public-opinion-system","timestamp":"2026-02-12T03:26:41.054Z"}
{"level":"info","message":"分析结果保存成功","service":"public-opinion-system","timestamp":"2026-02-12T03:26:41.056Z"}
{"level":"info","message":"舆情分析任务完成","service":"public-opinion-system","timestamp":"2026-02-12T03:26:41.056Z"}
{"level":"error","message":"未捕获的异常: Unexpected identifier 'EnsembleMethods'","service":"public-opinion-system","stack":"G:\\trae\\public-opinion-system\\src\\ai-analysis\\enhanced-analyzer.js:1392\n  class EnsembleMethods {\n        ^^^^^^^^^^^^^^^\n\nSyntaxError: Unexpected identifier 'EnsembleMethods'\n    at wrapSafe (node:internal/modules/cjs/loader:1692:18)\n    at Module._compile (node:internal/modules/cjs/loader:1735:20)\n    at Object..js (node:internal/modules/cjs/loader:1893:10)\n    at Module.load (node:internal/modules/cjs/loader:1481:32)\n    at Module._load (node:internal/modules/cjs/loader:1300:12)\n    at TracingChannel.traceSync (node:diagnostics_channel:328:14)\n    at wrapModuleLoad (node:internal/modules/cjs/loader:245:24)\n    at Module.require (node:internal/modules/cjs/loader:1504:12)\n    at require (node:internal/modules/helpers:152:16)\n    at Object.<anonymous> (G:\\trae\\public-opinion-system\\src\\index-v2.js:13:28)","timestamp":"2026-02-12T06:11:46.366Z"}
{"level":"error","message":"未捕获的异常: Unexpected identifier 'generateEnhancedFinalReport'","service":"public-opinion-system","stack":"G:\\trae\\public-opinion-system\\src\\ai-analysis\\enhanced-analyzer.js:1435\n  async generateEnhancedFinalReport(finalResult, taskId, iterations) {\n        ^^^^^^^^^^^^^^^^^^^^^^^^^^^\n\nSyntaxError: Unexpected identifier 'generateEnhancedFinalReport'\n    at wrapSafe (node:internal/modules/cjs/loader:1692:18)\n    at Module._compile (node:internal/modules/cjs/loader:1735:20)\n    at Object..js (node:internal/modules/cjs/loader:1893:10)\n    at Module.load (node:internal/modules/cjs/loader:1481:32)\n    at Module._load (node:internal/modules/cjs/loader:1300:12)\n    at TracingChannel.traceSync (node:diagnostics_channel:328:14)\n    at wrapModuleLoad (node:internal/modules/cjs/loader:245:24)\n    at Module.require (node:internal/modules/cjs/loader:1504:12)\n    at require (node:internal/modules/helpers:152:16)\n    at Object.<anonymous> (G:\\trae\\public-opinion-system\\src\\index-v2.js:13:28)","timestamp":"2026-02-12T06:13:10.197Z"}
{"code":"MODULE_NOT_FOUND","level":"error","message":"未捕获的异常: Cannot find module './skills/skill-manager'\nRequire stack:\n- G:\\trae\\public-opinion-system\\src\\index-v2.js","requireStack":["G:\\trae\\public-opinion-system\\src\\index-v2.js"],"service":"public-opinion-system","stack":"Error: Cannot find module './skills/skill-manager'\nRequire stack:\n- G:\\trae\\public-opinion-system\\src\\index-v2.js\n    at Module._resolveFilename (node:internal/modules/cjs/loader:1421:15)\n    at defaultResolveImpl (node:internal/modules/cjs/loader:1059:19)\n    at resolveForCJSWithHooks (node:internal/modules/cjs/loader:1064:22)\n    at Module._load (node:internal/modules/cjs/loader:1227:37)\n    at TracingChannel.traceSync (node:diagnostics_channel:328:14)\n    at wrapModuleLoad (node:internal/modules/cjs/loader:245:24)\n    at Module.require (node:internal/modules/cjs/loader:1504:12)\n    at require (node:internal/modules/helpers:152:16)\n    at Object.<anonymous> (G:\\trae\\public-opinion-system\\src\\index-v2.js:14:22)\n    at Module._compile (node:internal/modules/cjs/loader:1761:14)","timestamp":"2026-02-12T06:23:53.300Z"}
{"code":"MODULE_NOT_FOUND","level":"error","message":"未捕获的异常: Cannot find module 'express'\nRequire stack:\n- G:\\trae\\public-opinion-system\\src\\web\\server.js\n- G:\\trae\\public-opinion-system\\src\\index-v2.js","requireStack":["G:\\trae\\public-opinion-system\\src\\web\\server.js","G:\\trae\\public-opinion-system\\src\\index-v2.js"],"service":"public-opinion-system","stack":"Error: Cannot find module 'express'\nRequire stack:\n- G:\\trae\\public-opinion-system\\src\\web\\server.js\n- G:\\trae\\public-opinion-system\\src\\index-v2.js\n    at Module._resolveFilename (node:internal/modules/cjs/loader:1421:15)\n    at defaultResolveImpl (node:internal/modules/cjs/loader:1059:19)\n    at resolveForCJSWithHooks (node:internal/modules/cjs/loader:1064:22)\n    at Module._load (node:internal/modules/cjs/loader:1227:37)\n    at TracingChannel.traceSync (node:diagnostics_channel:328:14)\n    at wrapModuleLoad (node:internal/modules/cjs/loader:245:24)\n    at Module.require (node:internal/modules/cjs/loader:1504:12)\n    at require (node:internal/modules/helpers:152:16)\n    at Object.<anonymous> (G:\\trae\\public-opinion-system\\src\\web\\server.js:1:17)\n    at Module._compile (node:internal/modules/cjs/loader:1761:14)","timestamp":"2026-02-12T06:24:30.385Z"}
{"code":"MODULE_NOT_FOUND","level":"error","message":"未捕获的异常: Cannot find module '../../utils/logger'\nRequire stack:\n- G:\\trae\\public-opinion-system\\src\\web\\server.js\n- G:\\trae\\public-opinion-system\\src\\index-v2.js","requireStack":["G:\\trae\\public-opinion-system\\src\\web\\server.js","G:\\trae\\public-opinion-system\\src\\index-v2.js"],"service":"public-opinion-system","stack":"Error: Cannot find module '../../utils/logger'\nRequire stack:\n- G:\\trae\\public-opinion-system\\src\\web\\server.js\n- G:\\trae\\public-opinion-system\\src\\index-v2.js\n    at Module._resolveFilename (node:internal/modules/cjs/loader:1421:15)\n    at defaultResolveImpl (node:internal/modules/cjs/loader:1059:19)\n    at resolveForCJSWithHooks (node:internal/modules/cjs/loader:1064:22)\n    at Module._load (node:internal/modules/cjs/loader:1227:37)\n    at TracingChannel.traceSync (node:diagnostics_channel:328:14)\n    at wrapModuleLoad (node:internal/modules/cjs/loader:245:24)\n    at Module.require (node:internal/modules/cjs/loader:1504:12)\n    at require (node:internal/modules/helpers:152:16)\n    at Object.<anonymous> (G:\\trae\\public-opinion-system\\src\\web\\server.js:17:16)\n    at Module._compile (node:internal/modules/cjs/loader:1761:14)","timestamp":"2026-02-12T06:24:57.247Z"}
{"level":"info","message":"核心组件初始化完成","service":"public-opinion-system","timestamp":"2026-02-12T06:27:57.938Z"}
{"level":"info","message":"数据收集器初始化完成","service":"public-opinion-system","timestamp":"2026-02-12T06:27:57.942Z"}
{"level":"info","message":"AI分析器初始化完成","service":"public-opinion-system","timestamp":"2026-02-12T06:27:57.942Z"}
{"level":"info","message":"实时监控器初始化完成","service":"public-opinion-system","timestamp":"2026-02-12T06:27:57.943Z"}
{"level":"info","message":"功能模块初始化完成","service":"public-opinion-system","timestamp":"2026-02-12T06:27:57.944Z"}
{"level":"info","message":"启动性能监控","service":"public-opinion-system","timestamp":"2026-02-12T06:27:57.944Z"}
{"level":"info","message":"启动实时监控系统","service":"public-opinion-system","timestamp":"2026-02-12T06:27:57.965Z"}
{"level":"info","message":"核心组件初始化完成","service":"public-opinion-system","timestamp":"2026-02-12T06:28:56.649Z"}
{"level":"info","message":"数据收集器初始化完成","service":"public-opinion-system","timestamp":"2026-02-12T06:28:56.652Z"}
{"level":"info","message":"AI分析器初始化完成","service":"public-opinion-system","timestamp":"2026-02-12T06:28:56.653Z"}
{"level":"info","message":"实时监控器初始化完成","service":"public-opinion-system","timestamp":"2026-02-12T06:28:56.654Z"}
{"level":"info","message":"功能模块初始化完成","service":"public-opinion-system","timestamp":"2026-02-12T06:28:56.654Z"}
{"level":"info","message":"启动性能监控","service":"public-opinion-system","timestamp":"2026-02-12T06:28:56.655Z"}
{"level":"info","message":"启动实时监控系统","service":"public-opinion-system","timestamp":"2026-02-12T06:28:56.665Z"}
{"level":"info","message":"建立监控基线","service":"public-opinion-system","timestamp":"2026-02-12T06:28:56.666Z"}
{"level":"info","message":"收集历史数据，时间范围: 24小时","service":"public-opinion-system","timestamp":"2026-02-12T06:28:56.667Z"}
{"level":"info","message":"启动数据流","service":"public-opinion-system","timestamp":"2026-02-12T06:28:56.667Z"}
{"level":"error","message":"建立基线失败: this.calculateBaselineSentiment is not a function","service":"public-opinion-system","stack":"TypeError: this.calculateBaselineSentiment is not a function\n    at RealTimeMonitor.establishBaseline (G:\\trae\\public-opinion-system\\src\\monitoring\\realtime-monitor.js:142:25)","timestamp":"2026-02-12T06:28:56.668Z"}
{"context":{"source":"baseline_establishment"},"error":{"code":"UNKNOWN_ERROR","message":"this.calculateBaselineSentiment is not a function","severity":"medium"},"level":"warn","message":"中级错误:","service":"public-opinion-system","timestamp":"2026-02-12T06:28:56.668Z"}
{"level":"info","message":"错误类型 undefined 不可恢复","service":"public-opinion-system","timestamp":"2026-02-12T06:28:56.669Z"}
{"level":"info","message":"启动技能管理器...","service":"public-opinion-system","timestamp":"2026-02-12T06:28:56.669Z"}
{"level":"info","message":"Web服务器启动成功","service":"public-opinion-system","timestamp":"2026-02-12T06:28:56.700Z"}
{"level":"info","message":"访问地址: http://localhost:3000","service":"public-opinion-system","timestamp":"2026-02-12T06:28:56.701Z"}
{"level":"info","message":"API文档: http://localhost:3000/api/docs","service":"public-opinion-system","timestamp":"2026-02-12T06:28:56.701Z"}
{"level":"info","message":"监控面板: http://localhost:3000/","service":"public-opinion-system","timestamp":"2026-02-12T06:28:56.701Z"}
{"level":"info","message":"加载技能: DataCleaningSkill v1.0.0","service":"public-opinion-system","timestamp":"2026-02-12T06:28:56.703Z"}
{"level":"info","message":"技能管理器启动完成","service":"public-opinion-system","timestamp":"2026-02-12T06:28:56.703Z"}
{"level":"info","message":"所有服务启动完成","service":"public-opinion-system","timestamp":"2026-02-12T06:28:56.704Z"}
{"level":"info","message":"GET /health 200 - 3ms","service":"public-opinion-system","timestamp":"2026-02-12T06:29:25.027Z"}
{"level":"info","message":"GET /api/docs 200 - 2ms","service":"public-opinion-system","timestamp":"2026-02-12T06:29:34.599Z"}
{"acknowledged":false,"data":{"usage":0.9065159483932462},"description":"内存使用率达到 90.7%，可能影响系统性能","id":"system_alert_1770877776710_al09ezv2l","level":"warn","message":"生成系统告警: 内存使用率过高","metadata":{"autoRecoverable":true,"system":true},"service":"public-opinion-system","severity":"critical","timestamp":"2026-02-12T06:29:36.710Z","title":"内存使用率过高","type":"system_alert"}
{"acknowledged":false,"data":{"usage":0.9116774748093682},"description":"内存使用率达到 91.2%，可能影响系统性能","id":"system_alert_1770877781710_tmnfedhs1","level":"warn","message":"生成系统告警: 内存使用率过高","metadata":{"autoRecoverable":true,"system":true},"service":"public-opinion-system","severity":"critical","timestamp":"2026-02-12T06:29:41.710Z","title":"内存使用率过高","type":"system_alert"}
{"acknowledged":false,"data":{"usage":0.9162024980709876},"description":"内存使用率达到 91.6%，可能影响系统性能","id":"system_alert_1770877786711_sgj8gf6v6","level":"warn","message":"生成系统告警: 内存使用率过高","metadata":{"autoRecoverable":true,"system":true},"service":"public-opinion-system","severity":"critical","timestamp":"2026-02-12T06:29:46.711Z","title":"内存使用率过高","type":"system_alert"}
{"level":"info","message":"GET /status 200 - 1ms","service":"public-opinion-system","timestamp":"2026-02-12T06:29:49.210Z"}
{"acknowledged":false,"data":{"usage":0.9029806077523602},"description":"内存使用率达到 90.3%，可能影响系统性能","id":"system_alert_1770877866727_a1ch2ci51","level":"warn","message":"生成系统告警: 内存使用率过高","metadata":{"autoRecoverable":true,"system":true},"service":"public-opinion-system","severity":"critical","timestamp":"2026-02-12T06:31:06.727Z","title":"内存使用率过高","type":"system_alert"}
{"acknowledged":false,"data":{"usage":0.9068595537173203},"description":"内存使用率达到 90.7%，可能影响系统性能","id":"system_alert_1770877871727_20d32titl","level":"warn","message":"生成系统告警: 内存使用率过高","metadata":{"autoRecoverable":true,"system":true},"service":"public-opinion-system","severity":"critical","timestamp":"2026-02-12T06:31:11.727Z","title":"内存使用率过高","type":"system_alert"}
{"acknowledged":false,"data":{"usage":0.9107491376180101},"description":"内存使用率达到 91.1%，可能影响系统性能","id":"system_alert_1770877876728_mi07zokdn","level":"warn","message":"生成系统告警: 内存使用率过高","metadata":{"autoRecoverable":true,"system":true},"service":"public-opinion-system","severity":"critical","timestamp":"2026-02-12T06:31:16.728Z","title":"内存使用率过高","type":"system_alert"}
{"acknowledged":false,"data":{"usage":0.9151869298066448},"description":"内存使用率达到 91.5%，可能影响系统性能","id":"system_alert_1770877881728_63h0b9rk9","level":"warn","message":"生成系统告警: 内存使用率过高","metadata":{"autoRecoverable":true,"system":true},"service":"public-opinion-system","severity":"critical","timestamp":"2026-02-12T06:31:21.728Z","title":"内存使用率过高","type":"system_alert"}
{"acknowledged":false,"data":{"usage":0.9193250868055556},"description":"内存使用率达到 91.9%，可能影响系统性能","id":"system_alert_1770877886728_w06cun13r","level":"warn","message":"生成系统告警: 内存使用率过高","metadata":{"autoRecoverable":true,"system":true},"service":"public-opinion-system","severity":"critical","timestamp":"2026-02-12T06:31:26.728Z","title":"内存使用率过高","type":"system_alert"}
{"acknowledged":false,"data":{"usage":0.901972840640886},"description":"内存使用率达到 90.2%，可能影响系统性能","id":"system_alert_1770877911733_dt2aazq8e","level":"warn","message":"生成系统告警: 内存使用率过高","metadata":{"autoRecoverable":true,"system":true},"service":"public-opinion-system","severity":"critical","timestamp":"2026-02-12T06:31:51.733Z","title":"内存使用率过高","type":"system_alert"}
{"acknowledged":false,"data":{"usage":0.9064390006581337},"description":"内存使用率达到 90.6%，可能影响系统性能","id":"system_alert_1770877916743_t911i7ywk","level":"warn","message":"生成系统告警: 内存使用率过高","metadata":{"autoRecoverable":true,"system":true},"service":"public-opinion-system","severity":"critical","timestamp":"2026-02-12T06:31:56.743Z","title":"内存使用率过高","type":"system_alert"}
{"acknowledged":false,"data":{"usage":0.9104285811546841},"description":"内存使用率达到 91.0%，可能影响系统性能","id":"system_alert_1770877921744_lfo0004k2","level":"warn","message":"生成系统告警: 内存使用率过高","metadata":{"autoRecoverable":true,"system":true},"service":"public-opinion-system","severity":"critical","timestamp":"2026-02-12T06:32:01.744Z","title":"内存使用率过高","type":"system_alert"}
{"acknowledged":false,"data":{"usage":0.9145341151506899},"description":"内存使用率达到 91.5%，可能影响系统性能","id":"system_alert_1770877926745_hrip1njdb","level":"warn","message":"生成系统告警: 内存使用率过高","metadata":{"autoRecoverable":true,"system":true},"service":"public-opinion-system","severity":"critical","timestamp":"2026-02-12T06:32:06.745Z","title":"内存使用率过高","type":"system_alert"}
{"acknowledged":false,"data":{"usage":0.9184924910357661},"description":"内存使用率达到 91.8%，可能影响系统性能","id":"system_alert_1770877931744_3exz3xi2q","level":"warn","message":"生成系统告警: 内存使用率过高","metadata":{"autoRecoverable":true,"system":true},"service":"public-opinion-system","severity":"critical","timestamp":"2026-02-12T06:32:11.744Z","title":"内存使用率过高","type":"system_alert"}
{"acknowledged":false,"data":{"usage":0.9224739157815904},"description":"内存使用率达到 92.2%，可能影响系统性能","id":"system_alert_1770877936745_dv0ef7a92","level":"warn","message":"生成系统告警: 内存使用率过高","metadata":{"autoRecoverable":true,"system":true},"service":"public-opinion-system","severity":"critical","timestamp":"2026-02-12T06:32:16.745Z","title":"内存使用率过高","type":"system_alert"}
{"acknowledged":false,"data":{"usage":0.900762598152687},"description":"内存使用率达到 90.1%，可能影响系统性能","id":"system_alert_1770877956749_35zm3teph","level":"warn","message":"生成系统告警: 内存使用率过高","metadata":{"autoRecoverable":true,"system":true},"service":"public-opinion-system","severity":"critical","timestamp":"2026-02-12T06:32:36.750Z","title":"内存使用率过高","type":"system_alert"}
{"acknowledged":false,"data":{"usage":0.9047798372821351},"description":"内存使用率达到 90.5%，可能影响系统性能","id":"system_alert_1770877961750_jui7t3qrm","level":"warn","message":"生成系统告警: 内存使用率过高","metadata":{"autoRecoverable":true,"system":true},"service":"public-opinion-system","severity":"critical","timestamp":"2026-02-12T06:32:41.750Z","title":"内存使用率过高","type":"system_alert"}
{"acknowledged":false,"data":{"usage":0.9089878500590051},"description":"内存使用率达到 90.9%，可能影响系统性能","id":"system_alert_1770877966751_35h36h77m","level":"warn","message":"生成系统告警: 内存使用率过高","metadata":{"autoRecoverable":true,"system":true},"service":"public-opinion-system","severity":"critical","timestamp":"2026-02-12T06:32:46.751Z","title":"内存使用率过高","type":"system_alert"}
{"acknowledged":false,"data":{"usage":0.9130437403549383},"description":"内存使用率达到 91.3%，可能影响系统性能","id":"system_alert_1770877971751_idceiy583","level":"warn","message":"生成系统告警: 内存使用率过高","metadata":{"autoRecoverable":true,"system":true},"service":"public-opinion-system","severity":"critical","timestamp":"2026-02-12T06:32:51.751Z","title":"内存使用率过高","type":"system_alert"}
{"acknowledged":false,"data":{"usage":0.9176719515931373},"description":"内存使用率达到 91.8%，可能影响系统性能","id":"system_alert_1770877976753_1in2zs9zh","level":"warn","message":"生成系统告警: 内存使用率过高","metadata":{"autoRecoverable":true,"system":true},"service":"public-opinion-system","severity":"critical","timestamp":"2026-02-12T06:32:56.753Z","title":"内存使用率过高","type":"system_alert"}
{"level":"info","message":"GET / 200 - 4ms","service":"public-opinion-system","timestamp":"2026-02-12T06:33:00.466Z"}
{"acknowledged":false,"data":{"usage":0.9304541405682644},"description":"内存使用率达到 93.0%，可能影响系统性能","id":"system_alert_1770877981766_s0d60ocub","level":"warn","message":"生成系统告警: 内存使用率过高","metadata":{"autoRecoverable":true,"system":true},"service":"public-opinion-system","severity":"critical","timestamp":"2026-02-12T06:33:01.766Z","title":"内存使用率过高","type":"system_alert"}
{"acknowledged":false,"data":{"usage":0.901271800676289},"description":"内存使用率达到 90.1%，可能影响系统性能","id":"system_alert_1770877986767_qwl2p55q9","level":"warn","message":"生成系统告警: 内存使用率过高","metadata":{"autoRecoverable":true,"system":true},"service":"public-opinion-system","severity":"critical","timestamp":"2026-02-12T06:33:06.767Z","title":"内存使用率过高","type":"system_alert"}
{"level":"info","message":"GET /api/docs 200 - 1ms","service":"public-opinion-system","timestamp":"2026-02-12T06:33:09.088Z"}
{"level":"info","message":"GET /@vite/client 404 - 0ms","service":"public-opinion-system","timestamp":"2026-02-12T06:33:09.246Z"}
{"acknowledged":false,"data":{"usage":0.9031356042627751},"description":"内存使用率达到 90.3%，可能影响系统性能","id":"system_alert_1770878006769_axnl24bbk","level":"warn","message":"生成系统告警: 内存使用率过高","metadata":{"autoRecoverable":true,"system":true},"service":"public-opinion-system","severity":"critical","timestamp":"2026-02-12T06:33:26.769Z","title":"内存使用率过高","type":"system_alert"}
{"acknowledged":false,"data":{"usage":0.9070858654187367},"description":"内存使用率达到 90.7%，可能影响系统性能","id":"system_alert_1770878011769_emam0lnze","level":"warn","message":"生成系统告警: 内存使用率过高","metadata":{"autoRecoverable":true,"system":true},"service":"public-opinion-system","severity":"critical","timestamp":"2026-02-12T06:33:31.769Z","title":"内存使用率过高","type":"system_alert"}
{"acknowledged":false,"data":{"usage":0.9110610777812278},"description":"内存使用率达到 91.1%，可能影响系统性能","id":"system_alert_1770878016775_y4z778rtz","level":"warn","message":"生成系统告警: 内存使用率过高","metadata":{"autoRecoverable":true,"system":true},"service":"public-opinion-system","severity":"critical","timestamp":"2026-02-12T06:33:36.775Z","title":"内存使用率过高","type":"system_alert"}
{"acknowledged":false,"data":{"usage":0.9151364415143719},"description":"内存使用率达到 91.5%，可能影响系统性能","id":"system_alert_1770878021775_pdu8m1dyd","level":"warn","message":"生成系统告警: 内存使用率过高","metadata":{"autoRecoverable":true,"system":true},"service":"public-opinion-system","severity":"critical","timestamp":"2026-02-12T06:33:41.775Z","title":"内存使用率过高","type":"system_alert"}
{"level":"info","message":"核心组件初始化完成","service":"public-opinion-system","timestamp":"2026-02-12T06:34:14.135Z"}
{"level":"info","message":"数据收集器初始化完成","service":"public-opinion-system","timestamp":"2026-02-12T06:34:14.139Z"}
{"level":"info","message":"AI分析器初始化完成","service":"public-opinion-system","timestamp":"2026-02-12T06:34:14.139Z"}
{"level":"info","message":"实时监控器初始化完成","service":"public-opinion-system","timestamp":"2026-02-12T06:34:14.140Z"}
{"level":"info","message":"功能模块初始化完成","service":"public-opinion-system","timestamp":"2026-02-12T06:34:14.140Z"}
{"level":"info","message":"启动性能监控","service":"public-opinion-system","timestamp":"2026-02-12T06:34:14.141Z"}
{"level":"info","message":"启动实时监控系统","service":"public-opinion-system","timestamp":"2026-02-12T06:34:14.152Z"}
{"level":"info","message":"建立监控基线","service":"public-opinion-system","timestamp":"2026-02-12T06:34:14.153Z"}
{"level":"info","message":"收集历史数据，时间范围: 24小时","service":"public-opinion-system","timestamp":"2026-02-12T06:34:14.153Z"}
{"level":"info","message":"启动数据流","service":"public-opinion-system","timestamp":"2026-02-12T06:34:14.154Z"}
{"level":"error","message":"建立基线失败: this.calculateBaselineSentiment is not a function","service":"public-opinion-system","stack":"TypeError: this.calculateBaselineSentiment is not a function\n    at RealTimeMonitor.establishBaseline (G:\\trae\\public-opinion-system\\src\\monitoring\\realtime-monitor.js:142:25)","timestamp":"2026-02-12T06:34:14.154Z"}
{"context":{"source":"baseline_establishment"},"error":{"code":"UNKNOWN_ERROR","message":"this.calculateBaselineSentiment is not a function","severity":"medium"},"level":"warn","message":"中级错误:","service":"public-opinion-system","timestamp":"2026-02-12T06:34:14.155Z"}
{"level":"info","message":"错误类型 undefined 不可恢复","service":"public-opinion-system","timestamp":"2026-02-12T06:34:14.156Z"}
{"level":"info","message":"启动技能管理器...","service":"public-opinion-system","timestamp":"2026-02-12T06:34:14.157Z"}
{"level":"info","message":"Web服务器启动成功","service":"public-opinion-system","timestamp":"2026-02-12T06:34:14.160Z"}
{"level":"info","message":"访问地址: http://localhost:3000","service":"public-opinion-system","timestamp":"2026-02-12T06:34:14.160Z"}
{"level":"info","message":"API文档: http://localhost:3000/api/docs","service":"public-opinion-system","timestamp":"2026-02-12T06:34:14.160Z"}
{"level":"info","message":"监控面板: http://localhost:3000/","service":"public-opinion-system","timestamp":"2026-02-12T06:34:14.161Z"}
{"level":"info","message":"加载技能: DataCleaningSkill v1.0.0","service":"public-opinion-system","timestamp":"2026-02-12T06:34:14.163Z"}
{"level":"info","message":"技能管理器启动完成","service":"public-opinion-system","timestamp":"2026-02-12T06:34:14.163Z"}
{"level":"info","message":"所有服务启动完成","service":"public-opinion-system","timestamp":"2026-02-12T06:34:14.163Z"}
{"level":"info","message":"GET / 200 - 7ms","service":"public-opinion-system","timestamp":"2026-02-12T06:34:52.737Z"}
{"level":"info","message":"客户端连接: YKgo8qUH_whUbMrDAAAB","service":"public-opinion-system","timestamp":"2026-02-12T06:34:56.029Z"}
{"level":"info","message":"GET /favicon.ico 404 - 1ms","service":"public-opinion-system","timestamp":"2026-02-12T06:34:56.602Z"}
{"level":"info","message":"核心组件初始化完成","service":"public-opinion-system","timestamp":"2026-02-12T06:36:03.907Z"}
{"level":"info","message":"数据收集器初始化完成","service":"public-opinion-system","timestamp":"2026-02-12T06:36:03.910Z"}
{"level":"info","message":"AI分析器初始化完成","service":"public-opinion-system","timestamp":"2026-02-12T06:36:03.911Z"}
{"level":"info","message":"实时监控器初始化完成","service":"public-opinion-system","timestamp":"2026-02-12T06:36:03.911Z"}
{"level":"info","message":"功能模块初始化完成","service":"public-opinion-system","timestamp":"2026-02-12T06:36:03.912Z"}
{"level":"info","message":"启动性能监控","service":"public-opinion-system","timestamp":"2026-02-12T06:36:03.912Z"}
{"level":"info","message":"启动实时监控系统","service":"public-opinion-system","timestamp":"2026-02-12T06:36:03.925Z"}
{"level":"info","message":"建立监控基线","service":"public-opinion-system","timestamp":"2026-02-12T06:36:03.925Z"}
{"level":"info","message":"收集历史数据，时间范围: 24小时","service":"public-opinion-system","timestamp":"2026-02-12T06:36:03.926Z"}
{"level":"info","message":"启动数据流","service":"public-opinion-system","timestamp":"2026-02-12T06:36:03.926Z"}
{"establishedAt":"2026-02-12T06:36:03.927Z","level":"info","message":"基线建立完成","risk":{"avg":0.6964661210427496,"max":0.970005616188531,"min":0.17886520304097497},"sentiment":{"avg":-0.1874442036768027,"max":0.9178546860987586,"min":-0.9871412897979801},"service":"public-opinion-system","timePattern":{"lowHour":0,"peakHour":0},"timestamp":"2026-02-12T06:36:03.927Z","volume":{"avg":537.5416666666666,"max":1053,"min":134}}
{"level":"info","message":"启动技能管理器...","service":"public-opinion-system","timestamp":"2026-02-12T06:36:03.927Z"}
{"level":"info","message":"加载技能: DataCleaningSkill v1.0.0","service":"public-opinion-system","timestamp":"2026-02-12T06:36:03.929Z"}
{"level":"info","message":"技能管理器启动完成","service":"public-opinion-system","timestamp":"2026-02-12T06:36:03.930Z"}
{"level":"info","message":"所有服务启动完成","service":"public-opinion-system","timestamp":"2026-02-12T06:36:03.930Z"}
{"address":"::1","code":"EADDRINUSE","errno":-4091,"level":"error","message":"未捕获的异常: listen EADDRINUSE: address already in use ::1:3000","port":3000,"service":"public-opinion-system","stack":"Error: listen EADDRINUSE: address already in use ::1:3000\n    at Server.setupListenHandle [as _listen2] (node:net:1940:16)\n    at listenInCluster (node:net:1997:12)\n    at GetAddrInfoReqWrap.callback (node:net:2206:7)\n    at GetAddrInfoReqWrap.onlookupall [as oncomplete] (node:dns:134:8)","syscall":"listen","timestamp":"2026-02-12T06:36:04.041Z"}
{"level":"info","message":"核心组件初始化完成","service":"public-opinion-system","timestamp":"2026-02-12T06:36:09.580Z"}
{"level":"info","message":"数据收集器初始化完成","service":"public-opinion-system","timestamp":"2026-02-12T06:36:09.583Z"}
{"level":"info","message":"AI分析器初始化完成","service":"public-opinion-system","timestamp":"2026-02-12T06:36:09.584Z"}
{"level":"info","message":"实时监控器初始化完成","service":"public-opinion-system","timestamp":"2026-02-12T06:36:09.584Z"}
{"level":"info","message":"功能模块初始化完成","service":"public-opinion-system","timestamp":"2026-02-12T06:36:09.585Z"}
{"level":"info","message":"启动性能监控","service":"public-opinion-system","timestamp":"2026-02-12T06:36:09.585Z"}
{"level":"info","message":"启动实时监控系统","service":"public-opinion-system","timestamp":"2026-02-12T06:36:09.597Z"}
{"level":"info","message":"建立监控基线","service":"public-opinion-system","timestamp":"2026-02-12T06:36:09.598Z"}
{"level":"info","message":"收集历史数据，时间范围: 24小时","service":"public-opinion-system","timestamp":"2026-02-12T06:36:09.598Z"}
{"level":"info","message":"启动数据流","service":"public-opinion-system","timestamp":"2026-02-12T06:36:09.598Z"}
{"establishedAt":"2026-02-12T06:36:09.599Z","level":"info","message":"基线建立完成","risk":{"avg":0.4352248027976855,"max":0.9727790279459383,"min":0.009390789032250768},"sentiment":{"avg":0.06471047706941244,"max":0.8841035922920828,"min":-0.8858509591981809},"service":"public-opinion-system","timePattern":{"lowHour":0,"peakHour":0},"timestamp":"2026-02-12T06:36:09.599Z","volume":{"avg":616.9583333333334,"max":1086,"min":132}}
{"level":"info","message":"启动技能管理器...","service":"public-opinion-system","timestamp":"2026-02-12T06:36:09.600Z"}
{"level":"info","message":"核心组件初始化完成","service":"public-opinion-system","timestamp":"2026-02-12T06:36:22.728Z"}
{"level":"info","message":"数据收集器初始化完成","service":"public-opinion-system","timestamp":"2026-02-12T06:36:22.731Z"}
{"level":"info","message":"AI分析器初始化完成","service":"public-opinion-system","timestamp":"2026-02-12T06:36:22.732Z"}
{"level":"info","message":"实时监控器初始化完成","service":"public-opinion-system","timestamp":"2026-02-12T06:36:22.733Z"}
{"level":"info","message":"功能模块初始化完成","service":"public-opinion-system","timestamp":"2026-02-12T06:36:22.733Z"}
{"level":"info","message":"启动性能监控","service":"public-opinion-system","timestamp":"2026-02-12T06:36:22.733Z"}
{"level":"info","message":"启动实时监控系统","service":"public-opinion-system","timestamp":"2026-02-12T06:36:22.745Z"}
{"level":"info","message":"建立监控基线","service":"public-opinion-system","timestamp":"2026-02-12T06:36:22.746Z"}
{"level":"info","message":"收集历史数据，时间范围: 24小时","service":"public-opinion-system","timestamp":"2026-02-12T06:36:22.746Z"}
{"level":"info","message":"启动数据流","service":"public-opinion-system","timestamp":"2026-02-12T06:36:22.747Z"}
{"establishedAt":"2026-02-12T06:36:22.748Z","level":"info","message":"基线建立完成","risk":{"avg":0.42346230454238665,"max":0.9861556665984497,"min":0.006908821093112749},"sentiment":{"avg":0.25872417873865167,"max":0.9953084878566949,"min":-0.9471562033723193},"service":"public-opinion-system","timePattern":{"lowHour":0,"peakHour":0},"timestamp":"2026-02-12T06:36:22.748Z","volume":{"avg":554.2083333333334,"max":987,"min":130}}
{"level":"info","message":"启动技能管理器...","service":"public-opinion-system","timestamp":"2026-02-12T06:36:22.749Z"}
{"level":"info","message":"Web服务器启动成功","service":"public-opinion-system","timestamp":"2026-02-12T06:36:22.752Z"}
{"level":"info","message":"访问地址: http://localhost:3001","service":"public-opinion-system","timestamp":"2026-02-12T06:36:22.752Z"}
{"level":"info","message":"API文档: http://localhost:3001/api/docs","service":"public-opinion-system","timestamp":"2026-02-12T06:36:22.752Z"}
{"level":"info","message":"监控面板: http://localhost:3001/","service":"public-opinion-system","timestamp":"2026-02-12T06:36:22.753Z"}
{"level":"info","message":"加载技能: DataCleaningSkill v1.0.0","service":"public-opinion-system","timestamp":"2026-02-12T06:36:22.755Z"}
{"level":"info","message":"技能管理器启动完成","service":"public-opinion-system","timestamp":"2026-02-12T06:36:22.755Z"}
{"level":"info","message":"所有服务启动完成","service":"public-opinion-system","timestamp":"2026-02-12T06:36:22.756Z"}
{"acknowledged":false,"data":{"usage":0.9027778919956141},"description":"内存使用率达到 90.3%，可能影响系统性能","id":"system_alert_1770878189590_ogku9pnw5","level":"warn","message":"生成系统告警: 内存使用率过高","metadata":{"autoRecoverable":true,"system":true},"service":"public-opinion-system","severity":"critical","timestamp":"2026-02-12T06:36:29.591Z","title":"内存使用率过高","type":"system_alert"}
{"level":"info","message":"GET /health 200 - 3ms","service":"public-opinion-system","timestamp":"2026-02-12T06:36:31.882Z"}
{"level":"info","message":"GET /stats 200 - 1ms","service":"public-opinion-system","timestamp":"2026-02-12T06:36:42.913Z"}
{"acknowledged":false,"data":{"usage":0.9066837487371419},"description":"内存使用率达到 90.7%，可能影响系统性能","id":"system_alert_1770878207759_zm0si405v","level":"warn","message":"生成系统告警: 内存使用率过高","metadata":{"autoRecoverable":true,"system":true},"service":"public-opinion-system","severity":"critical","timestamp":"2026-02-12T06:36:47.759Z","title":"内存使用率过高","type":"system_alert"}
{"acknowledged":false,"data":{"usage":0.9127052862095886},"description":"内存使用率达到 91.3%，可能影响系统性能","id":"system_alert_1770878212759_qiu61d2w6","level":"warn","message":"生成系统告警: 内存使用率过高","metadata":{"autoRecoverable":true,"system":true},"service":"public-opinion-system","severity":"critical","timestamp":"2026-02-12T06:36:52.759Z","title":"内存使用率过高","type":"system_alert"}
{"level":"info","message":"获取数据列表: 关键词=测试, 平台=, 时间范围=-","service":"public-opinion-system","timestamp":"2026-02-12T06:36:54.843Z"}
{"level":"info","message":"GET / 200 - 25ms","service":"public-opinion-system","timestamp":"2026-02-12T06:36:54.868Z"}
{"acknowledged":false,"data":{"usage":0.9028246702261307},"description":"内存使用率达到 90.3%，可能影响系统性能","id":"system_alert_1770878217773_wmv4kt3if","level":"warn","message":"生成系统告警: 内存使用率过高","metadata":{"autoRecoverable":true,"system":true},"service":"public-opinion-system","severity":"critical","timestamp":"2026-02-12T06:36:57.773Z","title":"内存使用率过高","type":"system_alert"}
{"acknowledged":false,"data":{"usage":0.9072542539707465},"description":"内存使用率达到 90.7%，可能影响系统性能","id":"system_alert_1770878222774_w93z77r1a","level":"warn","message":"生成系统告警: 内存使用率过高","metadata":{"autoRecoverable":true,"system":true},"service":"public-opinion-system","severity":"critical","timestamp":"2026-02-12T06:37:02.774Z","title":"内存使用率过高","type":"system_alert"}
{"acknowledged":false,"data":{"usage":0.9002785773026316},"description":"内存使用率达到 90.0%，可能影响系统性能","id":"system_alert_1770878234609_2otz7ntta","level":"warn","message":"生成系统告警: 内存使用率过高","metadata":{"autoRecoverable":true,"system":true},"service":"public-opinion-system","severity":"critical","timestamp":"2026-02-12T06:37:14.609Z","title":"内存使用率过高","type":"system_alert"}
{"acknowledged":false,"data":{"usage":0.9040350877192982},"description":"内存使用率达到 90.4%，可能影响系统性能","id":"system_alert_1770878239609_1pzncp31l","level":"warn","message":"生成系统告警: 内存使用率过高","metadata":{"autoRecoverable":true,"system":true},"service":"public-opinion-system","severity":"critical","timestamp":"2026-02-12T06:37:19.609Z","title":"内存使用率过高","type":"system_alert"}
{"acknowledged":false,"data":{"usage":0.9081746847587719},"description":"内存使用率达到 90.8%，可能影响系统性能","id":"system_alert_1770878244609_v9zg8gkzo","level":"warn","message":"生成系统告警: 内存使用率过高","metadata":{"autoRecoverable":true,"system":true},"service":"public-opinion-system","severity":"critical","timestamp":"2026-02-12T06:37:24.609Z","title":"内存使用率过高","type":"system_alert"}
{"level":"info","message":"核心组件初始化完成","service":"public-opinion-system","timestamp":"2026-02-12T06:37:46.045Z"}
{"level":"info","message":"数据收集器初始化完成","service":"public-opinion-system","timestamp":"2026-02-12T06:37:46.048Z"}
{"level":"info","message":"AI分析器初始化完成","service":"public-opinion-system","timestamp":"2026-02-12T06:37:46.049Z"}
{"level":"info","message":"实时监控器初始化完成","service":"public-opinion-system","timestamp":"2026-02-12T06:37:46.050Z"}
{"level":"info","message":"功能模块初始化完成","service":"public-opinion-system","timestamp":"2026-02-12T06:37:46.050Z"}
{"level":"info","message":"启动性能监控","service":"public-opinion-system","timestamp":"2026-02-12T06:37:46.051Z"}
{"level":"info","message":"启动实时监控系统","service":"public-opinion-system","timestamp":"2026-02-12T06:37:46.061Z"}
{"level":"info","message":"建立监控基线","service":"public-opinion-system","timestamp":"2026-02-12T06:37:46.062Z"}
{"level":"info","message":"收集历史数据，时间范围: 24小时","service":"public-opinion-system","timestamp":"2026-02-12T06:37:46.063Z"}
{"level":"info","message":"启动数据流","service":"public-opinion-system","timestamp":"2026-02-12T06:37:46.063Z"}
{"establishedAt":"2026-02-12T06:37:46.064Z","level":"info","message":"基线建立完成","risk":{"avg":0.45448428432880705,"max":0.9249917832348636,"min":0.04500791706699625},"sentiment":{"avg":-0.18142390662879512,"max":0.9961813308945087,"min":-0.9900032232130822},"service":"public-opinion-system","timePattern":{"lowHour":0,"peakHour":0},"timestamp":"2026-02-12T06:37:46.064Z","volume":{"avg":538.625,"max":1097,"min":101}}
{"level":"info","message":"启动技能管理器...","service":"public-opinion-system","timestamp":"2026-02-12T06:37:46.065Z"}
{"level":"info","message":"核心组件初始化完成","service":"public-opinion-system","timestamp":"2026-02-12T06:38:29.723Z"}
{"level":"info","message":"数据收集器初始化完成","service":"public-opinion-system","timestamp":"2026-02-12T06:38:29.726Z"}
{"level":"info","message":"AI分析器初始化完成","service":"public-opinion-system","timestamp":"2026-02-12T06:38:29.727Z"}
{"level":"info","message":"实时监控器初始化完成","service":"public-opinion-system","timestamp":"2026-02-12T06:38:29.727Z"}
{"level":"info","message":"功能模块初始化完成","service":"public-opinion-system","timestamp":"2026-02-12T06:38:29.728Z"}
{"level":"info","message":"启动性能监控","service":"public-opinion-system","timestamp":"2026-02-12T06:38:29.728Z"}
{"level":"info","message":"启动实时监控系统","service":"public-opinion-system","timestamp":"2026-02-12T06:38:29.738Z"}
{"level":"info","message":"建立监控基线","service":"public-opinion-system","timestamp":"2026-02-12T06:38:29.739Z"}
{"level":"info","message":"收集历史数据，时间范围: 24小时","service":"public-opinion-system","timestamp":"2026-02-12T06:38:29.740Z"}
{"level":"info","message":"启动数据流","service":"public-opinion-system","timestamp":"2026-02-12T06:38:29.740Z"}
{"establishedAt":"2026-02-12T06:38:29.741Z","level":"info","message":"基线建立完成","risk":{"avg":0.47734932329115914,"max":0.9622137289391655,"min":0.08131203080417404},"sentiment":{"avg":0.12999609336054505,"max":0.9960939680878953,"min":-0.7580995541450493},"service":"public-opinion-system","timePattern":{"lowHour":0,"peakHour":0},"timestamp":"2026-02-12T06:38:29.741Z","volume":{"avg":511.9166666666667,"max":1091,"min":117}}
{"level":"info","message":"启动技能管理器...","service":"public-opinion-system","timestamp":"2026-02-12T06:38:29.742Z"}
{"level":"info","message":"Web服务器启动成功","service":"public-opinion-system","timestamp":"2026-02-12T06:38:29.745Z"}
{"level":"info","message":"访问地址: http://localhost:3000","service":"public-opinion-system","timestamp":"2026-02-12T06:38:29.745Z"}
{"level":"info","message":"API文档: http://localhost:3000/api/docs","service":"public-opinion-system","timestamp":"2026-02-12T06:38:29.745Z"}
{"level":"info","message":"监控面板: http://localhost:3000/","service":"public-opinion-system","timestamp":"2026-02-12T06:38:29.745Z"}
{"level":"info","message":"加载技能: DataCleaningSkill v1.0.0","service":"public-opinion-system","timestamp":"2026-02-12T06:38:29.747Z"}
{"level":"info","message":"技能管理器启动完成","service":"public-opinion-system","timestamp":"2026-02-12T06:38:29.747Z"}
{"level":"info","message":"所有服务启动完成","service":"public-opinion-system","timestamp":"2026-02-12T06:38:29.748Z"}
{"level":"info","message":"客户端连接: E7744MzEEkF9Hto_AAAB","service":"public-opinion-system","timestamp":"2026-02-12T06:38:29.916Z"}
{"level":"info","message":"GET / 304 - 3ms","service":"public-opinion-system","timestamp":"2026-02-12T06:38:34.595Z"}
{"level":"info","message":"客户端连接: 1LSC0GQDyGTSbZt2AAAD","service":"public-opinion-system","timestamp":"2026-02-12T06:38:35.750Z"}
{"level":"info","message":"客户端断开连接: 1LSC0GQDyGTSbZt2AAAD","service":"public-opinion-system","timestamp":"2026-02-12T06:38:38.846Z"}
{"level":"info","message":"GET / 304 - 2ms","service":"public-opinion-system","timestamp":"2026-02-12T06:38:38.847Z"}
{"level":"info","message":"客户端连接: qYxzm0Qm4DzW5d1MAAAF","service":"public-opinion-system","timestamp":"2026-02-12T06:38:39.082Z"}
{"level":"info","message":"客户端断开连接: qYxzm0Qm4DzW5d1MAAAF","service":"public-opinion-system","timestamp":"2026-02-12T06:38:39.819Z"}
{"level":"info","message":"GET / 304 - 0ms","service":"public-opinion-system","timestamp":"2026-02-12T06:38:39.820Z"}
{"level":"info","message":"客户端连接: bh1ez9Nqbzk-zF6CAAAH","service":"public-opinion-system","timestamp":"2026-02-12T06:38:39.871Z"}
{"acknowledged":false,"data":{"usage":0.9073999451754386},"description":"内存使用率达到 90.7%，可能影响系统性能","id":"system_alert_1770878324742_ni7n60i4i","level":"warn","message":"生成系统告警: 内存使用率过高","metadata":{"autoRecoverable":true,"system":true},"service":"public-opinion-system","severity":"critical","timestamp":"2026-02-12T06:38:44.742Z","title":"内存使用率过高","type":"system_alert"}
{"level":"info","message":"客户端断开连接: bh1ez9Nqbzk-zF6CAAAH","service":"public-opinion-system","timestamp":"2026-02-12T06:39:25.289Z"}
{"level":"info","message":"客户端断开连接: E7744MzEEkF9Hto_AAAB","service":"public-opinion-system","timestamp":"2026-02-12T06:39:28.933Z"}
{"level":"error","message":"未捕获的异常: this.monitor.stopMonitoring is not a function","service":"public-opinion-system","stack":"TypeError: this.monitor.stopMonitoring is not a function\n    at Socket.<anonymous> (G:\\trae\\public-opinion-system\\src\\web\\server.js:173:24)\n    at Socket.emit (node:events:508:28)\n    at Socket.emitReserved (G:\\trae\\public-opinion-system\\node_modules\\socket.io\\dist\\typed-events.js:56:22)\n    at Socket._onclose (G:\\trae\\public-opinion-system\\node_modules\\socket.io\\dist\\socket.js:554:14)\n    at Client.onclose (G:\\trae\\public-opinion-system\\node_modules\\socket.io\\dist\\client.js:253:20)\n    at Socket.emit (node:events:520:35)\n    at Socket.onClose (G:\\trae\\public-opinion-system\\node_modules\\engine.io\\build\\socket.js:320:18)\n    at Object.onceWrapper (node:events:622:28)\n    at WebSocket.emit (node:events:508:28)\n    at WebSocket.onClose (G:\\trae\\public-opinion-system\\node_modules\\engine.io\\build\\transport.js:114:14)","timestamp":"2026-02-12T06:39:28.998Z"}
{"level":"error","message":"未捕获的异常: this.monitor.stopMonitoring is not a function","service":"public-opinion-system","stack":"TypeError: this.monitor.stopMonitoring is not a function\n    at Socket.<anonymous> (G:\\trae\\public-opinion-system\\src\\web\\server.js:173:24)\n    at Socket.emit (node:events:508:28)\n    at Socket.emitReserved (G:\\trae\\public-opinion-system\\node_modules\\socket.io\\dist\\typed-events.js:56:22)\n    at Socket._onclose (G:\\trae\\public-opinion-system\\node_modules\\socket.io\\dist\\socket.js:554:14)\n    at Client.onclose (G:\\trae\\public-opinion-system\\node_modules\\socket.io\\dist\\client.js:253:20)\n    at Socket.emit (node:events:520:35)\n    at Socket.onClose (G:\\trae\\public-opinion-system\\node_modules\\engine.io\\build\\socket.js:320:18)\n    at Object.onceWrapper (node:events:622:28)\n    at WebSocket.emit (node:events:508:28)\n    at WebSocket.onClose (G:\\trae\\public-opinion-system\\node_modules\\engine.io\\build\\transport.js:114:14)","timestamp":"2026-02-12T06:39:29.009Z"}
{"level":"info","message":"正在优雅关闭Web服务器...","service":"public-opinion-system","timestamp":"2026-02-12T06:39:29.010Z"}
{"context":{"source":"unhandled_rejection"},"error":{"code":"UNKNOWN_ERROR","message":"Unhandled Promise Rejection: TypeError: Cannot read properties of null (reading 'error')","severity":"medium"},"level":"warn","message":"中级错误:","service":"public-opinion-system","timestamp":"2026-02-12T06:46:23.073Z"}
{"level":"info","message":"错误类型 undefined 不可恢复","service":"public-opinion-system","timestamp":"2026-02-12T06:46:23.077Z"}
{"context":{"source":"unhandled_rejection"},"error":{"code":"UNKNOWN_ERROR","message":"Unhandled Promise Rejection: TypeError: Cannot read properties of null (reading 'error')","severity":"medium"},"level":"warn","message":"中级错误:","service":"public-opinion-system","timestamp":"2026-02-12T06:48:55.006Z"}
{"level":"info","message":"错误类型 undefined 不可恢复","service":"public-opinion-system","timestamp":"2026-02-12T06:48:55.009Z"}
{"context":{"source":"unhandled_rejection"},"error":{"code":"UNKNOWN_ERROR","message":"Unhandled Promise Rejection: TypeError: Cannot read properties of null (reading 'error')","severity":"medium"},"level":"warn","message":"中级错误:","service":"public-opinion-system","timestamp":"2026-02-12T06:49:57.571Z"}
{"level":"info","message":"错误类型 undefined 不可恢复","service":"public-opinion-system","timestamp":"2026-02-12T06:49:57.575Z"}
{"context":{"source":"unhandled_rejection"},"error":{"code":"UNKNOWN_ERROR","message":"Unhandled Promise Rejection: TypeError: Cannot read properties of null (reading 'error')","severity":"medium"},"level":"warn","message":"中级错误:","service":"public-opinion-system","timestamp":"2026-02-12T06:51:38.547Z"}
{"level":"info","message":"错误类型 undefined 不可恢复","service":"public-opinion-system","timestamp":"2026-02-12T06:51:38.550Z"}
{"level":"info","message":"初始化高级数据采集器V2","service":"public-opinion-system","timestamp":"2026-02-12T06:52:24.165Z"}
{"level":"info","message":"初始化高级微博爬虫V2","service":"public-opinion-system","timestamp":"2026-02-12T06:52:24.167Z"}
{"level":"info","message":"初始化IP代理池","service":"public-opinion-system","timestamp":"2026-02-12T06:52:24.168Z"}
{"level":"warn","message":"从API加载代理失败:","service":"public-opinion-system","timestamp":"2026-02-12T06:52:24.375Z"}
{"level":"info","message":"代理池初始化完成，可用代理: 0","service":"public-opinion-system","timestamp":"2026-02-12T06:52:24.376Z"}
{"level":"info","message":"初始化会话管理器","service":"public-opinion-system","timestamp":"2026-02-12T06:52:24.376Z"}
{"level":"info","message":"高级微博爬虫V2初始化完成","service":"public-opinion-system","timestamp":"2026-02-12T06:52:24.377Z"}
{"level":"info","message":"采集器 weibo 初始化完成","service":"public-opinion-system","timestamp":"2026-02-12T06:52:24.377Z"}
{"level":"info","message":"高级数据采集器V2初始化完成","service":"public-opinion-system","timestamp":"2026-02-12T06:52:24.378Z"}
{"level":"info","message":"初始化增强AI分析引擎V2...","service":"public-opinion-system","timestamp":"2026-02-12T06:52:24.379Z"}
{"level":"info","message":"初始化Agent: DeepLearningSentimentAgent","service":"public-opinion-system","timestamp":"2026-02-12T06:52:24.379Z"}
{"level":"info","message":"加载深度学习情感分析模型...","service":"public-opinion-system","timestamp":"2026-02-12T06:52:24.379Z"}
{"level":"info","message":"深度学习模型加载完成","service":"public-opinion-system","timestamp":"2026-02-12T06:52:24.380Z"}
{"level":"info","message":"增强Agent sentiment 初始化完成","service":"public-opinion-system","timestamp":"2026-02-12T06:52:24.380Z"}
{"level":"info","message":"初始化Agent: TopicModelingAgent","service":"public-opinion-system","timestamp":"2026-02-12T06:52:24.380Z"}
{"level":"info","message":"加载主题建模模型...","service":"public-opinion-system","timestamp":"2026-02-12T06:52:24.381Z"}
{"level":"info","message":"主题建模模型加载完成","service":"public-opinion-system","timestamp":"2026-02-12T06:52:24.381Z"}
{"level":"info","message":"增强Agent topic 初始化完成","service":"public-opinion-system","timestamp":"2026-02-12T06:52:24.381Z"}
{"level":"info","message":"初始化Agent: NeuralRiskAssessmentAgent","service":"public-opinion-system","timestamp":"2026-02-12T06:52:24.382Z"}
{"level":"info","message":"加载神经网络风险评估模型...","service":"public-opinion-system","timestamp":"2026-02-12T06:52:24.382Z"}
{"level":"info","message":"神经网络风险评估模型加载完成","service":"public-opinion-system","timestamp":"2026-02-12T06:52:24.382Z"}
{"level":"info","message":"增强Agent risk 初始化完成","service":"public-opinion-system","timestamp":"2026-02-12T06:52:24.382Z"}
{"level":"info","message":"增强AI分析引擎V2初始化完成","service":"public-opinion-system","timestamp":"2026-02-12T06:52:24.383Z"}
{"level":"info","message":"启动技能管理器...","service":"public-opinion-system","timestamp":"2026-02-12T06:52:24.384Z"}
{"level":"info","message":"加载技能: DataCleaningSkill v1.0.0","service":"public-opinion-system","timestamp":"2026-02-12T06:52:24.410Z"}
{"level":"info","message":"技能管理器启动完成","service":"public-opinion-system","timestamp":"2026-02-12T06:52:24.411Z"}
{"context":{"source":"unhandled_rejection"},"error":{"code":"UNKNOWN_ERROR","message":"Unhandled Promise Rejection: TypeError: Cannot read properties of null (reading 'error')","severity":"medium"},"level":"warn","message":"中级错误:","service":"public-opinion-system","timestamp":"2026-02-12T06:52:24.413Z"}
{"level":"info","message":"错误类型 undefined 不可恢复","service":"public-opinion-system","timestamp":"2026-02-12T06:52:24.414Z"}
{"level":"info","message":"初始化高级数据采集器V2","service":"public-opinion-system","timestamp":"2026-02-12T06:53:37.174Z"}
{"level":"info","message":"初始化高级微博爬虫V2","service":"public-opinion-system","timestamp":"2026-02-12T06:53:37.177Z"}
{"level":"info","message":"初始化IP代理池","service":"public-opinion-system","timestamp":"2026-02-12T06:53:37.177Z"}
{"level":"warn","message":"从API加载代理失败:","service":"public-opinion-system","timestamp":"2026-02-12T06:53:37.235Z"}
{"level":"info","message":"代理池初始化完成，可用代理: 0","service":"public-opinion-system","timestamp":"2026-02-12T06:53:37.236Z"}
{"level":"info","message":"初始化会话管理器","service":"public-opinion-system","timestamp":"2026-02-12T06:53:37.236Z"}
{"level":"info","message":"高级微博爬虫V2初始化完成","service":"public-opinion-system","timestamp":"2026-02-12T06:53:37.237Z"}
{"level":"info","message":"采集器 weibo 初始化完成","service":"public-opinion-system","timestamp":"2026-02-12T06:53:37.237Z"}
{"level":"info","message":"高级数据采集器V2初始化完成","service":"public-opinion-system","timestamp":"2026-02-12T06:53:37.237Z"}
{"level":"info","message":"初始化增强AI分析引擎V2...","service":"public-opinion-system","timestamp":"2026-02-12T06:53:37.238Z"}
{"level":"info","message":"初始化Agent: DeepLearningSentimentAgent","service":"public-opinion-system","timestamp":"2026-02-12T06:53:37.238Z"}
{"level":"info","message":"加载深度学习情感分析模型...","service":"public-opinion-system","timestamp":"2026-02-12T06:53:37.239Z"}
{"level":"info","message":"深度学习模型加载完成","service":"public-opinion-system","timestamp":"2026-02-12T06:53:37.239Z"}
{"level":"info","message":"增强Agent sentiment 初始化完成","service":"public-opinion-system","timestamp":"2026-02-12T06:53:37.239Z"}
{"level":"info","message":"初始化Agent: TopicModelingAgent","service":"public-opinion-system","timestamp":"2026-02-12T06:53:37.239Z"}
{"level":"info","message":"加载主题建模模型...","service":"public-opinion-system","timestamp":"2026-02-12T06:53:37.240Z"}
{"level":"info","message":"主题建模模型加载完成","service":"public-opinion-system","timestamp":"2026-02-12T06:53:37.240Z"}
{"level":"info","message":"增强Agent topic 初始化完成","service":"public-opinion-system","timestamp":"2026-02-12T06:53:37.240Z"}
{"level":"info","message":"初始化Agent: NeuralRiskAssessmentAgent","service":"public-opinion-system","timestamp":"2026-02-12T06:53:37.240Z"}
{"level":"info","message":"加载神经网络风险评估模型...","service":"public-opinion-system","timestamp":"2026-02-12T06:53:37.241Z"}
{"level":"info","message":"神经网络风险评估模型加载完成","service":"public-opinion-system","timestamp":"2026-02-12T06:53:37.241Z"}
{"level":"info","message":"增强Agent risk 初始化完成","service":"public-opinion-system","timestamp":"2026-02-12T06:53:37.241Z"}
{"level":"info","message":"增强AI分析引擎V2初始化完成","service":"public-opinion-system","timestamp":"2026-02-12T06:53:37.241Z"}
{"level":"info","message":"启动技能管理器...","service":"public-opinion-system","timestamp":"2026-02-12T06:53:37.242Z"}
{"level":"info","message":"加载技能: DataCleaningSkill v1.0.0","service":"public-opinion-system","timestamp":"2026-02-12T06:53:37.245Z"}
{"level":"info","message":"技能管理器启动完成","service":"public-opinion-system","timestamp":"2026-02-12T06:53:37.245Z"}
{"level":"info","message":"开始数据采集任务 collect_1770879217246，关键词: 疫情, 疫苗","service":"public-opinion-system","timestamp":"2026-02-12T06:53:37.246Z"}
{"level":"info","message":"开始从 weibo 采集数据...","service":"public-opinion-system","timestamp":"2026-02-12T06:53:37.246Z"}
{"level":"warn","message":"没有可用的健康代理","service":"public-opinion-system","timestamp":"2026-02-12T06:53:37.247Z"}
{"level":"info","message":"创建新会话: session_1770879217247_4s7p5js4x","service":"public-opinion-system","timestamp":"2026-02-12T06:53:37.247Z"}
{"level":"warn","message":"没有可用的健康代理","service":"public-opinion-system","timestamp":"2026-02-12T06:53:38.723Z"}
{"level":"info","message":"从 weibo 采集到 0 条数据","service":"public-opinion-system","timestamp":"2026-02-12T06:53:40.385Z"}
{"level":"warn","message":"不支持的平台: zhihu","service":"public-opinion-system","timestamp":"2026-02-12T06:53:40.385Z"}
{"level":"info","message":"数据验证完成: 有效 0 条, 无效 0 条","service":"public-opinion-system","timestamp":"2026-02-12T06:53:40.386Z"}
{"level":"info","message":"数据采集任务 collect_1770879217246 完成，共采集 0 条有效数据","service":"public-opinion-system","timestamp":"2026-02-12T06:53:40.386Z"}
{"level":"info","message":"初始化高级数据采集器V2","service":"public-opinion-system","timestamp":"2026-02-12T06:54:14.627Z"}
{"level":"info","message":"初始化高级微博爬虫V2","service":"public-opinion-system","timestamp":"2026-02-12T06:54:14.630Z"}
{"level":"info","message":"初始化IP代理池","service":"public-opinion-system","timestamp":"2026-02-12T06:54:14.631Z"}
{"level":"warn","message":"从API加载代理失败:","service":"public-opinion-system","timestamp":"2026-02-12T06:54:14.682Z"}
{"level":"info","message":"代理池初始化完成，可用代理: 0","service":"public-opinion-system","timestamp":"2026-02-12T06:54:14.683Z"}
{"level":"info","message":"初始化会话管理器","service":"public-opinion-system","timestamp":"2026-02-12T06:54:14.683Z"}
{"level":"info","message":"高级微博爬虫V2初始化完成","service":"public-opinion-system","timestamp":"2026-02-12T06:54:14.684Z"}
{"level":"info","message":"采集器 weibo 初始化完成","service":"public-opinion-system","timestamp":"2026-02-12T06:54:14.684Z"}
{"level":"info","message":"高级数据采集器V2初始化完成","service":"public-opinion-system","timestamp":"2026-02-12T06:54:14.684Z"}
{"level":"info","message":"初始化增强AI分析引擎V2...","service":"public-opinion-system","timestamp":"2026-02-12T06:54:14.685Z"}
{"level":"info","message":"初始化Agent: DeepLearningSentimentAgent","service":"public-opinion-system","timestamp":"2026-02-12T06:54:14.685Z"}
{"level":"info","message":"加载深度学习情感分析模型...","service":"public-opinion-system","timestamp":"2026-02-12T06:54:14.686Z"}
{"level":"info","message":"深度学习模型加载完成","service":"public-opinion-system","timestamp":"2026-02-12T06:54:14.686Z"}
{"level":"info","message":"增强Agent sentiment 初始化完成","service":"public-opinion-system","timestamp":"2026-02-12T06:54:14.686Z"}
{"level":"info","message":"初始化Agent: TopicModelingAgent","service":"public-opinion-system","timestamp":"2026-02-12T06:54:14.686Z"}
{"level":"info","message":"加载主题建模模型...","service":"public-opinion-system","timestamp":"2026-02-12T06:54:14.687Z"}
{"level":"info","message":"主题建模模型加载完成","service":"public-opinion-system","timestamp":"2026-02-12T06:54:14.687Z"}
{"level":"info","message":"增强Agent topic 初始化完成","service":"public-opinion-system","timestamp":"2026-02-12T06:54:14.687Z"}
{"level":"info","message":"初始化Agent: NeuralRiskAssessmentAgent","service":"public-opinion-system","timestamp":"2026-02-12T06:54:14.687Z"}
{"level":"info","message":"加载神经网络风险评估模型...","service":"public-opinion-system","timestamp":"2026-02-12T06:54:14.688Z"}
{"level":"info","message":"神经网络风险评估模型加载完成","service":"public-opinion-system","timestamp":"2026-02-12T06:54:14.688Z"}
{"level":"info","message":"增强Agent risk 初始化完成","service":"public-opinion-system","timestamp":"2026-02-12T06:54:14.688Z"}
{"level":"info","message":"增强AI分析引擎V2初始化完成","service":"public-opinion-system","timestamp":"2026-02-12T06:54:14.688Z"}
{"level":"info","message":"启动技能管理器...","service":"public-opinion-system","timestamp":"2026-02-12T06:54:14.689Z"}
{"level":"info","message":"加载技能: DataCleaningSkill v1.0.0","service":"public-opinion-system","timestamp":"2026-02-12T06:54:14.691Z"}
{"level":"info","message":"技能管理器启动完成","service":"public-opinion-system","timestamp":"2026-02-12T06:54:14.691Z"}
{"level":"info","message":"开始数据采集任务 collect_1770879254692，关键词: 疫情","service":"public-opinion-system","timestamp":"2026-02-12T06:54:14.692Z"}
{"level":"info","message":"开始从 weibo 采集数据...","service":"public-opinion-system","timestamp":"2026-02-12T06:54:14.692Z"}
{"level":"warn","message":"没有可用的健康代理","service":"public-opinion-system","timestamp":"2026-02-12T06:54:14.693Z"}
{"level":"info","message":"创建新会话: session_1770879254693_6zbuah673","service":"public-opinion-system","timestamp":"2026-02-12T06:54:14.693Z"}
{"level":"info","message":"从 weibo 采集到 0 条数据","service":"public-opinion-system","timestamp":"2026-02-12T06:54:15.951Z"}
{"level":"info","message":"数据验证完成: 有效 0 条, 无效 0 条","service":"public-opinion-system","timestamp":"2026-02-12T06:54:15.952Z"}
{"level":"info","message":"数据采集任务 collect_1770879254692 完成，共采集 0 条有效数据","service":"public-opinion-system","timestamp":"2026-02-12T06:54:15.952Z"}
{"level":"info","message":"初始化高级数据采集器V2","service":"public-opinion-system","timestamp":"2026-02-12T06:54:47.002Z"}
{"level":"info","message":"初始化高级微博爬虫V2","service":"public-opinion-system","timestamp":"2026-02-12T06:54:47.005Z"}
{"level":"info","message":"初始化IP代理池","service":"public-opinion-system","timestamp":"2026-02-12T06:54:47.005Z"}
{"level":"warn","message":"从API加载代理失败:","service":"public-opinion-system","timestamp":"2026-02-12T06:54:47.055Z"}
{"level":"info","message":"代理池初始化完成，可用代理: 0","service":"public-opinion-system","timestamp":"2026-02-12T06:54:47.055Z"}
{"level":"info","message":"初始化会话管理器","service":"public-opinion-system","timestamp":"2026-02-12T06:54:47.056Z"}
{"level":"info","message":"高级微博爬虫V2初始化完成","service":"public-opinion-system","timestamp":"2026-02-12T06:54:47.056Z"}
{"level":"info","message":"采集器 weibo 初始化完成","service":"public-opinion-system","timestamp":"2026-02-12T06:54:47.056Z"}
{"level":"info","message":"高级数据采集器V2初始化完成","service":"public-opinion-system","timestamp":"2026-02-12T06:54:47.057Z"}
{"level":"info","message":"初始化增强AI分析引擎V2...","service":"public-opinion-system","timestamp":"2026-02-12T06:54:47.057Z"}
{"level":"info","message":"初始化Agent: DeepLearningSentimentAgent","service":"public-opinion-system","timestamp":"2026-02-12T06:54:47.058Z"}
{"level":"info","message":"加载深度学习情感分析模型...","service":"public-opinion-system","timestamp":"2026-02-12T06:54:47.058Z"}
{"level":"info","message":"深度学习模型加载完成","service":"public-opinion-system","timestamp":"2026-02-12T06:54:47.058Z"}
{"level":"info","message":"增强Agent sentiment 初始化完成","service":"public-opinion-system","timestamp":"2026-02-12T06:54:47.059Z"}
{"level":"info","message":"初始化Agent: TopicModelingAgent","service":"public-opinion-system","timestamp":"2026-02-12T06:54:47.059Z"}
{"level":"info","message":"加载主题建模模型...","service":"public-opinion-system","timestamp":"2026-02-12T06:54:47.059Z"}
{"level":"info","message":"主题建模模型加载完成","service":"public-opinion-system","timestamp":"2026-02-12T06:54:47.060Z"}
{"level":"info","message":"增强Agent topic 初始化完成","service":"public-opinion-system","timestamp":"2026-02-12T06:54:47.060Z"}
{"level":"info","message":"初始化Agent: NeuralRiskAssessmentAgent","service":"public-opinion-system","timestamp":"2026-02-12T06:54:47.060Z"}
{"level":"info","message":"加载神经网络风险评估模型...","service":"public-opinion-system","timestamp":"2026-02-12T06:54:47.061Z"}
{"level":"info","message":"神经网络风险评估模型加载完成","service":"public-opinion-system","timestamp":"2026-02-12T06:54:47.061Z"}
{"level":"info","message":"增强Agent risk 初始化完成","service":"public-opinion-system","timestamp":"2026-02-12T06:54:47.061Z"}
{"level":"info","message":"增强AI分析引擎V2初始化完成","service":"public-opinion-system","timestamp":"2026-02-12T06:54:47.061Z"}
{"level":"info","message":"启动技能管理器...","service":"public-opinion-system","timestamp":"2026-02-12T06:54:47.062Z"}
{"level":"info","message":"加载技能: DataCleaningSkill v1.0.0","service":"public-opinion-system","timestamp":"2026-02-12T06:54:47.066Z"}
{"level":"info","message":"技能管理器启动完成","service":"public-opinion-system","timestamp":"2026-02-12T06:54:47.066Z"}
{"level":"info","message":"开始数据采集任务 collect_1770879287068，关键词: 疫情, 疫苗","service":"public-opinion-system","timestamp":"2026-02-12T06:54:47.068Z"}
{"level":"info","message":"开始从 weibo 采集数据...","service":"public-opinion-system","timestamp":"2026-02-12T06:54:47.068Z"}
{"level":"warn","message":"没有可用的健康代理","service":"public-opinion-system","timestamp":"2026-02-12T06:54:47.069Z"}
{"level":"info","message":"创建新会话: session_1770879287069_jueeif847","service":"public-opinion-system","timestamp":"2026-02-12T06:54:47.069Z"}
{"level":"warn","message":"没有可用的健康代理","service":"public-opinion-system","timestamp":"2026-02-12T06:54:49.870Z"}
{"level":"info","message":"从 weibo 采集到 0 条数据","service":"public-opinion-system","timestamp":"2026-02-12T06:54:51.371Z"}
{"level":"info","message":"数据验证完成: 有效 0 条, 无效 0 条","service":"public-opinion-system","timestamp":"2026-02-12T06:54:51.371Z"}
{"level":"info","message":"数据采集任务 collect_1770879287068 完成，共采集 0 条有效数据","service":"public-opinion-system","timestamp":"2026-02-12T06:54:51.372Z"}
{"level":"info","message":"开始增强AI分析任务 analysis_1770879291372_ixmpu9ds2，数据量: 0，关键词: 疫情, 疫苗","service":"public-opinion-system","timestamp":"2026-02-12T06:54:51.372Z"}
{"level":"info","message":"第 1 轮增强分析开始","service":"public-opinion-system","timestamp":"2026-02-12T06:54:51.373Z"}
{"level":"info","message":"运行增强Agent: sentiment","service":"public-opinion-system","timestamp":"2026-02-12T06:54:51.374Z"}
{"level":"info","message":"深度学习情感分析开始处理 0 条数据","service":"public-opinion-system","timestamp":"2026-02-12T06:54:51.374Z"}
{"level":"info","message":"深度学习情感分析完成，整体情感得分: 0.00，置信度: 0.00","service":"public-opinion-system","timestamp":"2026-02-12T06:54:51.375Z"}
{"level":"info","message":"运行增强Agent: topic","service":"public-opinion-system","timestamp":"2026-02-12T06:54:51.375Z"}
{"level":"info","message":"主题建模Agent开始处理 0 条数据","service":"public-opinion-system","timestamp":"2026-02-12T06:54:51.375Z"}
{"level":"info","message":"运行增强Agent: risk","service":"public-opinion-system","timestamp":"2026-02-12T06:54:51.376Z"}
{"level":"info","message":"神经网络风险评估Agent开始处理 0 条数据","service":"public-opinion-system","timestamp":"2026-02-12T06:54:51.376Z"}
{"level":"info","message":"神经网络风险评估完成，整体风险等级: low, 风险评分: 0.00","service":"public-opinion-system","timestamp":"2026-02-12T06:54:51.377Z"}
{"level":"info","message":"增强Agent sentiment 完成，置信度: 0.00，用时: 3ms","service":"public-opinion-system","timestamp":"2026-02-12T06:54:51.377Z"}
{"level":"info","message":"增强Agent risk 完成，置信度: 0.00，用时: 2ms","service":"public-opinion-system","timestamp":"2026-02-12T06:54:51.378Z"}
{"level":"info","message":"主题建模完成，发现 5 个主题，0 个关键词","service":"public-opinion-system","timestamp":"2026-02-12T06:54:51.379Z"}
{"level":"info","message":"增强Agent topic 完成，置信度: 0.00，用时: 4ms","service":"public-opinion-system","timestamp":"2026-02-12T06:54:51.379Z"}
{"level":"info","message":"第 1 轮增强分析完成，平均置信度: 0.00","service":"public-opinion-system","timestamp":"2026-02-12T06:54:51.380Z"}
{"level":"info","message":"第 1 轮智能数据增强","service":"public-opinion-system","timestamp":"2026-02-12T06:54:51.380Z"}
{"level":"info","message":"数据增强完成，原始 0 条 → 增强 0 条","service":"public-opinion-system","timestamp":"2026-02-12T06:54:51.382Z"}
{"level":"info","message":"第 2 轮增强分析开始","service":"public-opinion-system","timestamp":"2026-02-12T06:54:51.399Z"}
{"level":"info","message":"运行增强Agent: sentiment","service":"public-opinion-system","timestamp":"2026-02-12T06:54:51.401Z"}
{"level":"info","message":"深度学习情感分析开始处理 0 条数据","service":"public-opinion-system","timestamp":"2026-02-12T06:54:51.402Z"}
{"level":"info","message":"深度学习情感分析完成，整体情感得分: 0.00，置信度: 0.00","service":"public-opinion-system","timestamp":"2026-02-12T06:54:51.402Z"}
{"level":"info","message":"运行增强Agent: topic","service":"public-opinion-system","timestamp":"2026-02-12T06:54:51.402Z"}
{"level":"info","message":"主题建模Agent开始处理 0 条数据","service":"public-opinion-system","timestamp":"2026-02-12T06:54:51.403Z"}
{"level":"info","message":"运行增强Agent: risk","service":"public-opinion-system","timestamp":"2026-02-12T06:54:51.403Z"}
{"level":"info","message":"神经网络风险评估Agent开始处理 0 条数据","service":"public-opinion-system","timestamp":"2026-02-12T06:54:51.403Z"}
{"level":"info","message":"神经网络风险评估完成，整体风险等级: low, 风险评分: 0.00","service":"public-opinion-system","timestamp":"2026-02-12T06:54:51.404Z"}
{"level":"info","message":"增强Agent sentiment 完成，置信度: 0.00，用时: 2ms","service":"public-opinion-system","timestamp":"2026-02-12T06:54:51.404Z"}
{"level":"info","message":"增强Agent risk 完成，置信度: 0.00，用时: 1ms","service":"public-opinion-system","timestamp":"2026-02-12T06:54:51.404Z"}
{"level":"info","message":"主题建模完成，发现 5 个主题，0 个关键词","service":"public-opinion-system","timestamp":"2026-02-12T06:54:51.405Z"}
{"level":"info","message":"增强Agent topic 完成，置信度: 0.00，用时: 2ms","service":"public-opinion-system","timestamp":"2026-02-12T06:54:51.405Z"}
{"level":"info","message":"第 2 轮增强分析完成，平均置信度: 0.00","service":"public-opinion-system","timestamp":"2026-02-12T06:54:51.405Z"}
{"level":"info","message":"第 2 轮智能数据增强","service":"public-opinion-system","timestamp":"2026-02-12T06:54:51.406Z"}
{"level":"info","message":"数据增强完成，原始 0 条 → 增强 0 条","service":"public-opinion-system","timestamp":"2026-02-12T06:54:51.406Z"}
{"level":"info","message":"第 3 轮增强分析开始","service":"public-opinion-system","timestamp":"2026-02-12T06:54:51.406Z"}
{"level":"info","message":"运行增强Agent: sentiment","service":"public-opinion-system","timestamp":"2026-02-12T06:54:51.407Z"}
{"level":"info","message":"深度学习情感分析开始处理 0 条数据","service":"public-opinion-system","timestamp":"2026-02-12T06:54:51.407Z"}
{"level":"info","message":"深度学习情感分析完成，整体情感得分: 0.00，置信度: 0.00","service":"public-opinion-system","timestamp":"2026-02-12T06:54:51.407Z"}
{"level":"info","message":"运行增强Agent: topic","service":"public-opinion-system","timestamp":"2026-02-12T06:54:51.407Z"}
{"level":"info","message":"主题建模Agent开始处理 0 条数据","service":"public-opinion-system","timestamp":"2026-02-12T06:54:51.408Z"}
{"level":"info","message":"运行增强Agent: risk","service":"public-opinion-system","timestamp":"2026-02-12T06:54:51.408Z"}
{"level":"info","message":"神经网络风险评估Agent开始处理 0 条数据","service":"public-opinion-system","timestamp":"2026-02-12T06:54:51.408Z"}
{"level":"info","message":"神经网络风险评估完成，整体风险等级: low, 风险评分: 0.00","service":"public-opinion-system","timestamp":"2026-02-12T06:54:51.409Z"}
{"level":"info","message":"增强Agent sentiment 完成，置信度: 0.00，用时: 2ms","service":"public-opinion-system","timestamp":"2026-02-12T06:54:51.409Z"}
{"level":"info","message":"增强Agent risk 完成，置信度: 0.00，用时: 1ms","service":"public-opinion-system","timestamp":"2026-02-12T06:54:51.409Z"}
{"level":"info","message":"主题建模完成，发现 5 个主题，0 个关键词","service":"public-opinion-system","timestamp":"2026-02-12T06:54:51.410Z"}
{"level":"info","message":"增强Agent topic 完成，置信度: 0.00，用时: 2ms","service":"public-opinion-system","timestamp":"2026-02-12T06:54:51.410Z"}
{"level":"info","message":"第 3 轮增强分析完成，平均置信度: 0.00","service":"public-opinion-system","timestamp":"2026-02-12T06:54:51.410Z"}
{"level":"info","message":"第 3 轮智能数据增强","service":"public-opinion-system","timestamp":"2026-02-12T06:54:51.410Z"}
{"level":"info","message":"数据增强完成，原始 0 条 → 增强 0 条","service":"public-opinion-system","timestamp":"2026-02-12T06:54:51.411Z"}
{"level":"info","message":"第 4 轮增强分析开始","service":"public-opinion-system","timestamp":"2026-02-12T06:54:51.411Z"}
{"level":"info","message":"运行增强Agent: sentiment","service":"public-opinion-system","timestamp":"2026-02-12T06:54:51.411Z"}
{"level":"info","message":"深度学习情感分析开始处理 0 条数据","service":"public-opinion-system","timestamp":"2026-02-12T06:54:51.412Z"}
{"level":"info","message":"深度学习情感分析完成，整体情感得分: 0.00，置信度: 0.00","service":"public-opinion-system","timestamp":"2026-02-12T06:54:51.412Z"}
{"level":"info","message":"运行增强Agent: topic","service":"public-opinion-system","timestamp":"2026-02-12T06:54:51.412Z"}
{"level":"info","message":"主题建模Agent开始处理 0 条数据","service":"public-opinion-system","timestamp":"2026-02-12T06:54:51.414Z"}
{"level":"info","message":"运行增强Agent: risk","service":"public-opinion-system","timestamp":"2026-02-12T06:54:51.415Z"}
{"level":"info","message":"神经网络风险评估Agent开始处理 0 条数据","service":"public-opinion-system","timestamp":"2026-02-12T06:54:51.415Z"}
{"level":"info","message":"神经网络风险评估完成，整体风险等级: low, 风险评分: 0.00","service":"public-opinion-system","timestamp":"2026-02-12T06:54:51.415Z"}
{"level":"info","message":"增强Agent sentiment 完成，置信度: 0.00，用时: 4ms","service":"public-opinion-system","timestamp":"2026-02-12T06:54:51.416Z"}
{"level":"info","message":"增强Agent risk 完成，置信度: 0.00，用时: 1ms","service":"public-opinion-system","timestamp":"2026-02-12T06:54:51.416Z"}
{"level":"info","message":"主题建模完成，发现 5 个主题，0 个关键词","service":"public-opinion-system","timestamp":"2026-02-12T06:54:51.416Z"}
{"level":"info","message":"增强Agent topic 完成，置信度: 0.00，用时: 3ms","service":"public-opinion-system","timestamp":"2026-02-12T06:54:51.417Z"}
{"level":"info","message":"第 4 轮增强分析完成，平均置信度: 0.00","service":"public-opinion-system","timestamp":"2026-02-12T06:54:51.417Z"}
{"level":"info","message":"第 4 轮智能数据增强","service":"public-opinion-system","timestamp":"2026-02-12T06:54:51.417Z"}
{"level":"info","message":"数据增强完成，原始 0 条 → 增强 0 条","service":"public-opinion-system","timestamp":"2026-02-12T06:54:51.418Z"}
{"level":"info","message":"第 5 轮增强分析开始","service":"public-opinion-system","timestamp":"2026-02-12T06:54:51.418Z"}
{"level":"info","message":"运行增强Agent: sentiment","service":"public-opinion-system","timestamp":"2026-02-12T06:54:51.418Z"}
{"level":"info","message":"深度学习情感分析开始处理 0 条数据","service":"public-opinion-system","timestamp":"2026-02-12T06:54:51.418Z"}
{"level":"info","message":"深度学习情感分析完成，整体情感得分: 0.00，置信度: 0.00","service":"public-opinion-system","timestamp":"2026-02-12T06:54:51.419Z"}
{"level":"info","message":"运行增强Agent: topic","service":"public-opinion-system","timestamp":"2026-02-12T06:54:51.419Z"}
{"level":"info","message":"主题建模Agent开始处理 0 条数据","service":"public-opinion-system","timestamp":"2026-02-12T06:54:51.419Z"}
{"level":"info","message":"运行增强Agent: risk","service":"public-opinion-system","timestamp":"2026-02-12T06:54:51.420Z"}
{"level":"info","message":"神经网络风险评估Agent开始处理 0 条数据","service":"public-opinion-system","timestamp":"2026-02-12T06:54:51.420Z"}
{"level":"info","message":"神经网络风险评估完成，整体风险等级: low, 风险评分: 0.00","service":"public-opinion-system","timestamp":"2026-02-12T06:54:51.420Z"}
{"level":"info","message":"增强Agent sentiment 完成，置信度: 0.00，用时: 2ms","service":"public-opinion-system","timestamp":"2026-02-12T06:54:51.420Z"}
{"level":"info","message":"增强Agent risk 完成，置信度: 0.00，用时: 1ms","service":"public-opinion-system","timestamp":"2026-02-12T06:54:51.421Z"}
{"level":"info","message":"主题建模完成，发现 5 个主题，0 个关键词","service":"public-opinion-system","timestamp":"2026-02-12T06:54:51.421Z"}
{"level":"info","message":"增强Agent topic 完成，置信度: 0.00，用时: 2ms","service":"public-opinion-system","timestamp":"2026-02-12T06:54:51.421Z"}
{"level":"info","message":"第 5 轮增强分析完成，平均置信度: 0.00","service":"public-opinion-system","timestamp":"2026-02-12T06:54:51.422Z"}
{"level":"info","message":"运行增强Agent: sentiment","service":"public-opinion-system","timestamp":"2026-02-12T06:54:51.422Z"}
{"level":"info","message":"深度学习情感分析开始处理 0 条数据","service":"public-opinion-system","timestamp":"2026-02-12T06:54:51.422Z"}
{"level":"info","message":"深度学习情感分析完成，整体情感得分: 0.00，置信度: 0.00","service":"public-opinion-system","timestamp":"2026-02-12T06:54:51.422Z"}
{"level":"info","message":"运行增强Agent: topic","service":"public-opinion-system","timestamp":"2026-02-12T06:54:51.423Z"}
{"level":"info","message":"主题建模Agent开始处理 0 条数据","service":"public-opinion-system","timestamp":"2026-02-12T06:54:51.423Z"}
{"level":"info","message":"运行增强Agent: risk","service":"public-opinion-system","timestamp":"2026-02-12T06:54:51.423Z"}
{"level":"info","message":"神经网络风险评估Agent开始处理 0 条数据","service":"public-opinion-system","timestamp":"2026-02-12T06:54:51.424Z"}
{"level":"info","message":"神经网络风险评估完成，整体风险等级: low, 风险评分: 0.00","service":"public-opinion-system","timestamp":"2026-02-12T06:54:51.425Z"}
{"level":"info","message":"增强Agent sentiment 完成，置信度: 0.00，用时: 3ms","service":"public-opinion-system","timestamp":"2026-02-12T06:54:51.425Z"}
{"level":"info","message":"增强Agent risk 完成，置信度: 0.00，用时: 1ms","service":"public-opinion-system","timestamp":"2026-02-12T06:54:51.425Z"}
{"level":"info","message":"主题建模完成，发现 5 个主题，0 个关键词","service":"public-opinion-system","timestamp":"2026-02-12T06:54:51.425Z"}
{"level":"info","message":"增强Agent topic 完成，置信度: 0.00，用时: 3ms","service":"public-opinion-system","timestamp":"2026-02-12T06:54:51.426Z"}
{"context":{"source":"unhandled_rejection"},"error":{"code":"UNKNOWN_ERROR","message":"Unhandled Promise Rejection: TypeError: Cannot read properties of null (reading 'error')","severity":"medium"},"level":"warn","message":"中级错误:","service":"public-opinion-system","timestamp":"2026-02-12T06:54:51.429Z"}
{"level":"info","message":"错误类型 undefined 不可恢复","service":"public-opinion-system","timestamp":"2026-02-12T06:54:51.430Z"}
{"context":{"source":"unhandled_rejection"},"error":{"code":"UNKNOWN_ERROR","message":"Unhandled Promise Rejection: TypeError: inquirer.prompt is not a function","severity":"medium"},"level":"warn","message":"中级错误:","service":"public-opinion-system","timestamp":"2026-02-12T06:55:38.011Z"}
{"level":"info","message":"错误类型 undefined 不可恢复","service":"public-opinion-system","timestamp":"2026-02-12T06:55:38.014Z"}
{"level":"info","message":"核心组件初始化完成","service":"public-opinion-system","timestamp":"2026-02-12T07:00:10.072Z"}
{"level":"info","message":"初始化高级数据采集器V2","service":"public-opinion-system","timestamp":"2026-02-12T07:00:10.076Z"}
{"level":"info","message":"初始化高级微博爬虫V2","service":"public-opinion-system","timestamp":"2026-02-12T07:00:10.077Z"}
{"level":"info","message":"初始化IP代理池","service":"public-opinion-system","timestamp":"2026-02-12T07:00:10.077Z"}
{"level":"warn","message":"从API加载代理失败:","service":"public-opinion-system","timestamp":"2026-02-12T07:00:10.135Z"}
{"level":"info","message":"代理池初始化完成，可用代理: 0","service":"public-opinion-system","timestamp":"2026-02-12T07:00:10.136Z"}
{"level":"info","message":"初始化会话管理器","service":"public-opinion-system","timestamp":"2026-02-12T07:00:10.136Z"}
{"level":"info","message":"高级微博爬虫V2初始化完成","service":"public-opinion-system","timestamp":"2026-02-12T07:00:10.137Z"}
{"level":"info","message":"采集器 weibo 初始化完成","service":"public-opinion-system","timestamp":"2026-02-12T07:00:10.137Z"}
{"level":"info","message":"高级数据采集器V2初始化完成","service":"public-opinion-system","timestamp":"2026-02-12T07:00:10.137Z"}
{"level":"info","message":"初始化增强AI分析引擎V2...","service":"public-opinion-system","timestamp":"2026-02-12T07:00:10.138Z"}
{"level":"info","message":"初始化Agent: DeepLearningSentimentAgent","service":"public-opinion-system","timestamp":"2026-02-12T07:00:10.139Z"}
{"level":"info","message":"加载深度学习情感分析模型...","service":"public-opinion-system","timestamp":"2026-02-12T07:00:10.139Z"}
{"level":"info","message":"深度学习模型加载完成","service":"public-opinion-system","timestamp":"2026-02-12T07:00:10.140Z"}
{"level":"info","message":"增强Agent sentiment 初始化完成","service":"public-opinion-system","timestamp":"2026-02-12T07:00:10.140Z"}
{"level":"info","message":"初始化Agent: TopicModelingAgent","service":"public-opinion-system","timestamp":"2026-02-12T07:00:10.140Z"}
{"level":"info","message":"加载主题建模模型...","service":"public-opinion-system","timestamp":"2026-02-12T07:00:10.141Z"}
{"level":"info","message":"主题建模模型加载完成","service":"public-opinion-system","timestamp":"2026-02-12T07:00:10.141Z"}
{"level":"info","message":"增强Agent topic 初始化完成","service":"public-opinion-system","timestamp":"2026-02-12T07:00:10.141Z"}
{"level":"info","message":"初始化Agent: NeuralRiskAssessmentAgent","service":"public-opinion-system","timestamp":"2026-02-12T07:00:10.142Z"}
{"level":"info","message":"加载神经网络风险评估模型...","service":"public-opinion-system","timestamp":"2026-02-12T07:00:10.142Z"}
{"level":"info","message":"神经网络风险评估模型加载完成","service":"public-opinion-system","timestamp":"2026-02-12T07:00:10.142Z"}
{"level":"info","message":"增强Agent risk 初始化完成","service":"public-opinion-system","timestamp":"2026-02-12T07:00:10.142Z"}
{"level":"info","message":"增强AI分析引擎V2初始化完成","service":"public-opinion-system","timestamp":"2026-02-12T07:00:10.143Z"}
{"level":"info","message":"启动技能管理器...","service":"public-opinion-system","timestamp":"2026-02-12T07:00:10.144Z"}
{"level":"info","message":"加载技能: DataCleaningSkill v1.0.0","service":"public-opinion-system","timestamp":"2026-02-12T07:00:10.149Z"}
{"level":"info","message":"技能管理器启动完成","service":"public-opinion-system","timestamp":"2026-02-12T07:00:10.150Z"}
{"level":"warn","message":"实时监控未在运行","service":"public-opinion-system","timestamp":"2026-02-12T07:00:23.352Z"}
{"level":"info","message":"初始化高级数据采集器V2","service":"public-opinion-system","timestamp":"2026-02-12T07:00:24.289Z"}
{"level":"info","message":"初始化高级微博爬虫V2","service":"public-opinion-system","timestamp":"2026-02-12T07:00:24.291Z"}
{"level":"info","message":"初始化IP代理池","service":"public-opinion-system","timestamp":"2026-02-12T07:00:24.292Z"}
{"level":"warn","message":"从API加载代理失败:","service":"public-opinion-system","timestamp":"2026-02-12T07:00:24.345Z"}
{"level":"info","message":"代理池初始化完成，可用代理: 0","service":"public-opinion-system","timestamp":"2026-02-12T07:00:24.345Z"}
{"level":"info","message":"初始化会话管理器","service":"public-opinion-system","timestamp":"2026-02-12T07:00:24.346Z"}
{"level":"info","message":"高级微博爬虫V2初始化完成","service":"public-opinion-system","timestamp":"2026-02-12T07:00:24.346Z"}
{"level":"info","message":"采集器 weibo 初始化完成","service":"public-opinion-system","timestamp":"2026-02-12T07:00:24.346Z"}
{"level":"info","message":"高级数据采集器V2初始化完成","service":"public-opinion-system","timestamp":"2026-02-12T07:00:24.346Z"}
{"level":"info","message":"初始化增强AI分析引擎V2...","service":"public-opinion-system","timestamp":"2026-02-12T07:00:24.347Z"}
{"level":"info","message":"初始化Agent: DeepLearningSentimentAgent","service":"public-opinion-system","timestamp":"2026-02-12T07:00:24.347Z"}
{"level":"info","message":"加载深度学习情感分析模型...","service":"public-opinion-system","timestamp":"2026-02-12T07:00:24.348Z"}
{"level":"info","message":"深度学习模型加载完成","service":"public-opinion-system","timestamp":"2026-02-12T07:00:24.348Z"}
{"level":"info","message":"增强Agent sentiment 初始化完成","service":"public-opinion-system","timestamp":"2026-02-12T07:00:24.348Z"}
{"level":"info","message":"初始化Agent: TopicModelingAgent","service":"public-opinion-system","timestamp":"2026-02-12T07:00:24.348Z"}
{"level":"info","message":"加载主题建模模型...","service":"public-opinion-system","timestamp":"2026-02-12T07:00:24.349Z"}
{"level":"info","message":"主题建模模型加载完成","service":"public-opinion-system","timestamp":"2026-02-12T07:00:24.349Z"}
{"level":"info","message":"增强Agent topic 初始化完成","service":"public-opinion-system","timestamp":"2026-02-12T07:00:24.349Z"}
{"level":"info","message":"初始化Agent: NeuralRiskAssessmentAgent","service":"public-opinion-system","timestamp":"2026-02-12T07:00:24.349Z"}
{"level":"info","message":"加载神经网络风险评估模型...","service":"public-opinion-system","timestamp":"2026-02-12T07:00:24.350Z"}
{"level":"info","message":"神经网络风险评估模型加载完成","service":"public-opinion-system","timestamp":"2026-02-12T07:00:24.350Z"}
{"level":"info","message":"增强Agent risk 初始化完成","service":"public-opinion-system","timestamp":"2026-02-12T07:00:24.350Z"}
{"level":"info","message":"增强AI分析引擎V2初始化完成","service":"public-opinion-system","timestamp":"2026-02-12T07:00:24.350Z"}
{"level":"info","message":"启动技能管理器...","service":"public-opinion-system","timestamp":"2026-02-12T07:00:24.351Z"}
{"level":"info","message":"加载技能: DataCleaningSkill v1.0.0","service":"public-opinion-system","timestamp":"2026-02-12T07:00:24.353Z"}
{"level":"info","message":"技能管理器启动完成","service":"public-opinion-system","timestamp":"2026-02-12T07:00:24.354Z"}
{"level":"info","message":"开始数据采集任务 collect_1770879624355，关键词: 疫情, 疫苗, 防控","service":"public-opinion-system","timestamp":"2026-02-12T07:00:24.355Z"}
{"level":"info","message":"开始从 weibo 采集数据...","service":"public-opinion-system","timestamp":"2026-02-12T07:00:24.356Z"}
{"level":"warn","message":"没有可用的健康代理","service":"public-opinion-system","timestamp":"2026-02-12T07:00:24.356Z"}
{"level":"info","message":"创建新会话: session_1770879624357_l408ujaue","service":"public-opinion-system","timestamp":"2026-02-12T07:00:24.357Z"}
{"level":"warn","message":"没有可用的健康代理","service":"public-opinion-system","timestamp":"2026-02-12T07:00:25.942Z"}
{"level":"warn","message":"没有可用的健康代理","service":"public-opinion-system","timestamp":"2026-02-12T07:00:28.739Z"}
{"level":"info","message":"从 weibo 采集到 0 条数据","service":"public-opinion-system","timestamp":"2026-02-12T07:00:30.392Z"}
{"level":"info","message":"数据验证完成: 有效 0 条, 无效 0 条","service":"public-opinion-system","timestamp":"2026-02-12T07:00:30.393Z"}
{"level":"info","message":"数据采集任务 collect_1770879624355 完成，共采集 0 条有效数据","service":"public-opinion-system","timestamp":"2026-02-12T07:00:30.393Z"}
{"level":"info","message":"开始增强AI分析任务 analysis_1770879630395_jq8xoruda，数据量: 15，关键词: 疫情, 疫苗, 防控","service":"public-opinion-system","timestamp":"2026-02-12T07:00:30.395Z"}
{"level":"info","message":"第 1 轮增强分析开始","service":"public-opinion-system","timestamp":"2026-02-12T07:00:30.395Z"}
{"level":"info","message":"运行增强Agent: sentiment","service":"public-opinion-system","timestamp":"2026-02-12T07:00:30.396Z"}
{"level":"info","message":"深度学习情感分析开始处理 15 条数据","service":"public-opinion-system","timestamp":"2026-02-12T07:00:30.396Z"}
{"level":"info","message":"运行增强Agent: topic","service":"public-opinion-system","timestamp":"2026-02-12T07:00:30.410Z"}
{"level":"info","message":"主题建模Agent开始处理 15 条数据","service":"public-opinion-system","timestamp":"2026-02-12T07:00:30.410Z"}
{"level":"info","message":"运行增强Agent: risk","service":"public-opinion-system","timestamp":"2026-02-12T07:00:30.411Z"}
{"level":"info","message":"神经网络风险评估Agent开始处理 15 条数据","service":"public-opinion-system","timestamp":"2026-02-12T07:00:30.412Z"}
{"level":"info","message":"主题建模完成，发现 5 个主题，15 个关键词","service":"public-opinion-system","timestamp":"2026-02-12T07:00:30.414Z"}
{"level":"info","message":"增强Agent topic 完成，置信度: 0.74，用时: 5ms","service":"public-opinion-system","timestamp":"2026-02-12T07:00:30.415Z"}
{"level":"info","message":"深度学习情感分析完成，整体情感得分: 0.00，置信度: 0.66","service":"public-opinion-system","timestamp":"2026-02-12T07:00:30.416Z"}
{"level":"info","message":"神经网络风险评估完成，整体风险等级: low, 风险评分: 0.00","service":"public-opinion-system","timestamp":"2026-02-12T07:00:30.417Z"}
{"level":"info","message":"增强Agent sentiment 完成，置信度: 0.66，用时: 21ms","service":"public-opinion-system","timestamp":"2026-02-12T07:00:30.417Z"}
{"level":"info","message":"增强Agent risk 完成，置信度: 0.68，用时: 6ms","service":"public-opinion-system","timestamp":"2026-02-12T07:00:30.418Z"}
{"level":"info","message":"第 1 轮增强分析完成，平均置信度: 0.70","service":"public-opinion-system","timestamp":"2026-02-12T07:00:30.419Z"}
{"level":"info","message":"第 1 轮智能数据增强","service":"public-opinion-system","timestamp":"2026-02-12T07:00:30.419Z"}
{"level":"info","message":"数据增强完成，原始 15 条 → 增强 15 条","service":"public-opinion-system","timestamp":"2026-02-12T07:00:30.419Z"}
{"level":"info","message":"第 2 轮增强分析开始","service":"public-opinion-system","timestamp":"2026-02-12T07:00:30.420Z"}
{"level":"info","message":"运行增强Agent: sentiment","service":"public-opinion-system","timestamp":"2026-02-12T07:00:30.420Z"}
{"level":"info","message":"深度学习情感分析开始处理 15 条数据","service":"public-opinion-system","timestamp":"2026-02-12T07:00:30.420Z"}
{"level":"info","message":"运行增强Agent: topic","service":"public-opinion-system","timestamp":"2026-02-12T07:00:30.421Z"}
{"level":"info","message":"主题建模Agent开始处理 15 条数据","service":"public-opinion-system","timestamp":"2026-02-12T07:00:30.421Z"}
{"level":"info","message":"运行增强Agent: risk","service":"public-opinion-system","timestamp":"2026-02-12T07:00:30.421Z"}
{"level":"info","message":"神经网络风险评估Agent开始处理 15 条数据","service":"public-opinion-system","timestamp":"2026-02-12T07:00:30.422Z"}
{"level":"info","message":"主题建模完成，发现 5 个主题，15 个关键词","service":"public-opinion-system","timestamp":"2026-02-12T07:00:30.422Z"}
{"level":"info","message":"增强Agent topic 完成，置信度: 0.74，用时: 2ms","service":"public-opinion-system","timestamp":"2026-02-12T07:00:30.423Z"}
{"level":"info","message":"深度学习情感分析完成，整体情感得分: 0.00，置信度: 0.66","service":"public-opinion-system","timestamp":"2026-02-12T07:00:30.423Z"}
{"level":"info","message":"神经网络风险评估完成，整体风险等级: low, 风险评分: 0.00","service":"public-opinion-system","timestamp":"2026-02-12T07:00:30.424Z"}
{"level":"info","message":"增强Agent sentiment 完成，置信度: 0.66，用时: 4ms","service":"public-opinion-system","timestamp":"2026-02-12T07:00:30.424Z"}
{"level":"info","message":"增强Agent risk 完成，置信度: 0.68，用时: 2ms","service":"public-opinion-system","timestamp":"2026-02-12T07:00:30.424Z"}
{"level":"info","message":"第 2 轮增强分析完成，平均置信度: 0.70","service":"public-opinion-system","timestamp":"2026-02-12T07:00:30.425Z"}
{"level":"info","message":"第 2 轮智能数据增强","service":"public-opinion-system","timestamp":"2026-02-12T07:00:30.425Z"}
{"level":"info","message":"数据增强完成，原始 15 条 → 增强 15 条","service":"public-opinion-system","timestamp":"2026-02-12T07:00:30.425Z"}
{"level":"info","message":"第 3 轮增强分析开始","service":"public-opinion-system","timestamp":"2026-02-12T07:00:30.425Z"}
{"level":"info","message":"运行增强Agent: sentiment","service":"public-opinion-system","timestamp":"2026-02-12T07:00:30.426Z"}
{"level":"info","message":"深度学习情感分析开始处理 15 条数据","service":"public-opinion-system","timestamp":"2026-02-12T07:00:30.426Z"}
{"level":"info","message":"运行增强Agent: topic","service":"public-opinion-system","timestamp":"2026-02-12T07:00:30.426Z"}
{"level":"info","message":"主题建模Agent开始处理 15 条数据","service":"public-opinion-system","timestamp":"2026-02-12T07:00:30.426Z"}
{"level":"info","message":"运行增强Agent: risk","service":"public-opinion-system","timestamp":"2026-02-12T07:00:30.427Z"}
{"level":"info","message":"神经网络风险评估Agent开始处理 15 条数据","service":"public-opinion-system","timestamp":"2026-02-12T07:00:30.427Z"}
{"level":"info","message":"主题建模完成，发现 5 个主题，15 个关键词","service":"public-opinion-system","timestamp":"2026-02-12T07:00:30.428Z"}
{"level":"info","message":"增强Agent topic 完成，置信度: 0.74，用时: 2ms","service":"public-opinion-system","timestamp":"2026-02-12T07:00:30.428Z"}
{"level":"info","message":"深度学习情感分析完成，整体情感得分: 0.00，置信度: 0.66","service":"public-opinion-system","timestamp":"2026-02-12T07:00:30.428Z"}
{"level":"info","message":"神经网络风险评估完成，整体风险等级: low, 风险评分: 0.00","service":"public-opinion-system","timestamp":"2026-02-12T07:00:30.429Z"}
{"level":"info","message":"增强Agent sentiment 完成，置信度: 0.66，用时: 3ms","service":"public-opinion-system","timestamp":"2026-02-12T07:00:30.429Z"}
{"level":"info","message":"增强Agent risk 完成，置信度: 0.68，用时: 3ms","service":"public-opinion-system","timestamp":"2026-02-12T07:00:30.430Z"}
{"level":"info","message":"第 3 轮增强分析完成，平均置信度: 0.70","service":"public-opinion-system","timestamp":"2026-02-12T07:00:30.432Z"}
{"level":"info","message":"第 3 轮智能数据增强","service":"public-opinion-system","timestamp":"2026-02-12T07:00:30.432Z"}
{"level":"info","message":"数据增强完成，原始 15 条 → 增强 15 条","service":"public-opinion-system","timestamp":"2026-02-12T07:00:30.433Z"}
{"level":"info","message":"第 4 轮增强分析开始","service":"public-opinion-system","timestamp":"2026-02-12T07:00:30.434Z"}
{"level":"info","message":"运行增强Agent: sentiment","service":"public-opinion-system","timestamp":"2026-02-12T07:00:30.435Z"}
{"level":"info","message":"深度学习情感分析开始处理 15 条数据","service":"public-opinion-system","timestamp":"2026-02-12T07:00:30.435Z"}
{"level":"info","message":"运行增强Agent: topic","service":"public-opinion-system","timestamp":"2026-02-12T07:00:30.436Z"}
{"level":"info","message":"主题建模Agent开始处理 15 条数据","service":"public-opinion-system","timestamp":"2026-02-12T07:00:30.436Z"}
{"level":"info","message":"运行增强Agent: risk","service":"public-opinion-system","timestamp":"2026-02-12T07:00:30.436Z"}
{"level":"info","message":"神经网络风险评估Agent开始处理 15 条数据","service":"public-opinion-system","timestamp":"2026-02-12T07:00:30.436Z"}
{"level":"info","message":"主题建模完成，发现 5 个主题，15 个关键词","service":"public-opinion-system","timestamp":"2026-02-12T07:00:30.437Z"}
{"level":"info","message":"增强Agent topic 完成，置信度: 0.74，用时: 1ms","service":"public-opinion-system","timestamp":"2026-02-12T07:00:30.438Z"}
{"level":"info","message":"深度学习情感分析完成，整体情感得分: 0.00，置信度: 0.66","service":"public-opinion-system","timestamp":"2026-02-12T07:00:30.438Z"}
{"level":"info","message":"神经网络风险评估完成，整体风险等级: low, 风险评分: 0.00","service":"public-opinion-system","timestamp":"2026-02-12T07:00:30.438Z"}
{"level":"info","message":"增强Agent sentiment 完成，置信度: 0.66，用时: 4ms","service":"public-opinion-system","timestamp":"2026-02-12T07:00:30.439Z"}
{"level":"info","message":"增强Agent risk 完成，置信度: 0.68，用时: 3ms","service":"public-opinion-system","timestamp":"2026-02-12T07:00:30.439Z"}
{"level":"info","message":"第 4 轮增强分析完成，平均置信度: 0.70","service":"public-opinion-system","timestamp":"2026-02-12T07:00:30.439Z"}
{"level":"info","message":"第 4 轮智能数据增强","service":"public-opinion-system","timestamp":"2026-02-12T07:00:30.439Z"}
{"level":"info","message":"数据增强完成，原始 15 条 → 增强 15 条","service":"public-opinion-system","timestamp":"2026-02-12T07:00:30.440Z"}
{"level":"info","message":"第 5 轮增强分析开始","service":"public-opinion-system","timestamp":"2026-02-12T07:00:30.440Z"}
{"level":"info","message":"运行增强Agent: sentiment","service":"public-opinion-system","timestamp":"2026-02-12T07:00:30.440Z"}
{"level":"info","message":"深度学习情感分析开始处理 15 条数据","service":"public-opinion-system","timestamp":"2026-02-12T07:00:30.440Z"}
{"level":"info","message":"运行增强Agent: topic","service":"public-opinion-system","timestamp":"2026-02-12T07:00:30.440Z"}
{"level":"info","message":"主题建模Agent开始处理 15 条数据","service":"public-opinion-system","timestamp":"2026-02-12T07:00:30.441Z"}
{"level":"info","message":"运行增强Agent: risk","service":"public-opinion-system","timestamp":"2026-02-12T07:00:30.441Z"}
{"level":"info","message":"神经网络风险评估Agent开始处理 15 条数据","service":"public-opinion-system","timestamp":"2026-02-12T07:00:30.441Z"}
{"level":"info","message":"主题建模完成，发现 5 个主题，15 个关键词","service":"public-opinion-system","timestamp":"2026-02-12T07:00:30.442Z"}
{"level":"info","message":"增强Agent topic 完成，置信度: 0.74，用时: 1ms","service":"public-opinion-system","timestamp":"2026-02-12T07:00:30.442Z"}
{"level":"info","message":"深度学习情感分析完成，整体情感得分: 0.00，置信度: 0.66","service":"public-opinion-system","timestamp":"2026-02-12T07:00:30.442Z"}
{"level":"info","message":"神经网络风险评估完成，整体风险等级: low, 风险评分: 0.00","service":"public-opinion-system","timestamp":"2026-02-12T07:00:30.443Z"}
{"level":"info","message":"增强Agent sentiment 完成，置信度: 0.66，用时: 3ms","service":"public-opinion-system","timestamp":"2026-02-12T07:00:30.443Z"}
{"level":"info","message":"增强Agent risk 完成，置信度: 0.68，用时: 2ms","service":"public-opinion-system","timestamp":"2026-02-12T07:00:30.443Z"}
{"level":"info","message":"第 5 轮增强分析完成，平均置信度: 0.70","service":"public-opinion-system","timestamp":"2026-02-12T07:00:30.443Z"}
{"context":{"source":"unhandled_rejection"},"error":{"code":"UNKNOWN_ERROR","message":"Unhandled Promise Rejection: TypeError: Cannot read properties of null (reading 'error')","severity":"medium"},"level":"warn","message":"中级错误:","service":"public-opinion-system","timestamp":"2026-02-12T07:00:30.451Z"}
{"level":"info","message":"错误类型 undefined 不可恢复","service":"public-opinion-system","timestamp":"2026-02-12T07:00:30.452Z"}
{"level":"warn","message":"实时监控未在运行","service":"public-opinion-system","timestamp":"2026-02-12T07:00:44.302Z"}
{"level":"info","message":"核心组件初始化完成","service":"public-opinion-system","timestamp":"2026-02-12T07:06:27.962Z"}
{"level":"info","message":"初始化高级数据采集器V2","service":"public-opinion-system","timestamp":"2026-02-12T07:06:27.966Z"}
{"level":"info","message":"初始化高级微博爬虫V2","service":"public-opinion-system","timestamp":"2026-02-12T07:06:27.966Z"}
{"level":"info","message":"初始化IP代理池","service":"public-opinion-system","timestamp":"2026-02-12T07:06:27.967Z"}
{"level":"warn","message":"从API加载代理失败:","service":"public-opinion-system","timestamp":"2026-02-12T07:06:28.023Z"}
{"level":"info","message":"代理池初始化完成，可用代理: 0","service":"public-opinion-system","timestamp":"2026-02-12T07:06:28.024Z"}
{"level":"info","message":"初始化会话管理器","service":"public-opinion-system","timestamp":"2026-02-12T07:06:28.025Z"}
{"level":"info","message":"高级微博爬虫V2初始化完成","service":"public-opinion-system","timestamp":"2026-02-12T07:06:28.026Z"}
{"level":"info","message":"采集器 weibo 初始化完成","service":"public-opinion-system","timestamp":"2026-02-12T07:06:28.026Z"}
{"level":"info","message":"高级数据采集器V2初始化完成","service":"public-opinion-system","timestamp":"2026-02-12T07:06:28.027Z"}
{"level":"info","message":"初始化增强AI分析引擎V2...","service":"public-opinion-system","timestamp":"2026-02-12T07:06:28.028Z"}
{"level":"info","message":"初始化Agent: DeepLearningSentimentAgent","service":"public-opinion-system","timestamp":"2026-02-12T07:06:28.029Z"}
{"level":"info","message":"加载深度学习情感分析模型...","service":"public-opinion-system","timestamp":"2026-02-12T07:06:28.029Z"}
{"level":"info","message":"深度学习模型加载完成","service":"public-opinion-system","timestamp":"2026-02-12T07:06:28.030Z"}
{"level":"info","message":"增强Agent sentiment 初始化完成","service":"public-opinion-system","timestamp":"2026-02-12T07:06:28.030Z"}
{"level":"info","message":"初始化Agent: TopicModelingAgent","service":"public-opinion-system","timestamp":"2026-02-12T07:06:28.030Z"}
{"level":"info","message":"加载主题建模模型...","service":"public-opinion-system","timestamp":"2026-02-12T07:06:28.031Z"}
{"level":"info","message":"主题建模模型加载完成","service":"public-opinion-system","timestamp":"2026-02-12T07:06:28.031Z"}
{"level":"info","message":"增强Agent topic 初始化完成","service":"public-opinion-system","timestamp":"2026-02-12T07:06:28.031Z"}
{"level":"info","message":"初始化Agent: NeuralRiskAssessmentAgent","service":"public-opinion-system","timestamp":"2026-02-12T07:06:28.032Z"}
{"level":"info","message":"加载神经网络风险评估模型...","service":"public-opinion-system","timestamp":"2026-02-12T07:06:28.032Z"}
{"level":"info","message":"神经网络风险评估模型加载完成","service":"public-opinion-system","timestamp":"2026-02-12T07:06:28.033Z"}
{"level":"info","message":"增强Agent risk 初始化完成","service":"public-opinion-system","timestamp":"2026-02-12T07:06:28.033Z"}
{"level":"info","message":"增强AI分析引擎V2初始化完成","service":"public-opinion-system","timestamp":"2026-02-12T07:06:28.034Z"}
{"level":"info","message":"启动技能管理器...","service":"public-opinion-system","timestamp":"2026-02-12T07:06:28.036Z"}
{"level":"info","message":"加载技能: DataCleaningSkill v1.0.0","service":"public-opinion-system","timestamp":"2026-02-12T07:06:28.040Z"}
{"level":"info","message":"技能管理器启动完成","service":"public-opinion-system","timestamp":"2026-02-12T07:06:28.041Z"}
{"level":"info","message":"开始数据采集任务 collect_1770879996240，关键词: 疫情, 疫苗, 防控","service":"public-opinion-system","timestamp":"2026-02-12T07:06:36.240Z"}
{"level":"info","message":"开始从 weibo 采集数据...","service":"public-opinion-system","timestamp":"2026-02-12T07:06:36.241Z"}
{"level":"warn","message":"没有可用的健康代理","service":"public-opinion-system","timestamp":"2026-02-12T07:06:36.242Z"}
{"level":"info","message":"创建新会话: session_1770879996242_urtvbqubt","service":"public-opinion-system","timestamp":"2026-02-12T07:06:36.242Z"}
{"level":"warn","message":"没有可用的健康代理","service":"public-opinion-system","timestamp":"2026-02-12T07:06:38.176Z"}
{"level":"warn","message":"没有可用的健康代理","service":"public-opinion-system","timestamp":"2026-02-12T07:06:39.669Z"}
{"level":"info","message":"从 weibo 采集到 0 条数据","service":"public-opinion-system","timestamp":"2026-02-12T07:06:41.121Z"}
{"level":"info","message":"数据验证完成: 有效 0 条, 无效 0 条","service":"public-opinion-system","timestamp":"2026-02-12T07:06:41.121Z"}
{"level":"info","message":"数据采集任务 collect_1770879996240 完成，共采集 0 条有效数据","service":"public-opinion-system","timestamp":"2026-02-12T07:06:41.122Z"}
{"level":"info","message":"开始增强AI分析任务 analysis_1770880001124_hbeti9fbm，数据量: 20，关键词: 疫情, 疫苗, 防控","service":"public-opinion-system","timestamp":"2026-02-12T07:06:41.124Z"}
{"level":"info","message":"第 1 轮增强分析开始","service":"public-opinion-system","timestamp":"2026-02-12T07:06:41.124Z"}
{"level":"info","message":"运行增强Agent: sentiment","service":"public-opinion-system","timestamp":"2026-02-12T07:06:41.125Z"}
{"level":"info","message":"深度学习情感分析开始处理 20 条数据","service":"public-opinion-system","timestamp":"2026-02-12T07:06:41.125Z"}
{"level":"info","message":"运行增强Agent: topic","service":"public-opinion-system","timestamp":"2026-02-12T07:06:41.126Z"}
{"level":"info","message":"主题建模Agent开始处理 20 条数据","service":"public-opinion-system","timestamp":"2026-02-12T07:06:41.126Z"}
{"level":"info","message":"运行增强Agent: risk","service":"public-opinion-system","timestamp":"2026-02-12T07:06:41.127Z"}
{"level":"info","message":"神经网络风险评估Agent开始处理 20 条数据","service":"public-opinion-system","timestamp":"2026-02-12T07:06:41.128Z"}
{"level":"info","message":"主题建模完成，发现 5 个主题，20 个关键词","service":"public-opinion-system","timestamp":"2026-02-12T07:06:41.133Z"}
{"level":"info","message":"增强Agent topic 完成，置信度: 0.84，用时: 8ms","service":"public-opinion-system","timestamp":"2026-02-12T07:06:41.134Z"}
{"level":"info","message":"深度学习情感分析完成，整体情感得分: 0.00，置信度: 0.66","service":"public-opinion-system","timestamp":"2026-02-12T07:06:41.135Z"}
{"level":"info","message":"神经网络风险评估完成，整体风险等级: low, 风险评分: 0.00","service":"public-opinion-system","timestamp":"2026-02-12T07:06:41.136Z"}
{"level":"info","message":"增强Agent sentiment 完成，置信度: 0.66，用时: 12ms","service":"public-opinion-system","timestamp":"2026-02-12T07:06:41.137Z"}
{"level":"info","message":"增强Agent risk 完成，置信度: 0.68，用时: 9ms","service":"public-opinion-system","timestamp":"2026-02-12T07:06:41.137Z"}
{"level":"info","message":"第 1 轮增强分析完成，平均置信度: 0.73","service":"public-opinion-system","timestamp":"2026-02-12T07:06:41.138Z"}
{"level":"info","message":"第 1 轮智能数据增强","service":"public-opinion-system","timestamp":"2026-02-12T07:06:41.139Z"}
{"level":"info","message":"数据增强完成，原始 20 条 → 增强 20 条","service":"public-opinion-system","timestamp":"2026-02-12T07:06:41.141Z"}
{"level":"info","message":"第 2 轮增强分析开始","service":"public-opinion-system","timestamp":"2026-02-12T07:06:41.141Z"}
{"level":"info","message":"运行增强Agent: sentiment","service":"public-opinion-system","timestamp":"2026-02-12T07:06:41.141Z"}
{"level":"info","message":"深度学习情感分析开始处理 20 条数据","service":"public-opinion-system","timestamp":"2026-02-12T07:06:41.142Z"}
{"level":"info","message":"运行增强Agent: topic","service":"public-opinion-system","timestamp":"2026-02-12T07:06:41.142Z"}
{"level":"info","message":"主题建模Agent开始处理 20 条数据","service":"public-opinion-system","timestamp":"2026-02-12T07:06:41.142Z"}
{"level":"info","message":"运行增强Agent: risk","service":"public-opinion-system","timestamp":"2026-02-12T07:06:41.143Z"}
{"level":"info","message":"神经网络风险评估Agent开始处理 20 条数据","service":"public-opinion-system","timestamp":"2026-02-12T07:06:41.143Z"}
{"level":"info","message":"主题建模完成，发现 5 个主题，20 个关键词","service":"public-opinion-system","timestamp":"2026-02-12T07:06:41.144Z"}
{"level":"info","message":"增强Agent topic 完成，置信度: 0.84，用时: 2ms","service":"public-opinion-system","timestamp":"2026-02-12T07:06:41.144Z"}
{"level":"info","message":"深度学习情感分析完成，整体情感得分: 0.00，置信度: 0.66","service":"public-opinion-system","timestamp":"2026-02-12T07:06:41.145Z"}
{"level":"info","message":"神经网络风险评估完成，整体风险等级: low, 风险评分: 0.00","service":"public-opinion-system","timestamp":"2026-02-12T07:06:41.147Z"}
{"level":"info","message":"增强Agent sentiment 完成，置信度: 0.66，用时: 5ms","service":"public-opinion-system","timestamp":"2026-02-12T07:06:41.147Z"}
{"level":"info","message":"增强Agent risk 完成，置信度: 0.68，用时: 4ms","service":"public-opinion-system","timestamp":"2026-02-12T07:06:41.147Z"}
{"level":"info","message":"第 2 轮增强分析完成，平均置信度: 0.73","service":"public-opinion-system","timestamp":"2026-02-12T07:06:41.148Z"}
{"level":"info","message":"第 2 轮智能数据增强","service":"public-opinion-system","timestamp":"2026-02-12T07:06:41.148Z"}
{"level":"info","message":"数据增强完成，原始 20 条 → 增强 20 条","service":"public-opinion-system","timestamp":"2026-02-12T07:06:41.149Z"}
{"level":"info","message":"第 3 轮增强分析开始","service":"public-opinion-system","timestamp":"2026-02-12T07:06:41.149Z"}
{"level":"info","message":"运行增强Agent: sentiment","service":"public-opinion-system","timestamp":"2026-02-12T07:06:41.149Z"}
{"level":"info","message":"深度学习情感分析开始处理 20 条数据","service":"public-opinion-system","timestamp":"2026-02-12T07:06:41.149Z"}
{"level":"info","message":"运行增强Agent: topic","service":"public-opinion-system","timestamp":"2026-02-12T07:06:41.150Z"}
{"level":"info","message":"主题建模Agent开始处理 20 条数据","service":"public-opinion-system","timestamp":"2026-02-12T07:06:41.150Z"}
{"level":"info","message":"运行增强Agent: risk","service":"public-opinion-system","timestamp":"2026-02-12T07:06:41.150Z"}
{"level":"info","message":"神经网络风险评估Agent开始处理 20 条数据","service":"public-opinion-system","timestamp":"2026-02-12T07:06:41.151Z"}
{"level":"info","message":"主题建模完成，发现 5 个主题，20 个关键词","service":"public-opinion-system","timestamp":"2026-02-12T07:06:41.152Z"}
{"level":"info","message":"增强Agent topic 完成，置信度: 0.84，用时: 2ms","service":"public-opinion-system","timestamp":"2026-02-12T07:06:41.152Z"}
{"level":"info","message":"深度学习情感分析完成，整体情感得分: 0.00，置信度: 0.66","service":"public-opinion-system","timestamp":"2026-02-12T07:06:41.153Z"}
{"level":"info","message":"神经网络风险评估完成，整体风险等级: low, 风险评分: 0.00","service":"public-opinion-system","timestamp":"2026-02-12T07:06:41.153Z"}
{"level":"info","message":"增强Agent sentiment 完成，置信度: 0.66，用时: 5ms","service":"public-opinion-system","timestamp":"2026-02-12T07:06:41.154Z"}
{"level":"info","message":"增强Agent risk 完成，置信度: 0.68，用时: 3ms","service":"public-opinion-system","timestamp":"2026-02-12T07:06:41.154Z"}
{"level":"info","message":"第 3 轮增强分析完成，平均置信度: 0.73","service":"public-opinion-system","timestamp":"2026-02-12T07:06:41.154Z"}
{"level":"info","message":"第 3 轮智能数据增强","service":"public-opinion-system","timestamp":"2026-02-12T07:06:41.155Z"}
{"level":"info","message":"数据增强完成，原始 20 条 → 增强 20 条","service":"public-opinion-system","timestamp":"2026-02-12T07:06:41.155Z"}
{"level":"info","message":"第 4 轮增强分析开始","service":"public-opinion-system","timestamp":"2026-02-12T07:06:41.155Z"}
{"level":"info","message":"运行增强Agent: sentiment","service":"public-opinion-system","timestamp":"2026-02-12T07:06:41.155Z"}
{"level":"info","message":"深度学习情感分析开始处理 20 条数据","service":"public-opinion-system","timestamp":"2026-02-12T07:06:41.157Z"}
{"level":"info","message":"运行增强Agent: topic","service":"public-opinion-system","timestamp":"2026-02-12T07:06:41.158Z"}
{"level":"info","message":"主题建模Agent开始处理 20 条数据","service":"public-opinion-system","timestamp":"2026-02-12T07:06:41.158Z"}
{"level":"info","message":"运行增强Agent: risk","service":"public-opinion-system","timestamp":"2026-02-12T07:06:41.158Z"}
{"level":"info","message":"神经网络风险评估Agent开始处理 20 条数据","service":"public-opinion-system","timestamp":"2026-02-12T07:06:41.159Z"}
{"level":"info","message":"主题建模完成，发现 5 个主题，20 个关键词","service":"public-opinion-system","timestamp":"2026-02-12T07:06:41.160Z"}
{"level":"info","message":"增强Agent topic 完成，置信度: 0.84，用时: 3ms","service":"public-opinion-system","timestamp":"2026-02-12T07:06:41.161Z"}
{"level":"info","message":"深度学习情感分析完成，整体情感得分: 0.00，置信度: 0.66","service":"public-opinion-system","timestamp":"2026-02-12T07:06:41.163Z"}
{"level":"info","message":"神经网络风险评估完成，整体风险等级: low, 风险评分: 0.00","service":"public-opinion-system","timestamp":"2026-02-12T07:06:41.163Z"}
{"level":"info","message":"增强Agent sentiment 完成，置信度: 0.66，用时: 7ms","service":"public-opinion-system","timestamp":"2026-02-12T07:06:41.164Z"}
{"level":"info","message":"增强Agent risk 完成，置信度: 0.68，用时: 5ms","service":"public-opinion-system","timestamp":"2026-02-12T07:06:41.164Z"}
{"level":"info","message":"第 4 轮增强分析完成，平均置信度: 0.73","service":"public-opinion-system","timestamp":"2026-02-12T07:06:41.164Z"}
{"level":"info","message":"第 4 轮智能数据增强","service":"public-opinion-system","timestamp":"2026-02-12T07:06:41.164Z"}
{"level":"info","message":"数据增强完成，原始 20 条 → 增强 20 条","service":"public-opinion-system","timestamp":"2026-02-12T07:06:41.165Z"}
{"level":"info","message":"第 5 轮增强分析开始","service":"public-opinion-system","timestamp":"2026-02-12T07:06:41.165Z"}
{"level":"info","message":"运行增强Agent: sentiment","service":"public-opinion-system","timestamp":"2026-02-12T07:06:41.165Z"}
{"level":"info","message":"深度学习情感分析开始处理 20 条数据","service":"public-opinion-system","timestamp":"2026-02-12T07:06:41.165Z"}
{"level":"info","message":"运行增强Agent: topic","service":"public-opinion-system","timestamp":"2026-02-12T07:06:41.165Z"}
{"level":"info","message":"主题建模Agent开始处理 20 条数据","service":"public-opinion-system","timestamp":"2026-02-12T07:06:41.166Z"}
{"level":"info","message":"运行增强Agent: risk","service":"public-opinion-system","timestamp":"2026-02-12T07:06:41.166Z"}
{"level":"info","message":"神经网络风险评估Agent开始处理 20 条数据","service":"public-opinion-system","timestamp":"2026-02-12T07:06:41.166Z"}
{"level":"info","message":"主题建模完成，发现 5 个主题，20 个关键词","service":"public-opinion-system","timestamp":"2026-02-12T07:06:41.167Z"}
{"level":"info","message":"增强Agent topic 完成，置信度: 0.84，用时: 1ms","service":"public-opinion-system","timestamp":"2026-02-12T07:06:41.167Z"}
{"level":"info","message":"深度学习情感分析完成，整体情感得分: 0.00，置信度: 0.66","service":"public-opinion-system","timestamp":"2026-02-12T07:06:41.167Z"}
{"level":"info","message":"神经网络风险评估完成，整体风险等级: low, 风险评分: 0.00","service":"public-opinion-system","timestamp":"2026-02-12T07:06:41.168Z"}
{"level":"info","message":"增强Agent sentiment 完成，置信度: 0.66，用时: 3ms","service":"public-opinion-system","timestamp":"2026-02-12T07:06:41.168Z"}
{"level":"info","message":"增强Agent risk 完成，置信度: 0.68，用时: 2ms","service":"public-opinion-system","timestamp":"2026-02-12T07:06:41.168Z"}
{"level":"info","message":"第 5 轮增强分析完成，平均置信度: 0.73","service":"public-opinion-system","timestamp":"2026-02-12T07:06:41.169Z"}
{"level":"error","message":"舆情分析失败: Cannot read properties of undefined (reading 'name')","service":"public-opinion-system","stack":"TypeError: Cannot read properties of undefined (reading 'name')\n    at EnhancedAIAnalyzer.generateEnhancedSummary (G:\\trae\\public-opinion-system\\src\\ai-analysis\\enhanced-analyzer.js:1548:67)\n    at EnhancedAIAnalyzer.generateEnhancedFinalReport (G:\\trae\\public-opinion-system\\src\\ai-analysis\\enhanced-analyzer.js:1508:27)\n    at EnhancedAIAnalyzer.analyze (G:\\trae\\public-opinion-system\\src\\ai-analysis\\enhanced-analyzer.js:1297:36)\n    at process.processTicksAndRejections (node:internal/process/task_queues:103:5)\n    at async PublicOpinionSystemV2CLI.performAnalysis (G:\\trae\\public-opinion-system\\src\\cli\\index-v2-simple.js:319:30)\n    at async PublicOpinionSystemV2CLI.quickAnalyze (G:\\trae\\public-opinion-system\\src\\cli\\index-v2-simple.js:203:5)\n    at async PublicOpinionSystemV2CLI.showQuickMenu (G:\\trae\\public-opinion-system\\src\\cli\\index-v2-simple.js:165:11)\n    at async PublicOpinionSystemV2CLI.start (G:\\trae\\public-opinion-system\\src\\cli\\index-v2-simple.js:124:9)\n    at async Command.<anonymous> (G:\\trae\\public-opinion-system\\src\\cli\\index-v2-simple.js:48:9)","timestamp":"2026-02-12T07:06:41.171Z"}
{"level":"warn","message":"实时监控未在运行","service":"public-opinion-system","timestamp":"2026-02-12T07:13:46.994Z"}
{"level":"info","message":"初始化增强AI分析引擎V2...","service":"public-opinion-system","timestamp":"2026-02-12T07:13:48.051Z"}
{"level":"info","message":"初始化Agent: DeepLearningSentimentAgent","service":"public-opinion-system","timestamp":"2026-02-12T07:13:48.054Z"}
{"level":"info","message":"加载深度学习情感分析模型...","service":"public-opinion-system","timestamp":"2026-02-12T07:13:48.059Z"}
{"level":"info","message":"深度学习模型加载完成","service":"public-opinion-system","timestamp":"2026-02-12T07:13:48.060Z"}
{"level":"info","message":"增强Agent sentiment 初始化完成","service":"public-opinion-system","timestamp":"2026-02-12T07:13:48.060Z"}
{"level":"info","message":"初始化Agent: TopicModelingAgent","service":"public-opinion-system","timestamp":"2026-02-12T07:13:48.061Z"}
{"level":"info","message":"加载主题建模模型...","service":"public-opinion-system","timestamp":"2026-02-12T07:13:48.061Z"}
{"level":"info","message":"主题建模模型加载完成","service":"public-opinion-system","timestamp":"2026-02-12T07:13:48.063Z"}
{"level":"info","message":"增强Agent topic 初始化完成","service":"public-opinion-system","timestamp":"2026-02-12T07:13:48.063Z"}
{"level":"info","message":"初始化Agent: NeuralRiskAssessmentAgent","service":"public-opinion-system","timestamp":"2026-02-12T07:13:48.064Z"}
{"level":"info","message":"加载神经网络风险评估模型...","service":"public-opinion-system","timestamp":"2026-02-12T07:13:48.064Z"}
{"level":"info","message":"神经网络风险评估模型加载完成","service":"public-opinion-system","timestamp":"2026-02-12T07:13:48.065Z"}
{"level":"info","message":"增强Agent risk 初始化完成","service":"public-opinion-system","timestamp":"2026-02-12T07:13:48.065Z"}
{"level":"info","message":"增强AI分析引擎V2初始化完成","service":"public-opinion-system","timestamp":"2026-02-12T07:13:48.065Z"}
{"level":"info","message":"启动技能管理器...","service":"public-opinion-system","timestamp":"2026-02-12T07:13:48.066Z"}
{"level":"info","message":"加载技能: DataCleaningSkill v1.0.0","service":"public-opinion-system","timestamp":"2026-02-12T07:13:48.075Z"}
{"level":"info","message":"技能管理器启动完成","service":"public-opinion-system","timestamp":"2026-02-12T07:13:48.076Z"}
{"level":"info","message":"开始真实数据收集，关键词: 疫情, 平台: weibo","service":"public-opinion-system","timestamp":"2026-02-12T07:13:48.078Z"}
{"level":"info","message":"开始收集微博数据，关键词: 疫情, 最大结果数: 5","service":"public-opinion-system","timestamp":"2026-02-12T07:13:48.079Z"}
{"level":"error","message":"微博数据收集失败: Cannot read properties of undefined (reading 'cards')","service":"public-opinion-system","stack":"TypeError: Cannot read properties of undefined (reading 'cards')\n    at RealWeiboCollector.collectData (G:\\trae\\public-opinion-system\\src\\data-collection\\real-data-collector.js:42:54)\n    at process.processTicksAndRejections (node:internal/process/task_queues:103:5)\n    at async RealDataCollector.collectData (G:\\trae\\public-opinion-system\\src\\data-collection\\real-data-collector.js:412:35)\n    at async PublicOpinionSystemV2CLI.collectData (G:\\trae\\public-opinion-system\\src\\cli\\index-v2-simple.js:342:20)\n    at async Command.<anonymous> (G:\\trae\\public-opinion-system\\src\\cli\\index-v2-simple.js:72:9)","timestamp":"2026-02-12T07:13:48.189Z"}
{"context":{"keyword":"疫情","source":"weibo_collection"},"error":{"code":"UNKNOWN_ERROR","message":"Cannot read properties of undefined (reading 'cards')","severity":"medium"},"level":"warn","message":"中级错误:","service":"public-opinion-system","timestamp":"2026-02-12T07:13:48.190Z"}
{"level":"info","message":"错误类型 undefined 不可恢复","service":"public-opinion-system","timestamp":"2026-02-12T07:13:48.191Z"}
{"level":"info","message":"生成 5 条模拟数据用于关键词 \"疫情\"","service":"public-opinion-system","timestamp":"2026-02-12T07:13:48.191Z"}
{"level":"info","message":"从 weibo 收集关键词 \"疫情\" 获得 5 条数据","service":"public-opinion-system","timestamp":"2026-02-12T07:13:48.192Z"}
{"level":"info","message":"真实数据收集完成，共获得 5 条数据","service":"public-opinion-system","timestamp":"2026-02-12T07:13:50.200Z"}
{"level":"info","message":"初始化增强AI分析引擎V2...","service":"public-opinion-system","timestamp":"2026-02-12T07:15:37.477Z"}
{"level":"info","message":"初始化Agent: DeepLearningSentimentAgent","service":"public-opinion-system","timestamp":"2026-02-12T07:15:37.480Z"}
{"level":"info","message":"加载深度学习情感分析模型...","service":"public-opinion-system","timestamp":"2026-02-12T07:15:37.481Z"}
{"level":"info","message":"深度学习模型加载完成","service":"public-opinion-system","timestamp":"2026-02-12T07:15:37.485Z"}
{"level":"info","message":"增强Agent sentiment 初始化完成","service":"public-opinion-system","timestamp":"2026-02-12T07:15:37.485Z"}
{"level":"info","message":"初始化Agent: TopicModelingAgent","service":"public-opinion-system","timestamp":"2026-02-12T07:15:37.486Z"}
{"level":"info","message":"加载主题建模模型...","service":"public-opinion-system","timestamp":"2026-02-12T07:15:37.486Z"}
{"level":"info","message":"主题建模模型加载完成","service":"public-opinion-system","timestamp":"2026-02-12T07:15:37.487Z"}
{"level":"info","message":"增强Agent topic 初始化完成","service":"public-opinion-system","timestamp":"2026-02-12T07:15:37.487Z"}
{"level":"info","message":"初始化Agent: NeuralRiskAssessmentAgent","service":"public-opinion-system","timestamp":"2026-02-12T07:15:37.487Z"}
{"level":"info","message":"加载神经网络风险评估模型...","service":"public-opinion-system","timestamp":"2026-02-12T07:15:37.488Z"}
{"level":"info","message":"神经网络风险评估模型加载完成","service":"public-opinion-system","timestamp":"2026-02-12T07:15:37.488Z"}
{"level":"info","message":"增强Agent risk 初始化完成","service":"public-opinion-system","timestamp":"2026-02-12T07:15:37.488Z"}
{"level":"info","message":"增强AI分析引擎V2初始化完成","service":"public-opinion-system","timestamp":"2026-02-12T07:15:37.489Z"}
{"level":"info","message":"启动技能管理器...","service":"public-opinion-system","timestamp":"2026-02-12T07:15:37.490Z"}
{"level":"info","message":"加载技能: DataCleaningSkill v1.0.0","service":"public-opinion-system","timestamp":"2026-02-12T07:15:37.493Z"}
{"level":"info","message":"技能管理器启动完成","service":"public-opinion-system","timestamp":"2026-02-12T07:15:37.494Z"}
{"level":"info","message":"开始真实数据收集，关键词: 疫情, 平台: weibo","service":"public-opinion-system","timestamp":"2026-02-12T07:15:37.495Z"}
{"level":"info","message":"开始收集微博数据，关键词: 疫情, 最大结果数: 5","service":"public-opinion-system","timestamp":"2026-02-12T07:15:37.495Z"}
{"level":"info","message":"尝试搜索配置 1/3: 疫情","service":"public-opinion-system","timestamp":"2026-02-12T07:15:37.496Z"}
{"level":"info","message":"尝试搜索配置 2/3: 疫情","service":"public-opinion-system","timestamp":"2026-02-12T07:15:39.582Z"}
{"level":"info","message":"尝试搜索配置 3/3: 疫情","service":"public-opinion-system","timestamp":"2026-02-12T07:15:41.600Z"}
{"level":"warn","message":"搜索配置 3 失败:","service":"public-opinion-system","timestamp":"2026-02-12T07:15:41.609Z"}
{"code":"ERR_BAD_REQUEST","config":{"adapter":["xhr","http","fetch"],"allowAbsoluteUrls":true,"env":{},"headers":{"Accept":"application/json, text/plain, */*","Accept-Encoding":"gzip, deflate, br","Accept-Language":"zh-CN,zh;q=0.9,en;q=0.8","Referer":"https://m.weibo.cn/","User-Agent":"Mozilla/5.0 (iPhone; CPU iPhone OS 14_0 like Mac OS X) AppleWebKit/605.1.15 (KHTML, like Gecko) Mobile/15E148","X-Requested-With":"XMLHttpRequest"},"maxBodyLength":-1,"maxContentLength":-1,"method":"get","params":{"lfid":"231583","luicode":"10000011","queryVal":"%E7%96%AB%E6%83%85","type":"all"},"timeout":10000,"transformRequest":[null],"transformResponse":[null],"transitional":{"clarifyTimeoutError":false,"forcedJSONParsing":true,"legacyInterceptorReqResOrdering":true,"silentJSONParsing":true},"url":"https://m.weibo.cn/api/container/getIndex","xsrfCookieName":"XSRF-TOKEN","xsrfHeaderName":"X-XSRF-TOKEN"},"isAxiosError":true,"level":"error","message":"微博数据收集过程失败: Request failed with status code 432","name":"AxiosError","request":{"_closed":true,"_contentLength":0,"_defaultKeepAlive":true,"_ended":true,"_events":{},"_eventsCount":7,"_hasBody":true,"_header":"GET /api/container/getIndex?type=all&queryVal=%25E7%2596%25AB%25E6%2583%2585&luicode=10000011&lfid=231583 HTTP/1.1\r\nAccept: application/json, text/plain, */*\r\nUser-Agent: Mozilla/5.0 (iPhone; CPU iPhone OS 14_0 like Mac OS X) AppleWebKit/605.1.15 (KHTML, like Gecko) Mobile/15E148\r\nAccept-Language: zh-CN,zh;q=0.9,en;q=0.8\r\nAccept-Encoding: gzip, deflate, br\r\nX-Requested-With: XMLHttpRequest\r\nReferer: https://m.weibo.cn/\r\nHost: m.weibo.cn\r\nConnection: keep-alive\r\n\r\n","_headerSent":true,"_keepAliveTimeout":0,"_last":true,"_redirectable":{"_currentRequest":"[Circular]","_currentUrl":"https://m.weibo.cn/api/container/getIndex?type=all&queryVal=%25E7%2596%25AB%25E6%2583%2585&luicode=10000011&lfid=231583","_ended":true,"_ending":true,"_events":{"socket":[null,null]},"_eventsCount":3,"_options":{"agents":{},"beforeRedirects":{},"headers":{"Accept":"application/json, text/plain, */*","Accept-Encoding":"gzip, deflate, br","Accept-Language":"zh-CN,zh;q=0.9,en;q=0.8","Referer":"https://m.weibo.cn/","User-Agent":"Mozilla/5.0 (iPhone; CPU iPhone OS 14_0 like Mac OS X) AppleWebKit/605.1.15 (KHTML, like Gecko) Mobile/15E148","X-Requested-With":"XMLHttpRequest"},"hostname":"m.weibo.cn","maxBodyLength":null,"maxRedirects":21,"method":"GET","nativeProtocols":{"http:":{"METHODS":["ACL","BIND","CHECKOUT","CONNECT","COPY","DELETE","GET","HEAD","LINK","LOCK","M-SEARCH","MERGE","MKACTIVITY","MKCALENDAR","MKCOL","MOVE","NOTIFY","OPTIONS","PATCH","POST","PROPFIND","PROPPATCH","PURGE","PUT","QUERY","REBIND","REPORT","SEARCH","SOURCE","SUBSCRIBE","TRACE","UNBIND","UNLINK","UNLOCK","UNSUBSCRIBE"],"STATUS_CODES":{"100":"Continue","101":"Switching Protocols","102":"Processing","103":"Early Hints","200":"OK","201":"Created","202":"Accepted","203":"Non-Authoritative Information","204":"No Content","205":"Reset Content","206":"Partial Content","207":"Multi-Status","208":"Already Reported","226":"IM Used","300":"Multiple Choices","301":"Moved Permanently","302":"Found","303":"See Other","304":"Not Modified","305":"Use Proxy","307":"Temporary Redirect","308":"Permanent Redirect","400":"Bad Request","401":"Unauthorized","402":"Payment Required","403":"Forbidden","404":"Not Found","405":"Method Not Allowed","406":"Not Acceptable","407":"Proxy Authentication Required","408":"Request Timeout","409":"Conflict","410":"Gone","411":"Length Required","412":"Precondition Failed","413":"Payload Too Large","414":"URI Too Long","415":"Unsupported Media Type","416":"Range Not Satisfiable","417":"Expectation Failed","418":"I'm a Teapot","421":"Misdirected Request","422":"Unprocessable Entity","423":"Locked","424":"Failed Dependency","425":"Too Early","426":"Upgrade Required","428":"Precondition Required","429":"Too Many Requests","431":"Request Header Fields Too Large","451":"Unavailable For Legal Reasons","500":"Internal Server Error","501":"Not Implemented","502":"Bad Gateway","503":"Service Unavailable","504":"Gateway Timeout","505":"HTTP Version Not Supported","506":"Variant Also Negotiates","507":"Insufficient Storage","508":"Loop Detected","509":"Bandwidth Limit Exceeded","510":"Not Extended","511":"Network Authentication Required"},"globalAgent":{"_events":{},"_eventsCount":2,"agentKeepAliveTimeoutBuffer":1000,"defaultPort":80,"freeSockets":{},"keepAlive":true,"keepAliveMsecs":1000,"maxFreeSockets":256,"maxSockets":null,"maxTotalSockets":null,"options":{"keepAlive":true,"noDelay":true,"path":null,"scheduling":"lifo","timeout":5000},"protocol":"http:","requests":{},"scheduling":"lifo","sockets":{},"totalSocketCount":0},"maxHeaderSize":16384},"https:":{"globalAgent":{"_events":{},"_eventsCount":2,"_sessionCache":{"list":["m.weibo.cn:443:::::::::::::::::::::"],"map":{"m.weibo.cn:443:::::::::::::::::::::":{"data":[48,130,11,177,2,1,1,2,2,3,3,4,2,192,43,4,32,55,152,91,173,17,120,87,226,164,225,158,61,81,182,170,197,119,97,7,252,80,123,210,211,27,9,29,227,2,25,37,223,4,48,47,122,172,233,87,162,193,116,59,39,211,171,6,222,106,252,160,0,140,187,32,33,108,57,160,55,57,87,79,52,205,23,34,179,206,227,134,19,237,207,77,152,23,203,153,141,44,7,161,6,2,4,105,141,126,25,162,4,2,2,28,32,163,130,11,36,48,130,11,32,48,130,9,8,160,3,2,1,2,2,16,2,152,5,202,92,99,43,89,130,35,199,24,166,218,3,82,48,13,6,9,42,134,72,134,247,13,1,1,11,5,0,48,91,49,11,48,9,6,3,85,4,6,19,2,85,83,49,23,48,21,6,3,85,4,10,19,14,68,105,103,105,67,101,114,116,44,32,73,110,99,46,49,51,48,49,6,3,85,4,3,19,42,71,101,111,84,114,117,115,116,32,71,50,32,84,76,83,32,67,78,32,82,83,65,52,48,57,54,32,83,72,65,50,53,54,32,50,48,50,50,32,67,65,49,48,30,23,13,50,53,48,53,49,50,48,48,48,48,48,48,90,23,13,50,54,48,53,51,49,50,51,53,57,53,57,90,48,94,49,11,48,9,6,3,85,4,6,19,2,67,78,49,16,48,14,6,3,85,4,8,19,7,66,101,105,106,105,110,103,49,42,48,40,6,3,85,4,10,19,33,83,105,110,97,46,99,111,109,32,84,101,99,104,110,111,108,111,103,121,40,67,104,105,110,97,41,67,111,46,44,108,116,100,49,17,48,15,6,3,85,4,3,19,8,119,101,105,98,111,46,99,110,48,89,48,19,6,7,42,134,72,206,61,2,1,6,8,42,134,72,206,61,3,1,7,3,66,0,4,158,203,197,203,7,46,254,188,105,208,81,191,164,249,239,88,150,168,74,47,86,216,95,245,3,233,49,155,202,156,105,58,43,124,24,165,0,128,120,238,202,244,83,84,133,241,69,195,24,113,55,11,190,238,81,90,34,42,14,72,52,110,58,113,163,130,7,166,48,130,7,162,48,31,6,3,85,29,35,4,24,48,22,128,20,65,78,142,105,157,244,110,37,236,120,20,28,126,215,205,29,153,207,249,107,48,29,6,3,85,29,14,4,22,4,20,180,222,46,8,211,27,26,238,115,67,70,127,230,61,202,113,2,126,0,25,48,130,4,136,6,3,85,29,17,4,130,4,127,48,130,4,123,130,8,119,101,105,98,111,46,99,110,130,21,97,100,109,105,110,46,101,118,101,110,116,46,119,101,105,98,111,46,99,111,109,130,20,97,112,105,46,99,104,97,111,104,117,97,46,119,101,105,98,111,46,99,110,130,17,97,112,105,46,116,46,115,105,110,97,46,99,111,109,46,99,110,130,23,99,111,109,112,97,110,121,46,97,100,109,105,110,46,119,101,105,98,111,46,99,111,109,130,26,99,111,109,112,97,110,121,46,118,101,114,105,102,105,101,100,46,119,101,105,98,111,46,99,111,109,130,14,105,46,97,112,112,115,46,115,105,110,97,46,99,110,130,8,107,114,99,111,109,46,99,110,130,16,110,101,119,46,118,105,112,46,119,101,105,98,111,46,99,110,130,20,112,105,99,46,116,111,110,103,106,105,46,119,101,105,98,111,46,99,111,109,130,25,115,101,114,118,105,99,101,46,97,99,99,111,117,110,116,46,119,101,105,98,111,46,99,111,109,130,20,115,104,97,114,101,46,99,97,114,100,46,119,101,105,98,111,46,99,111,109,130,18,118,105,100,101,111,46,118,105,100,101,111,115,101,108,102,46,99,110,130,18,118,105,100,101,111,46,119,101,105,98,111,99,100,110,46,99,111,109,130,9,119,101,105,98,111,46,99,111,109,130,14,42,46,97,100,46,119,101,105,98,111,46,99,111,109,130,14,42,46,97,112,105,46,119,101,105,98,111,46,99,110,130,16,42,46,98,97,110,103,46,119,101,105,98,111,46,99,111,109,130,15,42,46,98,97,111,46,119,101,105,98,111,46,99,111,109,130,14,42,46,98,105,122,46,119,101,105,98,111,46,99,110,130,15,42,46,98,111,112,46,119,101,105,98,111,46,99,111,109,130,24,42,46,98,114,97,110,100,46,115,101,114,118,105,99,101,46,119,101,105,98,111,46,99,110,130,25,42,46,98,114,97,110,100,46,115,101,114,118,105,99,101,46,119,101,105,98,111,46,99,111,109,130,14,42,46,99,100,110,46,107,114,99,111,109,46,99,110,130,19,42,46,99,104,97,111,104,117,97,46,119,101,105,98,111,46,99,111,109,130,18,42,46,99,104,101,110,103,100,117,46,119,101,105,98,111,46,99,110,130,14,42,46,101,100,109,46,119,101,105,98,111,46,99,110,130,18,42,46,102,111,114,101,99,97,115,116,46,115,105,110,97,46,99,110,130,13,42,46,104,53,46,119,101,105,98,111,46,99,110,130,14,42,46,104,100,46,119,101,105,98,111,46,99,111,109,130,10,42,46,107,114,99,111,109,46,99,110,130,15,42,46,108,105,102,101,46,119,101,105,98,111,46,99,110,130,16,42,46,108,105,118,101,46,119,101,105,98,111,46,99,111,109,130,15,42,46,109,99,110,46,119,101,105,98,111,46,99,111,109,130,14,42,46,109,101,46,119,101,105,98,111,46,99,111,109,130,17,42,46,109,101,100,105,97,46,119,101,105,98,111,46,99,111,109,130,17,42,46,109,111,118,105,101,46,119,101,105,98,111,46,99,111,109,130,19,42,46,109,117,115,105,99,46,115,105,110,97,46,99,111,109,46,99,110,130,17,42,46,109,117,115,105,99,46,119,101,105,98,111,46,99,111,109,130,16,42,46,111,97,115,105,115,46,119,101,105,98,111,46,99,110,130,17,42,46,112,104,111,116,111,46,119,101,105,98,111,46,99,111,109,130,15,42,46,112,114,111,46,119,101,105,98,111,46,99,111,109,130,13,42,46,113,114,46,119,101,105,98,111,46,99,110,130,19,42,46,115,101,114,118,105,99,101,46,119,101,105,98,111,46,99,111,109,130,9,42,46,115,105,110,97,46,99,110,130,13,42,46,115,105,110,97,46,99,111,109,46,99,110,130,12,42,46,115,105,110,97,105,109,103,46,99,110,130,11,42,46,115,105,110,97,106,115,46,99,110,130,16,42,46,115,116,97,114,46,119,101,105,98,111,46,99,111,109,130,18,42,46,116,105,97,110,104,101,46,119,101,105,98,111,46,99,111,109,130,20,42,46,116,114,97,118,101,108,46,115,105,110,97,46,99,111,109,46,99,110,130,20,42,46,118,101,114,105,102,105,101,100,46,119,101,105,98,111,46,99,111,109,130,20,42,46,118,105,100,101,111,46,118,105,100,101,111,115,101,108,102,46,99,110,130,17,42,46,118,105,100,101,111,46,119,101,105,98,111,46,99,111,109,130,20,42,46,118,105,100,101,111,46,119,101,105,98,111,99,100,110,46,99,111,109,130,15,42,46,118,105,112,46,119,101,105,98,111,46,99,111,109,130,15,42,46,119,97,110,46,119,101,105,98,111,46,99,111,109,130,15,42,46,119,97,120,46,119,101,105,98,111,46,99,111,109,130,10,42,46,119,98,105,109,103,46,99,110,130,9,42,46,119,99,100,110,46,99,110,130,10,42,46,119,101,105,98,111,46,99,110,130,11,42,46,119,101,105,98,111,46,99,111,109,130,16,42,46,99,97,114,100,46,119,101,105,98,111,46,99,111,109,130,12,119,119,119,46,119,101,105,98,111,46,99,110,48,62,6,3,85,29,32,4,55,48,53,48,51,6,6,103,129,12,1,2,2,48,41,48,39,6,8,43,6,1,5,5,7,2,1,22,27,104,116,116,112,58,47,47,119,119,119,46,100,105,103,105,99,101,114,116,46,99,111,109,47,67,80,83,48,14,6,3,85,29,15,1,1,255,4,4,3,2,3,136,48,29,6,3,85,29,37,4,22,48,20,6,8,43,6,1,5,5,7,3,1,6,8,43,6,1,5,5,7,3,2,48,79,6,3,85,29,31,4,72,48,70,48,68,160,66,160,64,134,62,104,116,116,112,58,47,47,99,114,108,46,100,105,103,105,99,101,114,116,46,99,110,47,71,101,111,84,114,117,115,116,71,50,84,76,83,67,78,82,83,65,52,48,57,54,83,72,65,50,53,54,50,48,50,50,67,65,49,46,99,114,108,48,129,131,6,8,43,6,1,5,5,7,1,1,4,119,48,117,48,35,6,8,43,6,1,5,5,7,48,1,134,23,104,116,116,112,58,47,47,111,99,115,112,46,100,105,103,105,99,101,114,116,46,99,110,48,78,6,8,43,6,1,5,5,7,48,2,134,66,104,116,116,112,58,47,47,99,97,99,101,114,116,115,46,100,105,103,105,99,101,114,116,46,99,110,47,71,101,111,84,114,117,115,116,71,50,84,76,83,67,78,82,83,65,52,48,57,54,83,72,65,50,53,54,50,48,50,50,67,65,49,46,99,114,116,48,12,6,3,85,29,19,1,1,255,4,2,48,0,48,130,1,126,6,10,43,6,1,4,1,214,121,2,4,2,4,130,1,110,4,130,1,106,1,104,0,118,0,14,87,148,188,243,174,169,62,51,27,44,153,7,179,247,144,223,155,194,61,113,50,37,221,33,169,37,172,97,197,78,33,0,0,1,150,195,62,14,1,0,0,4,3,0,71,48,69,2,33,0,237,158,201,118,153,204,185,195,210,155,127,109,233,7,126,164,252,206,242,224,130,112,3,193,164,18,47,138,70,83,141,145,2,32,101,111,73,255,122,78,157,232,208,252,242,233,105,76,99,38,201,49,40,231,232,89,111,117,151,154,35,58,160,116,46,61,0,118,0,100,17,196,108,164,18,236,167,137,28,162,2,46,0,188,171,79,40,7,212,30,53,39,171,234,254,213,3,201,125,205,240,0,0,1,150,195,62,14,59,0,0,4,3,0,71,48,69,2,32,22,93,24,72,74,144,215,82,234,124,68,118,121,48,237,179,204,52,207,46,132,211,89,139,168,143,177,172,148,47,129,100,2,33,0,174,139,15,130,46,209,184,188,52,208,24,210,229,141,217,137,238,0,89,222,179,98,26,159,153,50,38,160,235,225,235,212,0,118,0,73,156,155,105,222,29,124,236,252,54,222,205,135,100,166,184,91,175,10,135,128,25,209,85,82,251,233,235,41,221,248,195,0,0,1,150,195,62,14,80,0,0,4,3,0,71,48,69,2,33,0,165,203,3,207,135,228,39,151,150,22,176,174,68,84,151,161,195,234,199,40,19,242,64,83,64,180,208,77,2,3,216,185,2,32,82,44,6,234,33,204,39,134,169,40,38,240,46,191,215,160,187,58,19,246,142,211,125,14,99,250,33,158,197,231,250,192,48,13,6,9,42,134,72,134,247,13,1,1,11,5,0,3,130,2,1,0,93,184,2,224,16,91,211,14,14,98,35,156,215,95,103,211,85,50,75,238,245,5,140,177,88,27,186,20,232,9,253,6,136,56,234,88,3,158,225,212,180,149,189,68,100,161,185,2,251,176,35,251,40,234,141,229,163,54,28,79,173,145,90,126,52,5,20,250,167,31,5,138,193,127,30,44,213,103,59,27,135,59,107,55,135,41,166,132,249,184,150,22,139,213,98,152,218,21,38,178,115,18,117,120,241,14,211,86,69,40,168,78,54,191,151,72,171,38,45,111,177,0,76,248,205,208,101,32,27,125,96,23,13,100,80,163,97,211,92,206,91,119,248,207,90,108,111,48,171,247,67,149,102,35,190,37,240,111,173,77,46,124,77,68,186,51,238,0,179,150,111,54,70,255,92,96,251,86,229,179,132,202,253,99,4,208,48,207,215,46,119,68,94,168,18,216,46,131,172,91,237,8,227,6,143,155,94,115,36,118,45,75,113,26,102,197,205,60,123,190,224,178,22,249,62,31,33,160,119,95,69,235,141,57,50,178,195,104,252,166,27,61,171,157,37,174,248,120,64,26,243,147,180,141,66,8,72,182,215,138,18,143,128,117,232,212,33,144,249,139,160,168,241,38,27,36,190,110,231,230,91,238,231,203,48,216,94,230,137,3,54,134,13,112,165,162,37,164,1,242,229,85,0,142,113,195,62,161,122,102,115,97,137,241,160,44,164,88,59,251,66,130,223,163,195,210,26,3,75,78,67,16,96,84,60,152,143,255,39,102,3,89,86,204,156,238,60,128,189,16,18,16,65,72,4,25,66,228,109,74,43,240,46,3,23,73,33,185,173,233,61,122,37,206,72,139,155,58,188,169,19,184,42,135,215,152,116,124,52,254,190,95,138,165,154,57,183,134,31,219,110,94,12,45,98,36,137,144,249,106,88,136,229,216,106,203,201,48,3,163,166,253,145,92,58,69,250,109,72,87,52,222,60,101,174,244,110,129,169,67,21,241,100,26,159,87,84,160,5,119,61,139,146,153,93,197,84,67,99,219,177,255,216,68,84,43,0,78,228,90,46,147,44,181,31,228,95,184,193,19,252,174,171,227,43,14,128,135,17,46,206,105,137,18,203,191,233,108,166,149,225,69,173,189,180,243,193,124,217,105,175,175,164,2,4,0,166,12,4,10,109,46,119,101,105,98,111,46,99,110,173,3,2,1,1,179,3,2,1,29],"type":"Buffer"}}},"agentKeepAliveTimeoutBuffer":1000,"defaultPort":443,"freeSockets":{"m.weibo.cn:443:::::::::::::::::::::":[{"_SNICallback":null,"_closeAfterHandlingError":false,"_controlReleased":true,"_events":{"close":[null,null,null],"timeout":[null,null]},"_eventsCount":9,"_hadError":false,"_host":"m.weibo.cn","_httpMessage":null,"_newSessionPending":false,"_parent":null,"_pendingData":null,"_pendingEncoding":"","_readableState":{"awaitDrainWriters":null,"buffer":[],"bufferIndex":0,"highWaterMark":16384,"length":0,"pipes":[]},"_rejectUnauthorized":true,"_requestCert":true,"_secureEstablished":true,"_securePending":false,"_server":null,"_sockname":null,"_tlsOptions":{"isServer":false,"pipe":false,"rejectUnauthorized":true,"requestCert":true,"secureContext":{"context":{}}},"_writableState":{"bufferedIndex":0,"corked":0,"highWaterMark":16384,"length":0,"pendingcb":0,"writelen":0},"allowHalfOpen":false,"alpnProtocol":false,"authorizationError":null,"authorized":true,"autoSelectFamilyAttemptedAddresses":["49.7.37.74:443"],"connecting":false,"encrypted":true,"parser":null,"secureConnecting":false,"servername":"m.weibo.cn","ssl":{"_parent":{"onconnection":null,"reading":true},"_parentWrap":null,"_secureContext":{"context":{}},"reading":true},"timeout":5000}]},"keepAlive":true,"keepAliveMsecs":1000,"maxCachedSessions":100,"maxFreeSockets":256,"maxSockets":null,"maxTotalSockets":null,"options":{"defaultPort":443,"keepAlive":true,"noDelay":true,"path":null,"protocol":"https:","scheduling":"lifo","timeout":5000},"protocol":"https:","requests":{},"scheduling":"lifo","sockets":{},"totalSocketCount":1}}},"path":"/api/container/getIndex?type=all&queryVal=%25E7%2596%25AB%25E6%2583%2585&luicode=10000011&lfid=231583","pathname":"/api/container/getIndex","port":"","protocol":"https:","search":"?type=all&queryVal=%25E7%2596%25AB%25E6%2583%2585&luicode=10000011&lfid=231583"},"_redirectCount":0,"_redirects":[],"_requestBodyBuffers":[],"_requestBodyLength":0,"_timeout":null,"_writableState":{"bufferedIndex":0,"corked":0,"highWaterMark":16384,"length":0,"pendingcb":0,"writelen":0}},"_removedConnection":false,"_removedContLen":false,"_removedTE":false,"_trailer":"","aborted":false,"agent":{"_events":{},"_eventsCount":2,"_sessionCache":{"list":["m.weibo.cn:443:::::::::::::::::::::"],"map":{"m.weibo.cn:443:::::::::::::::::::::":{"data":[48,130,11,177,2,1,1,2,2,3,3,4,2,192,43,4,32,55,152,91,173,17,120,87,226,164,225,158,61,81,182,170,197,119,97,7,252,80,123,210,211,27,9,29,227,2,25,37,223,4,48,47,122,172,233,87,162,193,116,59,39,211,171,6,222,106,252,160,0,140,187,32,33,108,57,160,55,57,87,79,52,205,23,34,179,206,227,134,19,237,207,77,152,23,203,153,141,44,7,161,6,2,4,105,141,126,25,162,4,2,2,28,32,163,130,11,36,48,130,11,32,48,130,9,8,160,3,2,1,2,2,16,2,152,5,202,92,99,43,89,130,35,199,24,166,218,3,82,48,13,6,9,42,134,72,134,247,13,1,1,11,5,0,48,91,49,11,48,9,6,3,85,4,6,19,2,85,83,49,23,48,21,6,3,85,4,10,19,14,68,105,103,105,67,101,114,116,44,32,73,110,99,46,49,51,48,49,6,3,85,4,3,19,42,71,101,111,84,114,117,115,116,32,71,50,32,84,76,83,32,67,78,32,82,83,65,52,48,57,54,32,83,72,65,50,53,54,32,50,48,50,50,32,67,65,49,48,30,23,13,50,53,48,53,49,50,48,48,48,48,48,48,90,23,13,50,54,48,53,51,49,50,51,53,57,53,57,90,48,94,49,11,48,9,6,3,85,4,6,19,2,67,78,49,16,48,14,6,3,85,4,8,19,7,66,101,105,106,105,110,103,49,42,48,40,6,3,85,4,10,19,33,83,105,110,97,46,99,111,109,32,84,101,99,104,110,111,108,111,103,121,40,67,104,105,110,97,41,67,111,46,44,108,116,100,49,17,48,15,6,3,85,4,3,19,8,119,101,105,98,111,46,99,110,48,89,48,19,6,7,42,134,72,206,61,2,1,6,8,42,134,72,206,61,3,1,7,3,66,0,4,158,203,197,203,7,46,254,188,105,208,81,191,164,249,239,88,150,168,74,47,86,216,95,245,3,233,49,155,202,156,105,58,43,124,24,165,0,128,120,238,202,244,83,84,133,241,69,195,24,113,55,11,190,238,81,90,34,42,14,72,52,110,58,113,163,130,7,166,48,130,7,162,48,31,6,3,85,29,35,4,24,48,22,128,20,65,78,142,105,157,244,110,37,236,120,20,28,126,215,205,29,153,207,249,107,48,29,6,3,85,29,14,4,22,4,20,180,222,46,8,211,27,26,238,115,67,70,127,230,61,202,113,2,126,0,25,48,130,4,136,6,3,85,29,17,4,130,4,127,48,130,4,123,130,8,119,101,105,98,111,46,99,110,130,21,97,100,109,105,110,46,101,118,101,110,116,46,119,101,105,98,111,46,99,111,109,130,20,97,112,105,46,99,104,97,111,104,117,97,46,119,101,105,98,111,46,99,110,130,17,97,112,105,46,116,46,115,105,110,97,46,99,111,109,46,99,110,130,23,99,111,109,112,97,110,121,46,97,100,109,105,110,46,119,101,105,98,111,46,99,111,109,130,26,99,111,109,112,97,110,121,46,118,101,114,105,102,105,101,100,46,119,101,105,98,111,46,99,111,109,130,14,105,46,97,112,112,115,46,115,105,110,97,46,99,110,130,8,107,114,99,111,109,46,99,110,130,16,110,101,119,46,118,105,112,46,119,101,105,98,111,46,99,110,130,20,112,105,99,46,116,111,110,103,106,105,46,119,101,105,98,111,46,99,111,109,130,25,115,101,114,118,105,99,101,46,97,99,99,111,117,110,116,46,119,101,105,98,111,46,99,111,109,130,20,115,104,97,114,101,46,99,97,114,100,46,119,101,105,98,111,46,99,111,109,130,18,118,105,100,101,111,46,118,105,100,101,111,115,101,108,102,46,99,110,130,18,118,105,100,101,111,46,119,101,105,98,111,99,100,110,46,99,111,109,130,9,119,101,105,98,111,46,99,111,109,130,14,42,46,97,100,46,119,101,105,98,111,46,99,111,109,130,14,42,46,97,112,105,46,119,101,105,98,111,46,99,110,130,16,42,46,98,97,110,103,46,119,101,105,98,111,46,99,111,109,130,15,42,46,98,97,111,46,119,101,105,98,111,46,99,111,109,130,14,42,46,98,105,122,46,119,101,105,98,111,46,99,110,130,15,42,46,98,111,112,46,119,101,105,98,111,46,99,111,109,130,24,42,46,98,114,97,110,100,46,115,101,114,118,105,99,101,46,119,101,105,98,111,46,99,110,130,25,42,46,98,114,97,110,100,46,115,101,114,118,105,99,101,46,119,101,105,98,111,46,99,111,109,130,14,42,46,99,100,110,46,107,114,99,111,109,46,99,110,130,19,42,46,99,104,97,111,104,117,97,46,119,101,105,98,111,46,99,111,109,130,18,42,46,99,104,101,110,103,100,117,46,119,101,105,98,111,46,99,110,130,14,42,46,101,100,109,46,119,101,105,98,111,46,99,110,130,18,42,46,102,111,114,101,99,97,115,116,46,115,105,110,97,46,99,110,130,13,42,46,104,53,46,119,101,105,98,111,46,99,110,130,14,42,46,104,100,46,119,101,105,98,111,46,99,111,109,130,10,42,46,107,114,99,111,109,46,99,110,130,15,42,46,108,105,102,101,46,119,101,105,98,111,46,99,110,130,16,42,46,108,105,118,101,46,119,101,105,98,111,46,99,111,109,130,15,42,46,109,99,110,46,119,101,105,98,111,46,99,111,109,130,14,42,46,109,101,46,119,101,105,98,111,46,99,111,109,130,17,42,46,109,101,100,105,97,46,119,101,105,98,111,46,99,111,109,130,17,42,46,109,111,118,105,101,46,119,101,105,98,111,46,99,111,109,130,19,42,46,109,117,115,105,99,46,115,105,110,97,46,99,111,109,46,99,110,130,17,42,46,109,117,115,105,99,46,119,101,105,98,111,46,99,111,109,130,16,42,46,111,97,115,105,115,46,119,101,105,98,111,46,99,110,130,17,42,46,112,104,111,116,111,46,119,101,105,98,111,46,99,111,109,130,15,42,46,112,114,111,46,119,101,105,98,111,46,99,111,109,130,13,42,46,113,114,46,119,101,105,98,111,46,99,110,130,19,42,46,115,101,114,118,105,99,101,46,119,101,105,98,111,46,99,111,109,130,9,42,46,115,105,110,97,46,99,110,130,13,42,46,115,105,110,97,46,99,111,109,46,99,110,130,12,42,46,115,105,110,97,105,109,103,46,99,110,130,11,42,46,115,105,110,97,106,115,46,99,110,130,16,42,46,115,116,97,114,46,119,101,105,98,111,46,99,111,109,130,18,42,46,116,105,97,110,104,101,46,119,101,105,98,111,46,99,111,109,130,20,42,46,116,114,97,118,101,108,46,115,105,110,97,46,99,111,109,46,99,110,130,20,42,46,118,101,114,105,102,105,101,100,46,119,101,105,98,111,46,99,111,109,130,20,42,46,118,105,100,101,111,46,118,105,100,101,111,115,101,108,102,46,99,110,130,17,42,46,118,105,100,101,111,46,119,101,105,98,111,46,99,111,109,130,20,42,46,118,105,100,101,111,46,119,101,105,98,111,99,100,110,46,99,111,109,130,15,42,46,118,105,112,46,119,101,105,98,111,46,99,111,109,130,15,42,46,119,97,110,46,119,101,105,98,111,46,99,111,109,130,15,42,46,119,97,120,46,119,101,105,98,111,46,99,111,109,130,10,42,46,119,98,105,109,103,46,99,110,130,9,42,46,119,99,100,110,46,99,110,130,10,42,46,119,101,105,98,111,46,99,110,130,11,42,46,119,101,105,98,111,46,99,111,109,130,16,42,46,99,97,114,100,46,119,101,105,98,111,46,99,111,109,130,12,119,119,119,46,119,101,105,98,111,46,99,110,48,62,6,3,85,29,32,4,55,48,53,48,51,6,6,103,129,12,1,2,2,48,41,48,39,6,8,43,6,1,5,5,7,2,1,22,27,104,116,116,112,58,47,47,119,119,119,46,100,105,103,105,99,101,114,116,46,99,111,109,47,67,80,83,48,14,6,3,85,29,15,1,1,255,4,4,3,2,3,136,48,29,6,3,85,29,37,4,22,48,20,6,8,43,6,1,5,5,7,3,1,6,8,43,6,1,5,5,7,3,2,48,79,6,3,85,29,31,4,72,48,70,48,68,160,66,160,64,134,62,104,116,116,112,58,47,47,99,114,108,46,100,105,103,105,99,101,114,116,46,99,110,47,71,101,111,84,114,117,115,116,71,50,84,76,83,67,78,82,83,65,52,48,57,54,83,72,65,50,53,54,50,48,50,50,67,65,49,46,99,114,108,48,129,131,6,8,43,6,1,5,5,7,1,1,4,119,48,117,48,35,6,8,43,6,1,5,5,7,48,1,134,23,104,116,116,112,58,47,47,111,99,115,112,46,100,105,103,105,99,101,114,116,46,99,110,48,78,6,8,43,6,1,5,5,7,48,2,134,66,104,116,116,112,58,47,47,99,97,99,101,114,116,115,46,100,105,103,105,99,101,114,116,46,99,110,47,71,101,111,84,114,117,115,116,71,50,84,76,83,67,78,82,83,65,52,48,57,54,83,72,65,50,53,54,50,48,50,50,67,65,49,46,99,114,116,48,12,6,3,85,29,19,1,1,255,4,2,48,0,48,130,1,126,6,10,43,6,1,4,1,214,121,2,4,2,4,130,1,110,4,130,1,106,1,104,0,118,0,14,87,148,188,243,174,169,62,51,27,44,153,7,179,247,144,223,155,194,61,113,50,37,221,33,169,37,172,97,197,78,33,0,0,1,150,195,62,14,1,0,0,4,3,0,71,48,69,2,33,0,237,158,201,118,153,204,185,195,210,155,127,109,233,7,126,164,252,206,242,224,130,112,3,193,164,18,47,138,70,83,141,145,2,32,101,111,73,255,122,78,157,232,208,252,242,233,105,76,99,38,201,49,40,231,232,89,111,117,151,154,35,58,160,116,46,61,0,118,0,100,17,196,108,164,18,236,167,137,28,162,2,46,0,188,171,79,40,7,212,30,53,39,171,234,254,213,3,201,125,205,240,0,0,1,150,195,62,14,59,0,0,4,3,0,71,48,69,2,32,22,93,24,72,74,144,215,82,234,124,68,118,121,48,237,179,204,52,207,46,132,211,89,139,168,143,177,172,148,47,129,100,2,33,0,174,139,15,130,46,209,184,188,52,208,24,210,229,141,217,137,238,0,89,222,179,98,26,159,153,50,38,160,235,225,235,212,0,118,0,73,156,155,105,222,29,124,236,252,54,222,205,135,100,166,184,91,175,10,135,128,25,209,85,82,251,233,235,41,221,248,195,0,0,1,150,195,62,14,80,0,0,4,3,0,71,48,69,2,33,0,165,203,3,207,135,228,39,151,150,22,176,174,68,84,151,161,195,234,199,40,19,242,64,83,64,180,208,77,2,3,216,185,2,32,82,44,6,234,33,204,39,134,169,40,38,240,46,191,215,160,187,58,19,246,142,211,125,14,99,250,33,158,197,231,250,192,48,13,6,9,42,134,72,134,247,13,1,1,11,5,0,3,130,2,1,0,93,184,2,224,16,91,211,14,14,98,35,156,215,95,103,211,85,50,75,238,245,5,140,177,88,27,186,20,232,9,253,6,136,56,234,88,3,158,225,212,180,149,189,68,100,161,185,2,251,176,35,251,40,234,141,229,163,54,28,79,173,145,90,126,52,5,20,250,167,31,5,138,193,127,30,44,213,103,59,27,135,59,107,55,135,41,166,132,249,184,150,22,139,213,98,152,218,21,38,178,115,18,117,120,241,14,211,86,69,40,168,78,54,191,151,72,171,38,45,111,177,0,76,248,205,208,101,32,27,125,96,23,13,100,80,163,97,211,92,206,91,119,248,207,90,108,111,48,171,247,67,149,102,35,190,37,240,111,173,77,46,124,77,68,186,51,238,0,179,150,111,54,70,255,92,96,251,86,229,179,132,202,253,99,4,208,48,207,215,46,119,68,94,168,18,216,46,131,172,91,237,8,227,6,143,155,94,115,36,118,45,75,113,26,102,197,205,60,123,190,224,178,22,249,62,31,33,160,119,95,69,235,141,57,50,178,195,104,252,166,27,61,171,157,37,174,248,120,64,26,243,147,180,141,66,8,72,182,215,138,18,143,128,117,232,212,33,144,249,139,160,168,241,38,27,36,190,110,231,230,91,238,231,203,48,216,94,230,137,3,54,134,13,112,165,162,37,164,1,242,229,85,0,142,113,195,62,161,122,102,115,97,137,241,160,44,164,88,59,251,66,130,223,163,195,210,26,3,75,78,67,16,96,84,60,152,143,255,39,102,3,89,86,204,156,238,60,128,189,16,18,16,65,72,4,25,66,228,109,74,43,240,46,3,23,73,33,185,173,233,61,122,37,206,72,139,155,58,188,169,19,184,42,135,215,152,116,124,52,254,190,95,138,165,154,57,183,134,31,219,110,94,12,45,98,36,137,144,249,106,88,136,229,216,106,203,201,48,3,163,166,253,145,92,58,69,250,109,72,87,52,222,60,101,174,244,110,129,169,67,21,241,100,26,159,87,84,160,5,119,61,139,146,153,93,197,84,67,99,219,177,255,216,68,84,43,0,78,228,90,46,147,44,181,31,228,95,184,193,19,252,174,171,227,43,14,128,135,17,46,206,105,137,18,203,191,233,108,166,149,225,69,173,189,180,243,193,124,217,105,175,175,164,2,4,0,166,12,4,10,109,46,119,101,105,98,111,46,99,110,173,3,2,1,1,179,3,2,1,29],"type":"Buffer"}}},"agentKeepAliveTimeoutBuffer":1000,"defaultPort":443,"freeSockets":{"m.weibo.cn:443:::::::::::::::::::::":[{"_SNICallback":null,"_closeAfterHandlingError":false,"_controlReleased":true,"_events":{"close":[null,null,null],"timeout":[null,null]},"_eventsCount":9,"_hadError":false,"_host":"m.weibo.cn","_httpMessage":null,"_newSessionPending":false,"_parent":null,"_pendingData":null,"_pendingEncoding":"","_readableState":{"awaitDrainWriters":null,"buffer":[],"bufferIndex":0,"highWaterMark":16384,"length":0,"pipes":[]},"_rejectUnauthorized":true,"_requestCert":true,"_secureEstablished":true,"_securePending":false,"_server":null,"_sockname":null,"_tlsOptions":{"isServer":false,"pipe":false,"rejectUnauthorized":true,"requestCert":true,"secureContext":{"context":{}}},"_writableState":{"bufferedIndex":0,"corked":0,"highWaterMark":16384,"length":0,"pendingcb":0,"writelen":0},"allowHalfOpen":false,"alpnProtocol":false,"authorizationError":null,"authorized":true,"autoSelectFamilyAttemptedAddresses":["49.7.37.74:443"],"connecting":false,"encrypted":true,"parser":null,"secureConnecting":false,"servername":"m.weibo.cn","ssl":{"_parent":{"onconnection":null,"reading":true},"_parentWrap":null,"_secureContext":{"context":{}},"reading":true},"timeout":5000}]},"keepAlive":true,"keepAliveMsecs":1000,"maxCachedSessions":100,"maxFreeSockets":256,"maxSockets":null,"maxTotalSockets":null,"options":{"defaultPort":443,"keepAlive":true,"noDelay":true,"path":null,"protocol":"https:","scheduling":"lifo","timeout":5000},"protocol":"https:","requests":{},"scheduling":"lifo","sockets":{},"totalSocketCount":1},"chunkedEncoding":false,"destroyed":true,"finished":true,"host":"m.weibo.cn","maxHeadersCount":null,"maxRequestsOnConnectionReached":false,"method":"GET","outputData":[],"outputSize":0,"parser":null,"path":"/api/container/getIndex?type=all&queryVal=%25E7%2596%25AB%25E6%2583%2585&luicode=10000011&lfid=231583","protocol":"https:","res":{"_consuming":false,"_dumped":false,"_events":{"end":[null,null]},"_eventsCount":4,"_readableState":{"awaitDrainWriters":null,"buffer":[],"bufferIndex":0,"highWaterMark":16384,"length":0,"pipes":[]},"aborted":false,"client":{"_SNICallback":null,"_closeAfterHandlingError":false,"_controlReleased":true,"_events":{"close":[null,null,null],"timeout":[null,null]},"_eventsCount":9,"_hadError":false,"_host":"m.weibo.cn","_httpMessage":null,"_newSessionPending":false,"_parent":null,"_pendingData":null,"_pendingEncoding":"","_readableState":{"awaitDrainWriters":null,"buffer":[],"bufferIndex":0,"highWaterMark":16384,"length":0,"pipes":[]},"_rejectUnauthorized":true,"_requestCert":true,"_secureEstablished":true,"_securePending":false,"_server":null,"_sockname":null,"_tlsOptions":{"isServer":false,"pipe":false,"rejectUnauthorized":true,"requestCert":true,"secureContext":{"context":{}}},"_writableState":{"bufferedIndex":0,"corked":0,"highWaterMark":16384,"length":0,"pendingcb":0,"writelen":0},"allowHalfOpen":false,"alpnProtocol":false,"authorizationError":null,"authorized":true,"autoSelectFamilyAttemptedAddresses":["49.7.37.74:443"],"connecting":false,"encrypted":true,"parser":null,"secureConnecting":false,"servername":"m.weibo.cn","ssl":{"_parent":{"onconnection":null,"reading":true},"_parentWrap":null,"_secureContext":{"context":{}},"reading":true},"timeout":5000},"complete":true,"httpVersion":"1.1","httpVersionMajor":1,"httpVersionMinor":1,"method":null,"rawHeaders":["Date","Thu, 12 Feb 2026 07:15:42 GMT","Content-Length","0","Connection","keep-alive","Server","SHANHAI-SERVER","Lb","49.7.37.74","Ssl_node","msre-10-185-10-115.yf.intra.weibo.cn"],"rawTrailers":[],"redirects":[],"req":"[Circular]","responseUrl":"https://m.weibo.cn/api/container/getIndex?type=all&queryVal=%25E7%2596%25AB%25E6%2583%2585&luicode=10000011&lfid=231583","socket":null,"statusCode":432,"statusMessage":"","upgrade":false,"url":""},"reusedSocket":true,"sendDate":false,"shouldKeepAlive":true,"strictContentLength":false,"timeoutCb":null,"upgradeOrConnect":false,"useChunkedEncodingByDefault":false,"writable":true},"response":{"config":{"adapter":["xhr","http","fetch"],"allowAbsoluteUrls":true,"env":{},"headers":{"Accept":"application/json, text/plain, */*","Accept-Encoding":"gzip, deflate, br","Accept-Language":"zh-CN,zh;q=0.9,en;q=0.8","Referer":"https://m.weibo.cn/","User-Agent":"Mozilla/5.0 (iPhone; CPU iPhone OS 14_0 like Mac OS X) AppleWebKit/605.1.15 (KHTML, like Gecko) Mobile/15E148","X-Requested-With":"XMLHttpRequest"},"maxBodyLength":-1,"maxContentLength":-1,"method":"get","params":{"lfid":"231583","luicode":"10000011","queryVal":"%E7%96%AB%E6%83%85","type":"all"},"timeout":10000,"transformRequest":[null],"transformResponse":[null],"transitional":{"clarifyTimeoutError":false,"forcedJSONParsing":true,"legacyInterceptorReqResOrdering":true,"silentJSONParsing":true},"url":"https://m.weibo.cn/api/container/getIndex","xsrfCookieName":"XSRF-TOKEN","xsrfHeaderName":"X-XSRF-TOKEN"},"data":"","headers":{"connection":"keep-alive","content-length":"0","date":"Thu, 12 Feb 2026 07:15:42 GMT","lb":"49.7.37.74","server":"SHANHAI-SERVER","ssl_node":"msre-10-185-10-115.yf.intra.weibo.cn"},"request":{"_closed":true,"_contentLength":0,"_defaultKeepAlive":true,"_ended":true,"_events":{},"_eventsCount":7,"_hasBody":true,"_header":"GET /api/container/getIndex?type=all&queryVal=%25E7%2596%25AB%25E6%2583%2585&luicode=10000011&lfid=231583 HTTP/1.1\r\nAccept: application/json, text/plain, */*\r\nUser-Agent: Mozilla/5.0 (iPhone; CPU iPhone OS 14_0 like Mac OS X) AppleWebKit/605.1.15 (KHTML, like Gecko) Mobile/15E148\r\nAccept-Language: zh-CN,zh;q=0.9,en;q=0.8\r\nAccept-Encoding: gzip, deflate, br\r\nX-Requested-With: XMLHttpRequest\r\nReferer: https://m.weibo.cn/\r\nHost: m.weibo.cn\r\nConnection: keep-alive\r\n\r\n","_headerSent":true,"_keepAliveTimeout":0,"_last":true,"_redirectable":{"_currentRequest":"[Circular]","_currentUrl":"https://m.weibo.cn/api/container/getIndex?type=all&queryVal=%25E7%2596%25AB%25E6%2583%2585&luicode=10000011&lfid=231583","_ended":true,"_ending":true,"_events":{"socket":[null,null]},"_eventsCount":3,"_options":{"agents":{},"beforeRedirects":{},"headers":{"Accept":"application/json, text/plain, */*","Accept-Encoding":"gzip, deflate, br","Accept-Language":"zh-CN,zh;q=0.9,en;q=0.8","Referer":"https://m.weibo.cn/","User-Agent":"Mozilla/5.0 (iPhone; CPU iPhone OS 14_0 like Mac OS X) AppleWebKit/605.1.15 (KHTML, like Gecko) Mobile/15E148","X-Requested-With":"XMLHttpRequest"},"hostname":"m.weibo.cn","maxBodyLength":null,"maxRedirects":21,"method":"GET","nativeProtocols":{"http:":{"METHODS":["ACL","BIND","CHECKOUT","CONNECT","COPY","DELETE","GET","HEAD","LINK","LOCK","M-SEARCH","MERGE","MKACTIVITY","MKCALENDAR","MKCOL","MOVE","NOTIFY","OPTIONS","PATCH","POST","PROPFIND","PROPPATCH","PURGE","PUT","QUERY","REBIND","REPORT","SEARCH","SOURCE","SUBSCRIBE","TRACE","UNBIND","UNLINK","UNLOCK","UNSUBSCRIBE"],"STATUS_CODES":{"100":"Continue","101":"Switching Protocols","102":"Processing","103":"Early Hints","200":"OK","201":"Created","202":"Accepted","203":"Non-Authoritative Information","204":"No Content","205":"Reset Content","206":"Partial Content","207":"Multi-Status","208":"Already Reported","226":"IM Used","300":"Multiple Choices","301":"Moved Permanently","302":"Found","303":"See Other","304":"Not Modified","305":"Use Proxy","307":"Temporary Redirect","308":"Permanent Redirect","400":"Bad Request","401":"Unauthorized","402":"Payment Required","403":"Forbidden","404":"Not Found","405":"Method Not Allowed","406":"Not Acceptable","407":"Proxy Authentication Required","408":"Request Timeout","409":"Conflict","410":"Gone","411":"Length Required","412":"Precondition Failed","413":"Payload Too Large","414":"URI Too Long","415":"Unsupported Media Type","416":"Range Not Satisfiable","417":"Expectation Failed","418":"I'm a Teapot","421":"Misdirected Request","422":"Unprocessable Entity","423":"Locked","424":"Failed Dependency","425":"Too Early","426":"Upgrade Required","428":"Precondition Required","429":"Too Many Requests","431":"Request Header Fields Too Large","451":"Unavailable For Legal Reasons","500":"Internal Server Error","501":"Not Implemented","502":"Bad Gateway","503":"Service Unavailable","504":"Gateway Timeout","505":"HTTP Version Not Supported","506":"Variant Also Negotiates","507":"Insufficient Storage","508":"Loop Detected","509":"Bandwidth Limit Exceeded","510":"Not Extended","511":"Network Authentication Required"},"globalAgent":{"_events":{},"_eventsCount":2,"agentKeepAliveTimeoutBuffer":1000,"defaultPort":80,"freeSockets":{},"keepAlive":true,"keepAliveMsecs":1000,"maxFreeSockets":256,"maxSockets":null,"maxTotalSockets":null,"options":{"keepAlive":true,"noDelay":true,"path":null,"scheduling":"lifo","timeout":5000},"protocol":"http:","requests":{},"scheduling":"lifo","sockets":{},"totalSocketCount":0},"maxHeaderSize":16384},"https:":{"globalAgent":{"_events":{},"_eventsCount":2,"_sessionCache":{"list":["m.weibo.cn:443:::::::::::::::::::::"],"map":{"m.weibo.cn:443:::::::::::::::::::::":{"data":[48,130,11,177,2,1,1,2,2,3,3,4,2,192,43,4,32,55,152,91,173,17,120,87,226,164,225,158,61,81,182,170,197,119,97,7,252,80,123,210,211,27,9,29,227,2,25,37,223,4,48,47,122,172,233,87,162,193,116,59,39,211,171,6,222,106,252,160,0,140,187,32,33,108,57,160,55,57,87,79,52,205,23,34,179,206,227,134,19,237,207,77,152,23,203,153,141,44,7,161,6,2,4,105,141,126,25,162,4,2,2,28,32,163,130,11,36,48,130,11,32,48,130,9,8,160,3,2,1,2,2,16,2,152,5,202,92,99,43,89,130,35,199,24,166,218,3,82,48,13,6,9,42,134,72,134,247,13,1,1,11,5,0,48,91,49,11,48,9,6,3,85,4,6,19,2,85,83,49,23,48,21,6,3,85,4,10,19,14,68,105,103,105,67,101,114,116,44,32,73,110,99,46,49,51,48,49,6,3,85,4,3,19,42,71,101,111,84,114,117,115,116,32,71,50,32,84,76,83,32,67,78,32,82,83,65,52,48,57,54,32,83,72,65,50,53,54,32,50,48,50,50,32,67,65,49,48,30,23,13,50,53,48,53,49,50,48,48,48,48,48,48,90,23,13,50,54,48,53,51,49,50,51,53,57,53,57,90,48,94,49,11,48,9,6,3,85,4,6,19,2,67,78,49,16,48,14,6,3,85,4,8,19,7,66,101,105,106,105,110,103,49,42,48,40,6,3,85,4,10,19,33,83,105,110,97,46,99,111,109,32,84,101,99,104,110,111,108,111,103,121,40,67,104,105,110,97,41,67,111,46,44,108,116,100,49,17,48,15,6,3,85,4,3,19,8,119,101,105,98,111,46,99,110,48,89,48,19,6,7,42,134,72,206,61,2,1,6,8,42,134,72,206,61,3,1,7,3,66,0,4,158,203,197,203,7,46,254,188,105,208,81,191,164,249,239,88,150,168,74,47,86,216,95,245,3,233,49,155,202,156,105,58,43,124,24,165,0,128,120,238,202,244,83,84,133,241,69,195,24,113,55,11,190,238,81,90,34,42,14,72,52,110,58,113,163,130,7,166,48,130,7,162,48,31,6,3,85,29,35,4,24,48,22,128,20,65,78,142,105,157,244,110,37,236,120,20,28,126,215,205,29,153,207,249,107,48,29,6,3,85,29,14,4,22,4,20,180,222,46,8,211,27,26,238,115,67,70,127,230,61,202,113,2,126,0,25,48,130,4,136,6,3,85,29,17,4,130,4,127,48,130,4,123,130,8,119,101,105,98,111,46,99,110,130,21,97,100,109,105,110,46,101,118,101,110,116,46,119,101,105,98,111,46,99,111,109,130,20,97,112,105,46,99,104,97,111,104,117,97,46,119,101,105,98,111,46,99,110,130,17,97,112,105,46,116,46,115,105,110,97,46,99,111,109,46,99,110,130,23,99,111,109,112,97,110,121,46,97,100,109,105,110,46,119,101,105,98,111,46,99,111,109,130,26,99,111,109,112,97,110,121,46,118,101,114,105,102,105,101,100,46,119,101,105,98,111,46,99,111,109,130,14,105,46,97,112,112,115,46,115,105,110,97,46,99,110,130,8,107,114,99,111,109,46,99,110,130,16,110,101,119,46,118,105,112,46,119,101,105,98,111,46,99,110,130,20,112,105,99,46,116,111,110,103,106,105,46,119,101,105,98,111,46,99,111,109,130,25,115,101,114,118,105,99,101,46,97,99,99,111,117,110,116,46,119,101,105,98,111,46,99,111,109,130,20,115,104,97,114,101,46,99,97,114,100,46,119,101,105,98,111,46,99,111,109,130,18,118,105,100,101,111,46,118,105,100,101,111,115,101,108,102,46,99,110,130,18,118,105,100,101,111,46,119,101,105,98,111,99,100,110,46,99,111,109,130,9,119,101,105,98,111,46,99,111,109,130,14,42,46,97,100,46,119,101,105,98,111,46,99,111,109,130,14,42,46,97,112,105,46,119,101,105,98,111,46,99,110,130,16,42,46,98,97,110,103,46,119,101,105,98,111,46,99,111,109,130,15,42,46,98,97,111,46,119,101,105,98,111,46,99,111,109,130,14,42,46,98,105,122,46,119,101,105,98,111,46,99,110,130,15,42,46,98,111,112,46,119,101,105,98,111,46,99,111,109,130,24,42,46,98,114,97,110,100,46,115,101,114,118,105,99,101,46,119,101,105,98,111,46,99,110,130,25,42,46,98,114,97,110,100,46,115,101,114,118,105,99,101,46,119,101,105,98,111,46,99,111,109,130,14,42,46,99,100,110,46,107,114,99,111,109,46,99,110,130,19,42,46,99,104,97,111,104,117,97,46,119,101,105,98,111,46,99,111,109,130,18,42,46,99,104,101,110,103,100,117,46,119,101,105,98,111,46,99,110,130,14,42,46,101,100,109,46,119,101,105,98,111,46,99,110,130,18,42,46,102,111,114,101,99,97,115,116,46,115,105,110,97,46,99,110,130,13,42,46,104,53,46,119,101,105,98,111,46,99,110,130,14,42,46,104,100,46,119,101,105,98,111,46,99,111,109,130,10,42,46,107,114,99,111,109,46,99,110,130,15,42,46,108,105,102,101,46,119,101,105,98,111,46,99,110,130,16,42,46,108,105,118,101,46,119,101,105,98,111,46,99,111,109,130,15,42,46,109,99,110,46,119,101,105,98,111,46,99,111,109,130,14,42,46,109,101,46,119,101,105,98,111,46,99,111,109,130,17,42,46,109,101,100,105,97,46,119,101,105,98,111,46,99,111,109,130,17,42,46,109,111,118,105,101,46,119,101,105,98,111,46,99,111,109,130,19,42,46,109,117,115,105,99,46,115,105,110,97,46,99,111,109,46,99,110,130,17,42,46,109,117,115,105,99,46,119,101,105,98,111,46,99,111,109,130,16,42,46,111,97,115,105,115,46,119,101,105,98,111,46,99,110,130,17,42,46,112,104,111,116,111,46,119,101,105,98,111,46,99,111,109,130,15,42,46,112,114,111,46,119,101,105,98,111,46,99,111,109,130,13,42,46,113,114,46,119,101,105,98,111,46,99,110,130,19,42,46,115,101,114,118,105,99,101,46,119,101,105,98,111,46,99,111,109,130,9,42,46,115,105,110,97,46,99,110,130,13,42,46,115,105,110,97,46,99,111,109,46,99,110,130,12,42,46,115,105,110,97,105,109,103,46,99,110,130,11,42,46,115,105,110,97,106,115,46,99,110,130,16,42,46,115,116,97,114,46,119,101,105,98,111,46,99,111,109,130,18,42,46,116,105,97,110,104,101,46,119,101,105,98,111,46,99,111,109,130,20,42,46,116,114,97,118,101,108,46,115,105,110,97,46,99,111,109,46,99,110,130,20,42,46,118,101,114,105,102,105,101,100,46,119,101,105,98,111,46,99,111,109,130,20,42,46,118,105,100,101,111,46,118,105,100,101,111,115,101,108,102,46,99,110,130,17,42,46,118,105,100,101,111,46,119,101,105,98,111,46,99,111,109,130,20,42,46,118,105,100,101,111,46,119,101,105,98,111,99,100,110,46,99,111,109,130,15,42,46,118,105,112,46,119,101,105,98,111,46,99,111,109,130,15,42,46,119,97,110,46,119,101,105,98,111,46,99,111,109,130,15,42,46,119,97,120,46,119,101,105,98,111,46,99,111,109,130,10,42,46,119,98,105,109,103,46,99,110,130,9,42,46,119,99,100,110,46,99,110,130,10,42,46,119,101,105,98,111,46,99,110,130,11,42,46,119,101,105,98,111,46,99,111,109,130,16,42,46,99,97,114,100,46,119,101,105,98,111,46,99,111,109,130,12,119,119,119,46,119,101,105,98,111,46,99,110,48,62,6,3,85,29,32,4,55,48,53,48,51,6,6,103,129,12,1,2,2,48,41,48,39,6,8,43,6,1,5,5,7,2,1,22,27,104,116,116,112,58,47,47,119,119,119,46,100,105,103,105,99,101,114,116,46,99,111,109,47,67,80,83,48,14,6,3,85,29,15,1,1,255,4,4,3,2,3,136,48,29,6,3,85,29,37,4,22,48,20,6,8,43,6,1,5,5,7,3,1,6,8,43,6,1,5,5,7,3,2,48,79,6,3,85,29,31,4,72,48,70,48,68,160,66,160,64,134,62,104,116,116,112,58,47,47,99,114,108,46,100,105,103,105,99,101,114,116,46,99,110,47,71,101,111,84,114,117,115,116,71,50,84,76,83,67,78,82,83,65,52,48,57,54,83,72,65,50,53,54,50,48,50,50,67,65,49,46,99,114,108,48,129,131,6,8,43,6,1,5,5,7,1,1,4,119,48,117,48,35,6,8,43,6,1,5,5,7,48,1,134,23,104,116,116,112,58,47,47,111,99,115,112,46,100,105,103,105,99,101,114,116,46,99,110,48,78,6,8,43,6,1,5,5,7,48,2,134,66,104,116,116,112,58,47,47,99,97,99,101,114,116,115,46,100,105,103,105,99,101,114,116,46,99,110,47,71,101,111,84,114,117,115,116,71,50,84,76,83,67,78,82,83,65,52,48,57,54,83,72,65,50,53,54,50,48,50,50,67,65,49,46,99,114,116,48,12,6,3,85,29,19,1,1,255,4,2,48,0,48,130,1,126,6,10,43,6,1,4,1,214,121,2,4,2,4,130,1,110,4,130,1,106,1,104,0,118,0,14,87,148,188,243,174,169,62,51,27,44,153,7,179,247,144,223,155,194,61,113,50,37,221,33,169,37,172,97,197,78,33,0,0,1,150,195,62,14,1,0,0,4,3,0,71,48,69,2,33,0,237,158,201,118,153,204,185,195,210,155,127,109,233,7,126,164,252,206,242,224,130,112,3,193,164,18,47,138,70,83,141,145,2,32,101,111,73,255,122,78,157,232,208,252,242,233,105,76,99,38,201,49,40,231,232,89,111,117,151,154,35,58,160,116,46,61,0,118,0,100,17,196,108,164,18,236,167,137,28,162,2,46,0,188,171,79,40,7,212,30,53,39,171,234,254,213,3,201,125,205,240,0,0,1,150,195,62,14,59,0,0,4,3,0,71,48,69,2,32,22,93,24,72,74,144,215,82,234,124,68,118,121,48,237,179,204,52,207,46,132,211,89,139,168,143,177,172,148,47,129,100,2,33,0,174,139,15,130,46,209,184,188,52,208,24,210,229,141,217,137,238,0,89,222,179,98,26,159,153,50,38,160,235,225,235,212,0,118,0,73,156,155,105,222,29,124,236,252,54,222,205,135,100,166,184,91,175,10,135,128,25,209,85,82,251,233,235,41,221,248,195,0,0,1,150,195,62,14,80,0,0,4,3,0,71,48,69,2,33,0,165,203,3,207,135,228,39,151,150,22,176,174,68,84,151,161,195,234,199,40,19,242,64,83,64,180,208,77,2,3,216,185,2,32,82,44,6,234,33,204,39,134,169,40,38,240,46,191,215,160,187,58,19,246,142,211,125,14,99,250,33,158,197,231,250,192,48,13,6,9,42,134,72,134,247,13,1,1,11,5,0,3,130,2,1,0,93,184,2,224,16,91,211,14,14,98,35,156,215,95,103,211,85,50,75,238,245,5,140,177,88,27,186,20,232,9,253,6,136,56,234,88,3,158,225,212,180,149,189,68,100,161,185,2,251,176,35,251,40,234,141,229,163,54,28,79,173,145,90,126,52,5,20,250,167,31,5,138,193,127,30,44,213,103,59,27,135,59,107,55,135,41,166,132,249,184,150,22,139,213,98,152,218,21,38,178,115,18,117,120,241,14,211,86,69,40,168,78,54,191,151,72,171,38,45,111,177,0,76,248,205,208,101,32,27,125,96,23,13,100,80,163,97,211,92,206,91,119,248,207,90,108,111,48,171,247,67,149,102,35,190,37,240,111,173,77,46,124,77,68,186,51,238,0,179,150,111,54,70,255,92,96,251,86,229,179,132,202,253,99,4,208,48,207,215,46,119,68,94,168,18,216,46,131,172,91,237,8,227,6,143,155,94,115,36,118,45,75,113,26,102,197,205,60,123,190,224,178,22,249,62,31,33,160,119,95,69,235,141,57,50,178,195,104,252,166,27,61,171,157,37,174,248,120,64,26,243,147,180,141,66,8,72,182,215,138,18,143,128,117,232,212,33,144,249,139,160,168,241,38,27,36,190,110,231,230,91,238,231,203,48,216,94,230,137,3,54,134,13,112,165,162,37,164,1,242,229,85,0,142,113,195,62,161,122,102,115,97,137,241,160,44,164,88,59,251,66,130,223,163,195,210,26,3,75,78,67,16,96,84,60,152,143,255,39,102,3,89,86,204,156,238,60,128,189,16,18,16,65,72,4,25,66,228,109,74,43,240,46,3,23,73,33,185,173,233,61,122,37,206,72,139,155,58,188,169,19,184,42,135,215,152,116,124,52,254,190,95,138,165,154,57,183,134,31,219,110,94,12,45,98,36,137,144,249,106,88,136,229,216,106,203,201,48,3,163,166,253,145,92,58,69,250,109,72,87,52,222,60,101,174,244,110,129,169,67,21,241,100,26,159,87,84,160,5,119,61,139,146,153,93,197,84,67,99,219,177,255,216,68,84,43,0,78,228,90,46,147,44,181,31,228,95,184,193,19,252,174,171,227,43,14,128,135,17,46,206,105,137,18,203,191,233,108,166,149,225,69,173,189,180,243,193,124,217,105,175,175,164,2,4,0,166,12,4,10,109,46,119,101,105,98,111,46,99,110,173,3,2,1,1,179,3,2,1,29],"type":"Buffer"}}},"agentKeepAliveTimeoutBuffer":1000,"defaultPort":443,"freeSockets":{"m.weibo.cn:443:::::::::::::::::::::":[{"_SNICallback":null,"_closeAfterHandlingError":false,"_controlReleased":true,"_events":{"close":[null,null,null],"timeout":[null,null]},"_eventsCount":9,"_hadError":false,"_host":"m.weibo.cn","_httpMessage":null,"_newSessionPending":false,"_parent":null,"_pendingData":null,"_pendingEncoding":"","_readableState":{"awaitDrainWriters":null,"buffer":[],"bufferIndex":0,"highWaterMark":16384,"length":0,"pipes":[]},"_rejectUnauthorized":true,"_requestCert":true,"_secureEstablished":true,"_securePending":false,"_server":null,"_sockname":null,"_tlsOptions":{"isServer":false,"pipe":false,"rejectUnauthorized":true,"requestCert":true,"secureContext":{"context":{}}},"_writableState":{"bufferedIndex":0,"corked":0,"highWaterMark":16384,"length":0,"pendingcb":0,"writelen":0},"allowHalfOpen":false,"alpnProtocol":false,"authorizationError":null,"authorized":true,"autoSelectFamilyAttemptedAddresses":["49.7.37.74:443"],"connecting":false,"encrypted":true,"parser":null,"secureConnecting":false,"servername":"m.weibo.cn","ssl":{"_parent":{"onconnection":null,"reading":true},"_parentWrap":null,"_secureContext":{"context":{}},"reading":true},"timeout":5000}]},"keepAlive":true,"keepAliveMsecs":1000,"maxCachedSessions":100,"maxFreeSockets":256,"maxSockets":null,"maxTotalSockets":null,"options":{"defaultPort":443,"keepAlive":true,"noDelay":true,"path":null,"protocol":"https:","scheduling":"lifo","timeout":5000},"protocol":"https:","requests":{},"scheduling":"lifo","sockets":{},"totalSocketCount":1}}},"path":"/api/container/getIndex?type=all&queryVal=%25E7%2596%25AB%25E6%2583%2585&luicode=10000011&lfid=231583","pathname":"/api/container/getIndex","port":"","protocol":"https:","search":"?type=all&queryVal=%25E7%2596%25AB%25E6%2583%2585&luicode=10000011&lfid=231583"},"_redirectCount":0,"_redirects":[],"_requestBodyBuffers":[],"_requestBodyLength":0,"_timeout":null,"_writableState":{"bufferedIndex":0,"corked":0,"highWaterMark":16384,"length":0,"pendingcb":0,"writelen":0}},"_removedConnection":false,"_removedContLen":false,"_removedTE":false,"_trailer":"","aborted":false,"agent":{"_events":{},"_eventsCount":2,"_sessionCache":{"list":["m.weibo.cn:443:::::::::::::::::::::"],"map":{"m.weibo.cn:443:::::::::::::::::::::":{"data":[48,130,11,177,2,1,1,2,2,3,3,4,2,192,43,4,32,55,152,91,173,17,120,87,226,164,225,158,61,81,182,170,197,119,97,7,252,80,123,210,211,27,9,29,227,2,25,37,223,4,48,47,122,172,233,87,162,193,116,59,39,211,171,6,222,106,252,160,0,140,187,32,33,108,57,160,55,57,87,79,52,205,23,34,179,206,227,134,19,237,207,77,152,23,203,153,141,44,7,161,6,2,4,105,141,126,25,162,4,2,2,28,32,163,130,11,36,48,130,11,32,48,130,9,8,160,3,2,1,2,2,16,2,152,5,202,92,99,43,89,130,35,199,24,166,218,3,82,48,13,6,9,42,134,72,134,247,13,1,1,11,5,0,48,91,49,11,48,9,6,3,85,4,6,19,2,85,83,49,23,48,21,6,3,85,4,10,19,14,68,105,103,105,67,101,114,116,44,32,73,110,99,46,49,51,48,49,6,3,85,4,3,19,42,71,101,111,84,114,117,115,116,32,71,50,32,84,76,83,32,67,78,32,82,83,65,52,48,57,54,32,83,72,65,50,53,54,32,50,48,50,50,32,67,65,49,48,30,23,13,50,53,48,53,49,50,48,48,48,48,48,48,90,23,13,50,54,48,53,51,49,50,51,53,57,53,57,90,48,94,49,11,48,9,6,3,85,4,6,19,2,67,78,49,16,48,14,6,3,85,4,8,19,7,66,101,105,106,105,110,103,49,42,48,40,6,3,85,4,10,19,33,83,105,110,97,46,99,111,109,32,84,101,99,104,110,111,108,111,103,121,40,67,104,105,110,97,41,67,111,46,44,108,116,100,49,17,48,15,6,3,85,4,3,19,8,119,101,105,98,111,46,99,110,48,89,48,19,6,7,42,134,72,206,61,2,1,6,8,42,134,72,206,61,3,1,7,3,66,0,4,158,203,197,203,7,46,254,188,105,208,81,191,164,249,239,88,150,168,74,47,86,216,95,245,3,233,49,155,202,156,105,58,43,124,24,165,0,128,120,238,202,244,83,84,133,241,69,195,24,113,55,11,190,238,81,90,34,42,14,72,52,110,58,113,163,130,7,166,48,130,7,162,48,31,6,3,85,29,35,4,24,48,22,128,20,65,78,142,105,157,244,110,37,236,120,20,28,126,215,205,29,153,207,249,107,48,29,6,3,85,29,14,4,22,4,20,180,222,46,8,211,27,26,238,115,67,70,127,230,61,202,113,2,126,0,25,48,130,4,136,6,3,85,29,17,4,130,4,127,48,130,4,123,130,8,119,101,105,98,111,46,99,110,130,21,97,100,109,105,110,46,101,118,101,110,116,46,119,101,105,98,111,46,99,111,109,130,20,97,112,105,46,99,104,97,111,104,117,97,46,119,101,105,98,111,46,99,110,130,17,97,112,105,46,116,46,115,105,110,97,46,99,111,109,46,99,110,130,23,99,111,109,112,97,110,121,46,97,100,109,105,110,46,119,101,105,98,111,46,99,111,109,130,26,99,111,109,112,97,110,121,46,118,101,114,105,102,105,101,100,46,119,101,105,98,111,46,99,111,109,130,14,105,46,97,112,112,115,46,115,105,110,97,46,99,110,130,8,107,114,99,111,109,46,99,110,130,16,110,101,119,46,118,105,112,46,119,101,105,98,111,46,99,110,130,20,112,105,99,46,116,111,110,103,106,105,46,119,101,105,98,111,46,99,111,109,130,25,115,101,114,118,105,99,101,46,97,99,99,111,117,110,116,46,119,101,105,98,111,46,99,111,109,130,20,115,104,97,114,101,46,99,97,114,100,46,119,101,105,98,111,46,99,111,109,130,18,118,105,100,101,111,46,118,105,100,101,111,115,101,108,102,46,99,110,130,18,118,105,100,101,111,46,119,101,105,98,111,99,100,110,46,99,111,109,130,9,119,101,105,98,111,46,99,111,109,130,14,42,46,97,100,46,119,101,105,98,111,46,99,111,109,130,14,42,46,97,112,105,46,119,101,105,98,111,46,99,110,130,16,42,46,98,97,110,103,46,119,101,105,98,111,46,99,111,109,130,15,42,46,98,97,111,46,119,101,105,98,111,46,99,111,109,130,14,42,46,98,105,122,46,119,101,105,98,111,46,99,110,130,15,42,46,98,111,112,46,119,101,105,98,111,46,99,111,109,130,24,42,46,98,114,97,110,100,46,115,101,114,118,105,99,101,46,119,101,105,98,111,46,99,110,130,25,42,46,98,114,97,110,100,46,115,101,114,118,105,99,101,46,119,101,105,98,111,46,99,111,109,130,14,42,46,99,100,110,46,107,114,99,111,109,46,99,110,130,19,42,46,99,104,97,111,104,117,97,46,119,101,105,98,111,46,99,111,109,130,18,42,46,99,104,101,110,103,100,117,46,119,101,105,98,111,46,99,110,130,14,42,46,101,100,109,46,119,101,105,98,111,46,99,110,130,18,42,46,102,111,114,101,99,97,115,116,46,115,105,110,97,46,99,110,130,13,42,46,104,53,46,119,101,105,98,111,46,99,110,130,14,42,46,104,100,46,119,101,105,98,111,46,99,111,109,130,10,42,46,107,114,99,111,109,46,99,110,130,15,42,46,108,105,102,101,46,119,101,105,98,111,46,99,110,130,16,42,46,108,105,118,101,46,119,101,105,98,111,46,99,111,109,130,15,42,46,109,99,110,46,119,101,105,98,111,46,99,111,109,130,14,42,46,109,101,46,119,101,105,98,111,46,99,111,109,130,17,42,46,109,101,100,105,97,46,119,101,105,98,111,46,99,111,109,130,17,42,46,109,111,118,105,101,46,119,101,105,98,111,46,99,111,109,130,19,42,46,109,117,115,105,99,46,115,105,110,97,46,99,111,109,46,99,110,130,17,42,46,109,117,115,105,99,46,119,101,105,98,111,46,99,111,109,130,16,42,46,111,97,115,105,115,46,119,101,105,98,111,46,99,110,130,17,42,46,112,104,111,116,111,46,119,101,105,98,111,46,99,111,109,130,15,42,46,112,114,111,46,119,101,105,98,111,46,99,111,109,130,13,42,46,113,114,46,119,101,105,98,111,46,99,110,130,19,42,46,115,101,114,118,105,99,101,46,119,101,105,98,111,46,99,111,109,130,9,42,46,115,105,110,97,46,99,110,130,13,42,46,115,105,110,97,46,99,111,109,46,99,110,130,12,42,46,115,105,110,97,105,109,103,46,99,110,130,11,42,46,115,105,110,97,106,115,46,99,110,130,16,42,46,115,116,97,114,46,119,101,105,98,111,46,99,111,109,130,18,42,46,116,105,97,110,104,101,46,119,101,105,98,111,46,99,111,109,130,20,42,46,116,114,97,118,101,108,46,115,105,110,97,46,99,111,109,46,99,110,130,20,42,46,118,101,114,105,102,105,101,100,46,119,101,105,98,111,46,99,111,109,130,20,42,46,118,105,100,101,111,46,118,105,100,101,111,115,101,108,102,46,99,110,130,17,42,46,118,105,100,101,111,46,119,101,105,98,111,46,99,111,109,130,20,42,46,118,105,100,101,111,46,119,101,105,98,111,99,100,110,46,99,111,109,130,15,42,46,118,105,112,46,119,101,105,98,111,46,99,111,109,130,15,42,46,119,97,110,46,119,101,105,98,111,46,99,111,109,130,15,42,46,119,97,120,46,119,101,105,98,111,46,99,111,109,130,10,42,46,119,98,105,109,103,46,99,110,130,9,42,46,119,99,100,110,46,99,110,130,10,42,46,119,101,105,98,111,46,99,110,130,11,42,46,119,101,105,98,111,46,99,111,109,130,16,42,46,99,97,114,100,46,119,101,105,98,111,46,99,111,109,130,12,119,119,119,46,119,101,105,98,111,46,99,110,48,62,6,3,85,29,32,4,55,48,53,48,51,6,6,103,129,12,1,2,2,48,41,48,39,6,8,43,6,1,5,5,7,2,1,22,27,104,116,116,112,58,47,47,119,119,119,46,100,105,103,105,99,101,114,116,46,99,111,109,47,67,80,83,48,14,6,3,85,29,15,1,1,255,4,4,3,2,3,136,48,29,6,3,85,29,37,4,22,48,20,6,8,43,6,1,5,5,7,3,1,6,8,43,6,1,5,5,7,3,2,48,79,6,3,85,29,31,4,72,48,70,48,68,160,66,160,64,134,62,104,116,116,112,58,47,47,99,114,108,46,100,105,103,105,99,101,114,116,46,99,110,47,71,101,111,84,114,117,115,116,71,50,84,76,83,67,78,82,83,65,52,48,57,54,83,72,65,50,53,54,50,48,50,50,67,65,49,46,99,114,108,48,129,131,6,8,43,6,1,5,5,7,1,1,4,119,48,117,48,35,6,8,43,6,1,5,5,7,48,1,134,23,104,116,116,112,58,47,47,111,99,115,112,46,100,105,103,105,99,101,114,116,46,99,110,48,78,6,8,43,6,1,5,5,7,48,2,134,66,104,116,116,112,58,47,47,99,97,99,101,114,116,115,46,100,105,103,105,99,101,114,116,46,99,110,47,71,101,111,84,114,117,115,116,71,50,84,76,83,67,78,82,83,65,52,48,57,54,83,72,65,50,53,54,50,48,50,50,67,65,49,46,99,114,116,48,12,6,3,85,29,19,1,1,255,4,2,48,0,48,130,1,126,6,10,43,6,1,4,1,214,121,2,4,2,4,130,1,110,4,130,1,106,1,104,0,118,0,14,87,148,188,243,174,169,62,51,27,44,153,7,179,247,144,223,155,194,61,113,50,37,221,33,169,37,172,97,197,78,33,0,0,1,150,195,62,14,1,0,0,4,3,0,71,48,69,2,33,0,237,158,201,118,153,204,185,195,210,155,127,109,233,7,126,164,252,206,242,224,130,112,3,193,164,18,47,138,70,83,141,145,2,32,101,111,73,255,122,78,157,232,208,252,242,233,105,76,99,38,201,49,40,231,232,89,111,117,151,154,35,58,160,116,46,61,0,118,0,100,17,196,108,164,18,236,167,137,28,162,2,46,0,188,171,79,40,7,212,30,53,39,171,234,254,213,3,201,125,205,240,0,0,1,150,195,62,14,59,0,0,4,3,0,71,48,69,2,32,22,93,24,72,74,144,215,82,234,124,68,118,121,48,237,179,204,52,207,46,132,211,89,139,168,143,177,172,148,47,129,100,2,33,0,174,139,15,130,46,209,184,188,52,208,24,210,229,141,217,137,238,0,89,222,179,98,26,159,153,50,38,160,235,225,235,212,0,118,0,73,156,155,105,222,29,124,236,252,54,222,205,135,100,166,184,91,175,10,135,128,25,209,85,82,251,233,235,41,221,248,195,0,0,1,150,195,62,14,80,0,0,4,3,0,71,48,69,2,33,0,165,203,3,207,135,228,39,151,150,22,176,174,68,84,151,161,195,234,199,40,19,242,64,83,64,180,208,77,2,3,216,185,2,32,82,44,6,234,33,204,39,134,169,40,38,240,46,191,215,160,187,58,19,246,142,211,125,14,99,250,33,158,197,231,250,192,48,13,6,9,42,134,72,134,247,13,1,1,11,5,0,3,130,2,1,0,93,184,2,224,16,91,211,14,14,98,35,156,215,95,103,211,85,50,75,238,245,5,140,177,88,27,186,20,232,9,253,6,136,56,234,88,3,158,225,212,180,149,189,68,100,161,185,2,251,176,35,251,40,234,141,229,163,54,28,79,173,145,90,126,52,5,20,250,167,31,5,138,193,127,30,44,213,103,59,27,135,59,107,55,135,41,166,132,249,184,150,22,139,213,98,152,218,21,38,178,115,18,117,120,241,14,211,86,69,40,168,78,54,191,151,72,171,38,45,111,177,0,76,248,205,208,101,32,27,125,96,23,13,100,80,163,97,211,92,206,91,119,248,207,90,108,111,48,171,247,67,149,102,35,190,37,240,111,173,77,46,124,77,68,186,51,238,0,179,150,111,54,70,255,92,96,251,86,229,179,132,202,253,99,4,208,48,207,215,46,119,68,94,168,18,216,46,131,172,91,237,8,227,6,143,155,94,115,36,118,45,75,113,26,102,197,205,60,123,190,224,178,22,249,62,31,33,160,119,95,69,235,141,57,50,178,195,104,252,166,27,61,171,157,37,174,248,120,64,26,243,147,180,141,66,8,72,182,215,138,18,143,128,117,232,212,33,144,249,139,160,168,241,38,27,36,190,110,231,230,91,238,231,203,48,216,94,230,137,3,54,134,13,112,165,162,37,164,1,242,229,85,0,142,113,195,62,161,122,102,115,97,137,241,160,44,164,88,59,251,66,130,223,163,195,210,26,3,75,78,67,16,96,84,60,152,143,255,39,102,3,89,86,204,156,238,60,128,189,16,18,16,65,72,4,25,66,228,109,74,43,240,46,3,23,73,33,185,173,233,61,122,37,206,72,139,155,58,188,169,19,184,42,135,215,152,116,124,52,254,190,95,138,165,154,57,183,134,31,219,110,94,12,45,98,36,137,144,249,106,88,136,229,216,106,203,201,48,3,163,166,253,145,92,58,69,250,109,72,87,52,222,60,101,174,244,110,129,169,67,21,241,100,26,159,87,84,160,5,119,61,139,146,153,93,197,84,67,99,219,177,255,216,68,84,43,0,78,228,90,46,147,44,181,31,228,95,184,193,19,252,174,171,227,43,14,128,135,17,46,206,105,137,18,203,191,233,108,166,149,225,69,173,189,180,243,193,124,217,105,175,175,164,2,4,0,166,12,4,10,109,46,119,101,105,98,111,46,99,110,173,3,2,1,1,179,3,2,1,29],"type":"Buffer"}}},"agentKeepAliveTimeoutBuffer":1000,"defaultPort":443,"freeSockets":{"m.weibo.cn:443:::::::::::::::::::::":[{"_SNICallback":null,"_closeAfterHandlingError":false,"_controlReleased":true,"_events":{"close":[null,null,null],"timeout":[null,null]},"_eventsCount":9,"_hadError":false,"_host":"m.weibo.cn","_httpMessage":null,"_newSessionPending":false,"_parent":null,"_pendingData":null,"_pendingEncoding":"","_readableState":{"awaitDrainWriters":null,"buffer":[],"bufferIndex":0,"highWaterMark":16384,"length":0,"pipes":[]},"_rejectUnauthorized":true,"_requestCert":true,"_secureEstablished":true,"_securePending":false,"_server":null,"_sockname":null,"_tlsOptions":{"isServer":false,"pipe":false,"rejectUnauthorized":true,"requestCert":true,"secureContext":{"context":{}}},"_writableState":{"bufferedIndex":0,"corked":0,"highWaterMark":16384,"length":0,"pendingcb":0,"writelen":0},"allowHalfOpen":false,"alpnProtocol":false,"authorizationError":null,"authorized":true,"autoSelectFamilyAttemptedAddresses":["49.7.37.74:443"],"connecting":false,"encrypted":true,"parser":null,"secureConnecting":false,"servername":"m.weibo.cn","ssl":{"_parent":{"onconnection":null,"reading":true},"_parentWrap":null,"_secureContext":{"context":{}},"reading":true},"timeout":5000}]},"keepAlive":true,"keepAliveMsecs":1000,"maxCachedSessions":100,"maxFreeSockets":256,"maxSockets":null,"maxTotalSockets":null,"options":{"defaultPort":443,"keepAlive":true,"noDelay":true,"path":null,"protocol":"https:","scheduling":"lifo","timeout":5000},"protocol":"https:","requests":{},"scheduling":"lifo","sockets":{},"totalSocketCount":1},"chunkedEncoding":false,"destroyed":true,"finished":true,"host":"m.weibo.cn","maxHeadersCount":null,"maxRequestsOnConnectionReached":false,"method":"GET","outputData":[],"outputSize":0,"parser":null,"path":"/api/container/getIndex?type=all&queryVal=%25E7%2596%25AB%25E6%2583%2585&luicode=10000011&lfid=231583","protocol":"https:","res":{"_consuming":false,"_dumped":false,"_events":{"end":[null,null]},"_eventsCount":4,"_readableState":{"awaitDrainWriters":null,"buffer":[],"bufferIndex":0,"highWaterMark":16384,"length":0,"pipes":[]},"aborted":false,"client":{"_SNICallback":null,"_closeAfterHandlingError":false,"_controlReleased":true,"_events":{"close":[null,null,null],"timeout":[null,null]},"_eventsCount":9,"_hadError":false,"_host":"m.weibo.cn","_httpMessage":null,"_newSessionPending":false,"_parent":null,"_pendingData":null,"_pendingEncoding":"","_readableState":{"awaitDrainWriters":null,"buffer":[],"bufferIndex":0,"highWaterMark":16384,"length":0,"pipes":[]},"_rejectUnauthorized":true,"_requestCert":true,"_secureEstablished":true,"_securePending":false,"_server":null,"_sockname":null,"_tlsOptions":{"isServer":false,"pipe":false,"rejectUnauthorized":true,"requestCert":true,"secureContext":{"context":{}}},"_writableState":{"bufferedIndex":0,"corked":0,"highWaterMark":16384,"length":0,"pendingcb":0,"writelen":0},"allowHalfOpen":false,"alpnProtocol":false,"authorizationError":null,"authorized":true,"autoSelectFamilyAttemptedAddresses":["49.7.37.74:443"],"connecting":false,"encrypted":true,"parser":null,"secureConnecting":false,"servername":"m.weibo.cn","ssl":{"_parent":{"onconnection":null,"reading":true},"_parentWrap":null,"_secureContext":{"context":{}},"reading":true},"timeout":5000},"complete":true,"httpVersion":"1.1","httpVersionMajor":1,"httpVersionMinor":1,"method":null,"rawHeaders":["Date","Thu, 12 Feb 2026 07:15:42 GMT","Content-Length","0","Connection","keep-alive","Server","SHANHAI-SERVER","Lb","49.7.37.74","Ssl_node","msre-10-185-10-115.yf.intra.weibo.cn"],"rawTrailers":[],"redirects":[],"req":"[Circular]","responseUrl":"https://m.weibo.cn/api/container/getIndex?type=all&queryVal=%25E7%2596%25AB%25E6%2583%2585&luicode=10000011&lfid=231583","socket":null,"statusCode":432,"statusMessage":"","upgrade":false,"url":""},"reusedSocket":true,"sendDate":false,"shouldKeepAlive":true,"strictContentLength":false,"timeoutCb":null,"upgradeOrConnect":false,"useChunkedEncodingByDefault":false,"writable":true},"status":432,"statusText":""},"service":"public-opinion-system","stack":"AxiosError: Request failed with status code 432\n    at settle (G:\\trae\\public-opinion-system\\node_modules\\axios\\dist\\node\\axios.cjs:2151:12)\n    at IncomingMessage.handleStreamEnd (G:\\trae\\public-opinion-system\\node_modules\\axios\\dist\\node\\axios.cjs:3545:11)\n    at IncomingMessage.emit (node:events:520:35)\n    at endReadableNT (node:internal/streams/readable:1701:12)\n    at process.processTicksAndRejections (node:internal/process/task_queues:89:21)\n    at Axios.request (G:\\trae\\public-opinion-system\\node_modules\\axios\\dist\\node\\axios.cjs:4796:41)\n    at process.processTicksAndRejections (node:internal/process/task_queues:103:5)\n    at async RealWeiboCollector.searchKeyword (G:\\trae\\public-opinion-system\\src\\data-collection\\real-data-collector.js:110:26)\n    at async RealWeiboCollector.collectData (G:\\trae\\public-opinion-system\\src\\data-collection\\real-data-collector.js:39:30)\n    at async RealDataCollector.collectData (G:\\trae\\public-opinion-system\\src\\data-collection\\real-data-collector.js:479:35)\n    at async PublicOpinionSystemV2CLI.collectData (G:\\trae\\public-opinion-system\\src\\cli\\index-v2-simple.js:342:20)\n    at async Command.<anonymous> (G:\\trae\\public-opinion-system\\src\\cli\\index-v2-simple.js:72:9)","status":432,"timestamp":"2026-02-12T07:15:41.609Z"}
{"context":{"keyword":"疫情","source":"weibo_collection"},"error":{"code":"UNKNOWN_ERROR","message":"Request failed with status code 432","severity":"medium"},"level":"warn","message":"中级错误:","service":"public-opinion-system","timestamp":"2026-02-12T07:15:41.658Z"}
{"level":"info","message":"错误类型 undefined 不可恢复","service":"public-opinion-system","timestamp":"2026-02-12T07:15:41.660Z"}
{"level":"info","message":"生成 5 条模拟数据用于关键词 \"疫情\"","service":"public-opinion-system","timestamp":"2026-02-12T07:15:41.664Z"}
{"level":"info","message":"从 weibo 收集关键词 \"疫情\" 获得 5 条数据","service":"public-opinion-system","timestamp":"2026-02-12T07:15:41.664Z"}
{"level":"info","message":"真实数据收集完成，共获得 5 条数据","service":"public-opinion-system","timestamp":"2026-02-12T07:15:43.671Z"}
{"level":"info","message":"初始化增强AI分析引擎V2...","service":"public-opinion-system","timestamp":"2026-02-12T07:21:39.195Z"}
{"level":"info","message":"初始化Agent: DeepLearningSentimentAgent","service":"public-opinion-system","timestamp":"2026-02-12T07:21:39.198Z"}
{"level":"info","message":"加载深度学习情感分析模型...","service":"public-opinion-system","timestamp":"2026-02-12T07:21:39.199Z"}
{"level":"info","message":"深度学习模型加载完成","service":"public-opinion-system","timestamp":"2026-02-12T07:21:39.200Z"}
{"level":"info","message":"增强Agent sentiment 初始化完成","service":"public-opinion-system","timestamp":"2026-02-12T07:21:39.200Z"}
{"level":"info","message":"初始化Agent: TopicModelingAgent","service":"public-opinion-system","timestamp":"2026-02-12T07:21:39.200Z"}
{"level":"info","message":"加载主题建模模型...","service":"public-opinion-system","timestamp":"2026-02-12T07:21:39.201Z"}
{"level":"info","message":"主题建模模型加载完成","service":"public-opinion-system","timestamp":"2026-02-12T07:21:39.201Z"}
{"level":"info","message":"增强Agent topic 初始化完成","service":"public-opinion-system","timestamp":"2026-02-12T07:21:39.201Z"}
{"level":"info","message":"初始化Agent: NeuralRiskAssessmentAgent","service":"public-opinion-system","timestamp":"2026-02-12T07:21:39.202Z"}
{"level":"info","message":"加载神经网络风险评估模型...","service":"public-opinion-system","timestamp":"2026-02-12T07:21:39.206Z"}
{"level":"info","message":"神经网络风险评估模型加载完成","service":"public-opinion-system","timestamp":"2026-02-12T07:21:39.206Z"}
{"level":"info","message":"增强Agent risk 初始化完成","service":"public-opinion-system","timestamp":"2026-02-12T07:21:39.206Z"}
{"level":"info","message":"增强AI分析引擎V2初始化完成","service":"public-opinion-system","timestamp":"2026-02-12T07:21:39.207Z"}
{"level":"info","message":"启动技能管理器...","service":"public-opinion-system","timestamp":"2026-02-12T07:21:39.208Z"}
{"level":"info","message":"加载技能: DataCleaningSkill v1.0.0","service":"public-opinion-system","timestamp":"2026-02-12T07:21:39.211Z"}
{"level":"info","message":"技能管理器启动完成","service":"public-opinion-system","timestamp":"2026-02-12T07:21:39.211Z"}
{"level":"info","message":"开始多源数据收集，关键词: 疫情, 防控, 平台: weibo, zhihu, news","service":"public-opinion-system","timestamp":"2026-02-12T07:21:39.212Z"}
{"level":"info","message":"微博数据源开始收集: 疫情","service":"public-opinion-system","timestamp":"2026-02-12T07:21:39.213Z"}
{"level":"info","message":"微博数据源完成收集: 疫情, 获得 0 条数据","service":"public-opinion-system","timestamp":"2026-02-12T07:21:39.435Z"}
{"level":"info","message":"从 weibo 获取关键词 \"疫情\" 的 0 条数据","service":"public-opinion-system","timestamp":"2026-02-12T07:21:39.436Z"}
{"level":"info","message":"微博数据源开始收集: 防控","service":"public-opinion-system","timestamp":"2026-02-12T07:21:40.437Z"}
{"level":"info","message":"微博数据源完成收集: 防控, 获得 0 条数据","service":"public-opinion-system","timestamp":"2026-02-12T07:21:40.633Z"}
{"level":"info","message":"从 weibo 获取关键词 \"防控\" 的 0 条数据","service":"public-opinion-system","timestamp":"2026-02-12T07:21:40.634Z"}
{"level":"info","message":"知乎数据源开始收集: 疫情","service":"public-opinion-system","timestamp":"2026-02-12T07:21:41.637Z"}
{"level":"error","message":"知乎搜索失败:","service":"public-opinion-system","timestamp":"2026-02-12T07:21:41.765Z"}
{"level":"info","message":"知乎数据源完成收集: 疫情, 获得 0 条数据","service":"public-opinion-system","timestamp":"2026-02-12T07:21:41.766Z"}
{"level":"info","message":"从 zhihu 获取关键词 \"疫情\" 的 0 条数据","service":"public-opinion-system","timestamp":"2026-02-12T07:21:41.766Z"}
{"level":"info","message":"知乎数据源开始收集: 防控","service":"public-opinion-system","timestamp":"2026-02-12T07:21:42.770Z"}
{"level":"error","message":"知乎搜索失败:","service":"public-opinion-system","timestamp":"2026-02-12T07:21:42.855Z"}
{"level":"info","message":"知乎数据源完成收集: 防控, 获得 0 条数据","service":"public-opinion-system","timestamp":"2026-02-12T07:21:42.855Z"}
{"level":"info","message":"从 zhihu 获取关键词 \"防控\" 的 0 条数据","service":"public-opinion-system","timestamp":"2026-02-12T07:21:42.856Z"}
{"level":"info","message":"新闻数据源开始收集: 疫情","service":"public-opinion-system","timestamp":"2026-02-12T07:21:43.870Z"}
{"level":"info","message":"新闻数据源完成收集: 疫情, 获得 5 条数据","service":"public-opinion-system","timestamp":"2026-02-12T07:21:44.066Z"}
{"level":"info","message":"从 news 获取关键词 \"疫情\" 的 4 条数据","service":"public-opinion-system","timestamp":"2026-02-12T07:21:44.066Z"}
{"level":"info","message":"新闻数据源开始收集: 防控","service":"public-opinion-system","timestamp":"2026-02-12T07:21:45.070Z"}
{"level":"info","message":"新闻数据源完成收集: 防控, 获得 5 条数据","service":"public-opinion-system","timestamp":"2026-02-12T07:21:45.140Z"}
{"level":"info","message":"从 news 获取关键词 \"防控\" 的 4 条数据","service":"public-opinion-system","timestamp":"2026-02-12T07:21:45.141Z"}
{"level":"info","message":"多源数据收集完成，共获得 8 条数据","service":"public-opinion-system","timestamp":"2026-02-12T07:21:46.153Z"}
{"level":"info","message":"初始化增强AI分析引擎V2...","service":"public-opinion-system","timestamp":"2026-02-12T07:21:55.124Z"}
{"level":"info","message":"初始化Agent: DeepLearningSentimentAgent","service":"public-opinion-system","timestamp":"2026-02-12T07:21:55.127Z"}
{"level":"info","message":"加载深度学习情感分析模型...","service":"public-opinion-system","timestamp":"2026-02-12T07:21:55.129Z"}
{"level":"info","message":"深度学习模型加载完成","service":"public-opinion-system","timestamp":"2026-02-12T07:21:55.129Z"}
{"level":"info","message":"增强Agent sentiment 初始化完成","service":"public-opinion-system","timestamp":"2026-02-12T07:21:55.130Z"}
{"level":"info","message":"初始化Agent: TopicModelingAgent","service":"public-opinion-system","timestamp":"2026-02-12T07:21:55.130Z"}
{"level":"info","message":"加载主题建模模型...","service":"public-opinion-system","timestamp":"2026-02-12T07:21:55.130Z"}
{"level":"info","message":"主题建模模型加载完成","service":"public-opinion-system","timestamp":"2026-02-12T07:21:55.131Z"}
{"level":"info","message":"增强Agent topic 初始化完成","service":"public-opinion-system","timestamp":"2026-02-12T07:21:55.131Z"}
{"level":"info","message":"初始化Agent: NeuralRiskAssessmentAgent","service":"public-opinion-system","timestamp":"2026-02-12T07:21:55.131Z"}
{"level":"info","message":"加载神经网络风险评估模型...","service":"public-opinion-system","timestamp":"2026-02-12T07:21:55.135Z"}
{"level":"info","message":"神经网络风险评估模型加载完成","service":"public-opinion-system","timestamp":"2026-02-12T07:21:55.135Z"}
{"level":"info","message":"增强Agent risk 初始化完成","service":"public-opinion-system","timestamp":"2026-02-12T07:21:55.135Z"}
{"level":"info","message":"增强AI分析引擎V2初始化完成","service":"public-opinion-system","timestamp":"2026-02-12T07:21:55.136Z"}
{"level":"info","message":"启动技能管理器...","service":"public-opinion-system","timestamp":"2026-02-12T07:21:55.136Z"}
{"level":"info","message":"加载技能: DataCleaningSkill v1.0.0","service":"public-opinion-system","timestamp":"2026-02-12T07:21:55.140Z"}
{"level":"info","message":"技能管理器启动完成","service":"public-opinion-system","timestamp":"2026-02-12T07:21:55.140Z"}
{"level":"info","message":"开始多源数据收集，关键词: 疫情, 防控, 平台: news, weibo, zhihu","service":"public-opinion-system","timestamp":"2026-02-12T07:21:55.142Z"}
{"level":"info","message":"新闻数据源开始收集: 疫情","service":"public-opinion-system","timestamp":"2026-02-12T07:21:55.142Z"}
{"level":"info","message":"新闻数据源完成收集: 疫情, 获得 5 条数据","service":"public-opinion-system","timestamp":"2026-02-12T07:21:55.302Z"}
{"level":"info","message":"从 news 获取关键词 \"疫情\" 的 5 条数据","service":"public-opinion-system","timestamp":"2026-02-12T07:21:55.302Z"}
{"level":"info","message":"新闻数据源开始收集: 防控","service":"public-opinion-system","timestamp":"2026-02-12T07:21:56.304Z"}
{"level":"info","message":"新闻数据源完成收集: 防控, 获得 5 条数据","service":"public-opinion-system","timestamp":"2026-02-12T07:21:56.399Z"}
{"level":"info","message":"从 news 获取关键词 \"防控\" 的 5 条数据","service":"public-opinion-system","timestamp":"2026-02-12T07:21:56.400Z"}
{"level":"info","message":"微博数据源开始收集: 疫情","service":"public-opinion-system","timestamp":"2026-02-12T07:21:57.405Z"}
{"level":"info","message":"微博数据源完成收集: 疫情, 获得 0 条数据","service":"public-opinion-system","timestamp":"2026-02-12T07:21:57.582Z"}
{"level":"info","message":"从 weibo 获取关键词 \"疫情\" 的 0 条数据","service":"public-opinion-system","timestamp":"2026-02-12T07:21:57.583Z"}
{"level":"info","message":"微博数据源开始收集: 防控","service":"public-opinion-system","timestamp":"2026-02-12T07:21:58.587Z"}
{"level":"info","message":"微博数据源完成收集: 防控, 获得 0 条数据","service":"public-opinion-system","timestamp":"2026-02-12T07:21:58.700Z"}
{"level":"info","message":"从 weibo 获取关键词 \"防控\" 的 0 条数据","service":"public-opinion-system","timestamp":"2026-02-12T07:21:58.700Z"}
{"level":"info","message":"知乎数据源开始收集: 疫情","service":"public-opinion-system","timestamp":"2026-02-12T07:21:59.705Z"}
{"level":"error","message":"知乎搜索失败:","service":"public-opinion-system","timestamp":"2026-02-12T07:21:59.811Z"}
{"level":"info","message":"知乎数据源完成收集: 疫情, 获得 0 条数据","service":"public-opinion-system","timestamp":"2026-02-12T07:21:59.812Z"}
{"level":"info","message":"从 zhihu 获取关键词 \"疫情\" 的 0 条数据","service":"public-opinion-system","timestamp":"2026-02-12T07:21:59.812Z"}
{"level":"info","message":"知乎数据源开始收集: 防控","service":"public-opinion-system","timestamp":"2026-02-12T07:22:00.820Z"}
{"level":"error","message":"知乎搜索失败:","service":"public-opinion-system","timestamp":"2026-02-12T07:22:00.974Z"}
{"level":"info","message":"知乎数据源完成收集: 防控, 获得 0 条数据","service":"public-opinion-system","timestamp":"2026-02-12T07:22:00.974Z"}
{"level":"info","message":"从 zhihu 获取关键词 \"防控\" 的 0 条数据","service":"public-opinion-system","timestamp":"2026-02-12T07:22:00.975Z"}
{"level":"info","message":"多源数据收集完成，共获得 10 条数据","service":"public-opinion-system","timestamp":"2026-02-12T07:22:01.987Z"}
{"level":"info","message":"开始增强AI分析任务 analysis_1770880921989_7wjp4bgtr，数据量: 10，关键词: 疫情, 防控","service":"public-opinion-system","timestamp":"2026-02-12T07:22:01.989Z"}
{"level":"info","message":"第 1 轮增强分析开始","service":"public-opinion-system","timestamp":"2026-02-12T07:22:01.990Z"}
{"level":"info","message":"运行增强Agent: sentiment","service":"public-opinion-system","timestamp":"2026-02-12T07:22:01.990Z"}
{"level":"info","message":"深度学习情感分析开始处理 10 条数据","service":"public-opinion-system","timestamp":"2026-02-12T07:22:01.991Z"}
{"level":"info","message":"运行增强Agent: topic","service":"public-opinion-system","timestamp":"2026-02-12T07:22:01.992Z"}
{"level":"info","message":"主题建模Agent开始处理 10 条数据","service":"public-opinion-system","timestamp":"2026-02-12T07:22:01.992Z"}
{"level":"info","message":"运行增强Agent: risk","service":"public-opinion-system","timestamp":"2026-02-12T07:22:01.993Z"}
{"level":"info","message":"神经网络风险评估Agent开始处理 10 条数据","service":"public-opinion-system","timestamp":"2026-02-12T07:22:01.994Z"}
{"level":"info","message":"主题建模完成，发现 5 个主题，10 个关键词","service":"public-opinion-system","timestamp":"2026-02-12T07:22:01.997Z"}
{"level":"info","message":"增强Agent topic 完成，置信度: 0.64，用时: 5ms","service":"public-opinion-system","timestamp":"2026-02-12T07:22:01.997Z"}
{"level":"info","message":"深度学习情感分析完成，整体情感得分: 0.00，置信度: 0.65","service":"public-opinion-system","timestamp":"2026-02-12T07:22:01.998Z"}
{"level":"info","message":"神经网络风险评估完成，整体风险等级: low, 风险评分: 0.04","service":"public-opinion-system","timestamp":"2026-02-12T07:22:01.999Z"}
{"level":"info","message":"增强Agent sentiment 完成，置信度: 0.65，用时: 9ms","service":"public-opinion-system","timestamp":"2026-02-12T07:22:02.000Z"}
{"level":"info","message":"增强Agent risk 完成，置信度: 0.67，用时: 6ms","service":"public-opinion-system","timestamp":"2026-02-12T07:22:02.000Z"}
{"level":"info","message":"第 1 轮增强分析完成，平均置信度: 0.65","service":"public-opinion-system","timestamp":"2026-02-12T07:22:02.001Z"}
{"level":"info","message":"第 1 轮智能数据增强","service":"public-opinion-system","timestamp":"2026-02-12T07:22:02.001Z"}
{"level":"info","message":"数据增强完成，原始 10 条 → 增强 10 条","service":"public-opinion-system","timestamp":"2026-02-12T07:22:02.002Z"}
{"level":"info","message":"第 2 轮增强分析开始","service":"public-opinion-system","timestamp":"2026-02-12T07:22:02.002Z"}
{"level":"info","message":"运行增强Agent: sentiment","service":"public-opinion-system","timestamp":"2026-02-12T07:22:02.002Z"}
{"level":"info","message":"深度学习情感分析开始处理 10 条数据","service":"public-opinion-system","timestamp":"2026-02-12T07:22:02.003Z"}
{"level":"info","message":"运行增强Agent: topic","service":"public-opinion-system","timestamp":"2026-02-12T07:22:02.003Z"}
{"level":"info","message":"主题建模Agent开始处理 10 条数据","service":"public-opinion-system","timestamp":"2026-02-12T07:22:02.003Z"}
{"level":"info","message":"运行增强Agent: risk","service":"public-opinion-system","timestamp":"2026-02-12T07:22:02.004Z"}
{"level":"info","message":"神经网络风险评估Agent开始处理 10 条数据","service":"public-opinion-system","timestamp":"2026-02-12T07:22:02.004Z"}
{"level":"info","message":"主题建模完成，发现 5 个主题，10 个关键词","service":"public-opinion-system","timestamp":"2026-02-12T07:22:02.007Z"}
{"level":"info","message":"增强Agent topic 完成，置信度: 0.64，用时: 4ms","service":"public-opinion-system","timestamp":"2026-02-12T07:22:02.007Z"}
{"level":"info","message":"深度学习情感分析完成，整体情感得分: 0.00，置信度: 0.65","service":"public-opinion-system","timestamp":"2026-02-12T07:22:02.008Z"}
{"level":"info","message":"神经网络风险评估完成，整体风险等级: low, 风险评分: 0.04","service":"public-opinion-system","timestamp":"2026-02-12T07:22:02.008Z"}
{"level":"info","message":"增强Agent sentiment 完成，置信度: 0.65，用时: 6ms","service":"public-opinion-system","timestamp":"2026-02-12T07:22:02.009Z"}
{"level":"info","message":"增强Agent risk 完成，置信度: 0.67，用时: 5ms","service":"public-opinion-system","timestamp":"2026-02-12T07:22:02.009Z"}
{"level":"info","message":"第 2 轮增强分析完成，平均置信度: 0.65","service":"public-opinion-system","timestamp":"2026-02-12T07:22:02.009Z"}
{"level":"info","message":"第 2 轮智能数据增强","service":"public-opinion-system","timestamp":"2026-02-12T07:22:02.009Z"}
{"level":"info","message":"数据增强完成，原始 10 条 → 增强 10 条","service":"public-opinion-system","timestamp":"2026-02-12T07:22:02.010Z"}
{"level":"info","message":"第 3 轮增强分析开始","service":"public-opinion-system","timestamp":"2026-02-12T07:22:02.010Z"}
{"level":"info","message":"运行增强Agent: sentiment","service":"public-opinion-system","timestamp":"2026-02-12T07:22:02.010Z"}
{"level":"info","message":"深度学习情感分析开始处理 10 条数据","service":"public-opinion-system","timestamp":"2026-02-12T07:22:02.010Z"}
{"level":"info","message":"运行增强Agent: topic","service":"public-opinion-system","timestamp":"2026-02-12T07:22:02.011Z"}
{"level":"info","message":"主题建模Agent开始处理 10 条数据","service":"public-opinion-system","timestamp":"2026-02-12T07:22:02.011Z"}
{"level":"info","message":"运行增强Agent: risk","service":"public-opinion-system","timestamp":"2026-02-12T07:22:02.011Z"}
{"level":"info","message":"神经网络风险评估Agent开始处理 10 条数据","service":"public-opinion-system","timestamp":"2026-02-12T07:22:02.012Z"}
{"level":"info","message":"主题建模完成，发现 5 个主题，10 个关键词","service":"public-opinion-system","timestamp":"2026-02-12T07:22:02.012Z"}
{"level":"info","message":"增强Agent topic 完成，置信度: 0.64，用时: 2ms","service":"public-opinion-system","timestamp":"2026-02-12T07:22:02.013Z"}
{"level":"info","message":"深度学习情感分析完成，整体情感得分: 0.00，置信度: 0.65","service":"public-opinion-system","timestamp":"2026-02-12T07:22:02.013Z"}
{"level":"info","message":"神经网络风险评估完成，整体风险等级: low, 风险评分: 0.04","service":"public-opinion-system","timestamp":"2026-02-12T07:22:02.013Z"}
{"level":"info","message":"增强Agent sentiment 完成，置信度: 0.65，用时: 4ms","service":"public-opinion-system","timestamp":"2026-02-12T07:22:02.014Z"}
{"level":"info","message":"增强Agent risk 完成，置信度: 0.67，用时: 2ms","service":"public-opinion-system","timestamp":"2026-02-12T07:22:02.014Z"}
{"level":"info","message":"第 3 轮增强分析完成，平均置信度: 0.65","service":"public-opinion-system","timestamp":"2026-02-12T07:22:02.014Z"}
{"level":"info","message":"第 3 轮智能数据增强","service":"public-opinion-system","timestamp":"2026-02-12T07:22:02.014Z"}
{"level":"info","message":"数据增强完成，原始 10 条 → 增强 10 条","service":"public-opinion-system","timestamp":"2026-02-12T07:22:02.015Z"}
{"level":"info","message":"第 4 轮增强分析开始","service":"public-opinion-system","timestamp":"2026-02-12T07:22:02.015Z"}
{"level":"info","message":"运行增强Agent: sentiment","service":"public-opinion-system","timestamp":"2026-02-12T07:22:02.015Z"}
{"level":"info","message":"深度学习情感分析开始处理 10 条数据","service":"public-opinion-system","timestamp":"2026-02-12T07:22:02.015Z"}
{"level":"info","message":"运行增强Agent: topic","service":"public-opinion-system","timestamp":"2026-02-12T07:22:02.016Z"}
{"level":"info","message":"主题建模Agent开始处理 10 条数据","service":"public-opinion-system","timestamp":"2026-02-12T07:22:02.016Z"}
{"level":"info","message":"运行增强Agent: risk","service":"public-opinion-system","timestamp":"2026-02-12T07:22:02.016Z"}
{"level":"info","message":"神经网络风险评估Agent开始处理 10 条数据","service":"public-opinion-system","timestamp":"2026-02-12T07:22:02.017Z"}
{"level":"info","message":"主题建模完成，发现 5 个主题，10 个关键词","service":"public-opinion-system","timestamp":"2026-02-12T07:22:02.017Z"}
{"level":"info","message":"增强Agent topic 完成，置信度: 0.64，用时: 2ms","service":"public-opinion-system","timestamp":"2026-02-12T07:22:02.018Z"}
{"level":"info","message":"深度学习情感分析完成，整体情感得分: 0.00，置信度: 0.65","service":"public-opinion-system","timestamp":"2026-02-12T07:22:02.018Z"}
{"level":"info","message":"神经网络风险评估完成，整体风险等级: low, 风险评分: 0.04","service":"public-opinion-system","timestamp":"2026-02-12T07:22:02.018Z"}
{"level":"info","message":"增强Agent sentiment 完成，置信度: 0.65，用时: 3ms","service":"public-opinion-system","timestamp":"2026-02-12T07:22:02.018Z"}
{"level":"info","message":"增强Agent risk 完成，置信度: 0.67，用时: 2ms","service":"public-opinion-system","timestamp":"2026-02-12T07:22:02.019Z"}
{"level":"info","message":"第 4 轮增强分析完成，平均置信度: 0.65","service":"public-opinion-system","timestamp":"2026-02-12T07:22:02.019Z"}
{"level":"info","message":"第 4 轮智能数据增强","service":"public-opinion-system","timestamp":"2026-02-12T07:22:02.019Z"}
{"level":"info","message":"数据增强完成，原始 10 条 → 增强 10 条","service":"public-opinion-system","timestamp":"2026-02-12T07:22:02.019Z"}
{"level":"info","message":"第 5 轮增强分析开始","service":"public-opinion-system","timestamp":"2026-02-12T07:22:02.020Z"}
{"level":"info","message":"运行增强Agent: sentiment","service":"public-opinion-system","timestamp":"2026-02-12T07:22:02.020Z"}
{"level":"info","message":"深度学习情感分析开始处理 10 条数据","service":"public-opinion-system","timestamp":"2026-02-12T07:22:02.020Z"}
{"level":"info","message":"运行增强Agent: topic","service":"public-opinion-system","timestamp":"2026-02-12T07:22:02.020Z"}
{"level":"info","message":"主题建模Agent开始处理 10 条数据","service":"public-opinion-system","timestamp":"2026-02-12T07:22:02.021Z"}
{"level":"info","message":"运行增强Agent: risk","service":"public-opinion-system","timestamp":"2026-02-12T07:22:02.023Z"}
{"level":"info","message":"神经网络风险评估Agent开始处理 10 条数据","service":"public-opinion-system","timestamp":"2026-02-12T07:22:02.023Z"}
{"level":"info","message":"主题建模完成，发现 5 个主题，10 个关键词","service":"public-opinion-system","timestamp":"2026-02-12T07:22:02.024Z"}
{"level":"info","message":"增强Agent topic 完成，置信度: 0.64，用时: 3ms","service":"public-opinion-system","timestamp":"2026-02-12T07:22:02.024Z"}
{"level":"info","message":"深度学习情感分析完成，整体情感得分: 0.00，置信度: 0.65","service":"public-opinion-system","timestamp":"2026-02-12T07:22:02.025Z"}
{"level":"info","message":"神经网络风险评估完成，整体风险等级: low, 风险评分: 0.04","service":"public-opinion-system","timestamp":"2026-02-12T07:22:02.025Z"}
{"level":"info","message":"增强Agent sentiment 完成，置信度: 0.65，用时: 5ms","service":"public-opinion-system","timestamp":"2026-02-12T07:22:02.025Z"}
{"level":"info","message":"增强Agent risk 完成，置信度: 0.67，用时: 2ms","service":"public-opinion-system","timestamp":"2026-02-12T07:22:02.025Z"}
{"level":"info","message":"第 5 轮增强分析完成，平均置信度: 0.65","service":"public-opinion-system","timestamp":"2026-02-12T07:22:02.026Z"}
{"context":{"source":"unhandled_rejection"},"error":{"code":"UNKNOWN_ERROR","message":"Unhandled Promise Rejection: TypeError: Cannot read properties of null (reading 'error')","severity":"medium"},"level":"warn","message":"中级错误:","service":"public-opinion-system","timestamp":"2026-02-12T07:22:02.028Z"}
{"level":"info","message":"错误类型 undefined 不可恢复","service":"public-opinion-system","timestamp":"2026-02-12T07:22:02.028Z"}
{"level":"info","message":"初始化增强AI分析引擎V2...","service":"public-opinion-system","timestamp":"2026-02-12T07:22:29.133Z"}
{"level":"info","message":"初始化Agent: DeepLearningSentimentAgent","service":"public-opinion-system","timestamp":"2026-02-12T07:22:29.136Z"}
{"level":"info","message":"加载深度学习情感分析模型...","service":"public-opinion-system","timestamp":"2026-02-12T07:22:29.141Z"}
{"level":"info","message":"深度学习模型加载完成","service":"public-opinion-system","timestamp":"2026-02-12T07:22:29.141Z"}
{"level":"info","message":"增强Agent sentiment 初始化完成","service":"public-opinion-system","timestamp":"2026-02-12T07:22:29.142Z"}
{"level":"info","message":"初始化Agent: TopicModelingAgent","service":"public-opinion-system","timestamp":"2026-02-12T07:22:29.142Z"}
{"level":"info","message":"加载主题建模模型...","service":"public-opinion-system","timestamp":"2026-02-12T07:22:29.142Z"}
{"level":"info","message":"主题建模模型加载完成","service":"public-opinion-system","timestamp":"2026-02-12T07:22:29.143Z"}
{"level":"info","message":"增强Agent topic 初始化完成","service":"public-opinion-system","timestamp":"2026-02-12T07:22:29.143Z"}
{"level":"info","message":"初始化Agent: NeuralRiskAssessmentAgent","service":"public-opinion-system","timestamp":"2026-02-12T07:22:29.143Z"}
{"level":"info","message":"加载神经网络风险评估模型...","service":"public-opinion-system","timestamp":"2026-02-12T07:22:29.144Z"}
{"level":"info","message":"神经网络风险评估模型加载完成","service":"public-opinion-system","timestamp":"2026-02-12T07:22:29.144Z"}
{"level":"info","message":"增强Agent risk 初始化完成","service":"public-opinion-system","timestamp":"2026-02-12T07:22:29.144Z"}
{"level":"info","message":"增强AI分析引擎V2初始化完成","service":"public-opinion-system","timestamp":"2026-02-12T07:22:29.145Z"}
{"level":"info","message":"启动技能管理器...","service":"public-opinion-system","timestamp":"2026-02-12T07:22:29.145Z"}
{"level":"info","message":"加载技能: DataCleaningSkill v1.0.0","service":"public-opinion-system","timestamp":"2026-02-12T07:22:29.148Z"}
{"level":"info","message":"技能管理器启动完成","service":"public-opinion-system","timestamp":"2026-02-12T07:22:29.148Z"}
{"level":"info","message":"开始多源数据收集，关键词: 疫情, 平台: news","service":"public-opinion-system","timestamp":"2026-02-12T07:22:29.149Z"}
{"level":"info","message":"新闻数据源开始收集: 疫情","service":"public-opinion-system","timestamp":"2026-02-12T07:22:29.150Z"}
{"level":"info","message":"新闻数据源完成收集: 疫情, 获得 5 条数据","service":"public-opinion-system","timestamp":"2026-02-12T07:22:29.330Z"}
{"level":"info","message":"从 news 获取关键词 \"疫情\" 的 5 条数据","service":"public-opinion-system","timestamp":"2026-02-12T07:22:29.331Z"}
{"level":"info","message":"多源数据收集完成，共获得 5 条数据","service":"public-opinion-system","timestamp":"2026-02-12T07:22:30.338Z"}
{"level":"info","message":"初始化增强AI分析引擎V2...","service":"public-opinion-system","timestamp":"2026-02-12T07:22:50.909Z"}
{"level":"info","message":"初始化Agent: DeepLearningSentimentAgent","service":"public-opinion-system","timestamp":"2026-02-12T07:22:50.912Z"}
{"level":"info","message":"加载深度学习情感分析模型...","service":"public-opinion-system","timestamp":"2026-02-12T07:22:50.914Z"}
{"level":"info","message":"深度学习模型加载完成","service":"public-opinion-system","timestamp":"2026-02-12T07:22:50.916Z"}
{"level":"info","message":"增强Agent sentiment 初始化完成","service":"public-opinion-system","timestamp":"2026-02-12T07:22:50.916Z"}
{"level":"info","message":"初始化Agent: TopicModelingAgent","service":"public-opinion-system","timestamp":"2026-02-12T07:22:50.917Z"}
{"level":"info","message":"加载主题建模模型...","service":"public-opinion-system","timestamp":"2026-02-12T07:22:50.917Z"}
{"level":"info","message":"主题建模模型加载完成","service":"public-opinion-system","timestamp":"2026-02-12T07:22:50.918Z"}
{"level":"info","message":"增强Agent topic 初始化完成","service":"public-opinion-system","timestamp":"2026-02-12T07:22:50.918Z"}
{"level":"info","message":"初始化Agent: NeuralRiskAssessmentAgent","service":"public-opinion-system","timestamp":"2026-02-12T07:22:50.918Z"}
{"level":"info","message":"加载神经网络风险评估模型...","service":"public-opinion-system","timestamp":"2026-02-12T07:22:50.922Z"}
{"level":"info","message":"神经网络风险评估模型加载完成","service":"public-opinion-system","timestamp":"2026-02-12T07:22:50.923Z"}
{"level":"info","message":"增强Agent risk 初始化完成","service":"public-opinion-system","timestamp":"2026-02-12T07:22:50.923Z"}
{"level":"info","message":"增强AI分析引擎V2初始化完成","service":"public-opinion-system","timestamp":"2026-02-12T07:22:50.923Z"}
{"level":"info","message":"启动技能管理器...","service":"public-opinion-system","timestamp":"2026-02-12T07:22:50.924Z"}
{"level":"info","message":"加载技能: DataCleaningSkill v1.0.0","service":"public-opinion-system","timestamp":"2026-02-12T07:22:50.928Z"}
{"level":"info","message":"技能管理器启动完成","service":"public-opinion-system","timestamp":"2026-02-12T07:22:50.928Z"}
{"level":"info","message":"开始多源数据收集，关键词: 疫情, 平台: news","service":"public-opinion-system","timestamp":"2026-02-12T07:22:50.932Z"}
{"level":"info","message":"新闻数据源开始收集: 疫情","service":"public-opinion-system","timestamp":"2026-02-12T07:22:50.932Z"}
{"level":"info","message":"新闻数据源完成收集: 疫情, 获得 5 条数据","service":"public-opinion-system","timestamp":"2026-02-12T07:22:51.075Z"}
{"level":"info","message":"从 news 获取关键词 \"疫情\" 的 5 条数据","service":"public-opinion-system","timestamp":"2026-02-12T07:22:51.076Z"}
{"level":"info","message":"多源数据收集完成，共获得 5 条数据","service":"public-opinion-system","timestamp":"2026-02-12T07:22:52.089Z"}
{"level":"info","message":"开始增强AI分析任务 analysis_1770880972090_yu5510uue，数据量: 5，关键词: 疫情","service":"public-opinion-system","timestamp":"2026-02-12T07:22:52.090Z"}
{"level":"info","message":"第 1 轮增强分析开始","service":"public-opinion-system","timestamp":"2026-02-12T07:22:52.091Z"}
{"level":"info","message":"运行增强Agent: sentiment","service":"public-opinion-system","timestamp":"2026-02-12T07:22:52.094Z"}
{"level":"info","message":"深度学习情感分析开始处理 5 条数据","service":"public-opinion-system","timestamp":"2026-02-12T07:22:52.094Z"}
{"level":"info","message":"运行增强Agent: topic","service":"public-opinion-system","timestamp":"2026-02-12T07:22:52.095Z"}
{"level":"info","message":"主题建模Agent开始处理 5 条数据","service":"public-opinion-system","timestamp":"2026-02-12T07:22:52.096Z"}
{"level":"info","message":"运行增强Agent: risk","service":"public-opinion-system","timestamp":"2026-02-12T07:22:52.096Z"}
{"level":"info","message":"神经网络风险评估Agent开始处理 5 条数据","service":"public-opinion-system","timestamp":"2026-02-12T07:22:52.097Z"}
{"level":"info","message":"主题建模完成，发现 5 个主题，5 个关键词","service":"public-opinion-system","timestamp":"2026-02-12T07:22:52.099Z"}
{"level":"info","message":"增强Agent topic 完成，置信度: 0.54，用时: 5ms","service":"public-opinion-system","timestamp":"2026-02-12T07:22:52.100Z"}
{"level":"info","message":"深度学习情感分析完成，整体情感得分: 0.00，置信度: 0.65","service":"public-opinion-system","timestamp":"2026-02-12T07:22:52.100Z"}
{"level":"info","message":"神经网络风险评估完成，整体风险等级: low, 风险评分: 0.04","service":"public-opinion-system","timestamp":"2026-02-12T07:22:52.101Z"}
{"level":"info","message":"增强Agent sentiment 完成，置信度: 0.65，用时: 8ms","service":"public-opinion-system","timestamp":"2026-02-12T07:22:52.102Z"}
{"level":"info","message":"增强Agent risk 完成，置信度: 0.67，用时: 5ms","service":"public-opinion-system","timestamp":"2026-02-12T07:22:52.102Z"}
{"level":"info","message":"第 1 轮增强分析完成，平均置信度: 0.62","service":"public-opinion-system","timestamp":"2026-02-12T07:22:52.103Z"}
{"level":"info","message":"第 1 轮智能数据增强","service":"public-opinion-system","timestamp":"2026-02-12T07:22:52.103Z"}
{"level":"info","message":"数据增强完成，原始 5 条 → 增强 5 条","service":"public-opinion-system","timestamp":"2026-02-12T07:22:52.104Z"}
{"level":"info","message":"第 2 轮增强分析开始","service":"public-opinion-system","timestamp":"2026-02-12T07:22:52.104Z"}
{"level":"info","message":"运行增强Agent: sentiment","service":"public-opinion-system","timestamp":"2026-02-12T07:22:52.104Z"}
{"level":"info","message":"深度学习情感分析开始处理 5 条数据","service":"public-opinion-system","timestamp":"2026-02-12T07:22:52.104Z"}
{"level":"info","message":"运行增强Agent: topic","service":"public-opinion-system","timestamp":"2026-02-12T07:22:52.105Z"}
{"level":"info","message":"主题建模Agent开始处理 5 条数据","service":"public-opinion-system","timestamp":"2026-02-12T07:22:52.105Z"}
{"level":"info","message":"运行增强Agent: risk","service":"public-opinion-system","timestamp":"2026-02-12T07:22:52.105Z"}
{"level":"info","message":"神经网络风险评估Agent开始处理 5 条数据","service":"public-opinion-system","timestamp":"2026-02-12T07:22:52.106Z"}
{"level":"info","message":"主题建模完成，发现 5 个主题，5 个关键词","service":"public-opinion-system","timestamp":"2026-02-12T07:22:52.109Z"}
{"level":"info","message":"增强Agent topic 完成，置信度: 0.54，用时: 4ms","service":"public-opinion-system","timestamp":"2026-02-12T07:22:52.109Z"}
{"level":"info","message":"深度学习情感分析完成，整体情感得分: 0.00，置信度: 0.65","service":"public-opinion-system","timestamp":"2026-02-12T07:22:52.109Z"}
{"level":"info","message":"神经网络风险评估完成，整体风险等级: low, 风险评分: 0.04","service":"public-opinion-system","timestamp":"2026-02-12T07:22:52.110Z"}
{"level":"info","message":"增强Agent sentiment 完成，置信度: 0.65，用时: 6ms","service":"public-opinion-system","timestamp":"2026-02-12T07:22:52.110Z"}
{"level":"info","message":"增强Agent risk 完成，置信度: 0.67，用时: 4ms","service":"public-opinion-system","timestamp":"2026-02-12T07:22:52.110Z"}
{"level":"info","message":"第 2 轮增强分析完成，平均置信度: 0.62","service":"public-opinion-system","timestamp":"2026-02-12T07:22:52.111Z"}
{"level":"info","message":"第 2 轮智能数据增强","service":"public-opinion-system","timestamp":"2026-02-12T07:22:52.111Z"}
{"level":"info","message":"数据增强完成，原始 5 条 → 增强 5 条","service":"public-opinion-system","timestamp":"2026-02-12T07:22:52.111Z"}
{"level":"info","message":"第 3 轮增强分析开始","service":"public-opinion-system","timestamp":"2026-02-12T07:22:52.111Z"}
{"level":"info","message":"运行增强Agent: sentiment","service":"public-opinion-system","timestamp":"2026-02-12T07:22:52.112Z"}
{"level":"info","message":"深度学习情感分析开始处理 5 条数据","service":"public-opinion-system","timestamp":"2026-02-12T07:22:52.112Z"}
{"level":"info","message":"运行增强Agent: topic","service":"public-opinion-system","timestamp":"2026-02-12T07:22:52.112Z"}
{"level":"info","message":"主题建模Agent开始处理 5 条数据","service":"public-opinion-system","timestamp":"2026-02-12T07:22:52.112Z"}
{"level":"info","message":"运行增强Agent: risk","service":"public-opinion-system","timestamp":"2026-02-12T07:22:52.113Z"}
{"level":"info","message":"神经网络风险评估Agent开始处理 5 条数据","service":"public-opinion-system","timestamp":"2026-02-12T07:22:52.113Z"}
{"level":"info","message":"主题建模完成，发现 5 个主题，5 个关键词","service":"public-opinion-system","timestamp":"2026-02-12T07:22:52.114Z"}
{"level":"info","message":"增强Agent topic 完成，置信度: 0.54，用时: 2ms","service":"public-opinion-system","timestamp":"2026-02-12T07:22:52.114Z"}
{"level":"info","message":"深度学习情感分析完成，整体情感得分: 0.00，置信度: 0.65","service":"public-opinion-system","timestamp":"2026-02-12T07:22:52.114Z"}
{"level":"info","message":"神经网络风险评估完成，整体风险等级: low, 风险评分: 0.04","service":"public-opinion-system","timestamp":"2026-02-12T07:22:52.115Z"}
{"level":"info","message":"增强Agent sentiment 完成，置信度: 0.65，用时: 3ms","service":"public-opinion-system","timestamp":"2026-02-12T07:22:52.115Z"}
{"level":"info","message":"增强Agent risk 完成，置信度: 0.67，用时: 2ms","service":"public-opinion-system","timestamp":"2026-02-12T07:22:52.115Z"}
{"level":"info","message":"第 3 轮增强分析完成，平均置信度: 0.62","service":"public-opinion-system","timestamp":"2026-02-12T07:22:52.116Z"}
{"level":"info","message":"第 3 轮智能数据增强","service":"public-opinion-system","timestamp":"2026-02-12T07:22:52.116Z"}
{"level":"info","message":"数据增强完成，原始 5 条 → 增强 5 条","service":"public-opinion-system","timestamp":"2026-02-12T07:22:52.116Z"}
{"level":"info","message":"第 4 轮增强分析开始","service":"public-opinion-system","timestamp":"2026-02-12T07:22:52.116Z"}
{"level":"info","message":"运行增强Agent: sentiment","service":"public-opinion-system","timestamp":"2026-02-12T07:22:52.117Z"}
{"level":"info","message":"深度学习情感分析开始处理 5 条数据","service":"public-opinion-system","timestamp":"2026-02-12T07:22:52.117Z"}
{"level":"info","message":"运行增强Agent: topic","service":"public-opinion-system","timestamp":"2026-02-12T07:22:52.117Z"}
{"level":"info","message":"主题建模Agent开始处理 5 条数据","service":"public-opinion-system","timestamp":"2026-02-12T07:22:52.117Z"}
{"level":"info","message":"运行增强Agent: risk","service":"public-opinion-system","timestamp":"2026-02-12T07:22:52.118Z"}
{"level":"info","message":"神经网络风险评估Agent开始处理 5 条数据","service":"public-opinion-system","timestamp":"2026-02-12T07:22:52.118Z"}
{"level":"info","message":"主题建模完成，发现 5 个主题，5 个关键词","service":"public-opinion-system","timestamp":"2026-02-12T07:22:52.118Z"}
{"level":"info","message":"增强Agent topic 完成，置信度: 0.54，用时: 2ms","service":"public-opinion-system","timestamp":"2026-02-12T07:22:52.119Z"}
{"level":"info","message":"深度学习情感分析完成，整体情感得分: 0.00，置信度: 0.65","service":"public-opinion-system","timestamp":"2026-02-12T07:22:52.119Z"}
{"level":"info","message":"神经网络风险评估完成，整体风险等级: low, 风险评分: 0.04","service":"public-opinion-system","timestamp":"2026-02-12T07:22:52.119Z"}
{"level":"info","message":"增强Agent sentiment 完成，置信度: 0.65，用时: 3ms","service":"public-opinion-system","timestamp":"2026-02-12T07:22:52.120Z"}
{"level":"info","message":"增强Agent risk 完成，置信度: 0.67，用时: 2ms","service":"public-opinion-system","timestamp":"2026-02-12T07:22:52.120Z"}
{"level":"info","message":"第 4 轮增强分析完成，平均置信度: 0.62","service":"public-opinion-system","timestamp":"2026-02-12T07:22:52.120Z"}
{"level":"info","message":"第 4 轮智能数据增强","service":"public-opinion-system","timestamp":"2026-02-12T07:22:52.120Z"}
{"level":"info","message":"数据增强完成，原始 5 条 → 增强 5 条","service":"public-opinion-system","timestamp":"2026-02-12T07:22:52.120Z"}
{"level":"info","message":"第 5 轮增强分析开始","service":"public-opinion-system","timestamp":"2026-02-12T07:22:52.121Z"}
{"level":"info","message":"运行增强Agent: sentiment","service":"public-opinion-system","timestamp":"2026-02-12T07:22:52.121Z"}
{"level":"info","message":"深度学习情感分析开始处理 5 条数据","service":"public-opinion-system","timestamp":"2026-02-12T07:22:52.121Z"}
{"level":"info","message":"运行增强Agent: topic","service":"public-opinion-system","timestamp":"2026-02-12T07:22:52.121Z"}
{"level":"info","message":"主题建模Agent开始处理 5 条数据","service":"public-opinion-system","timestamp":"2026-02-12T07:22:52.122Z"}
{"level":"info","message":"运行增强Agent: risk","service":"public-opinion-system","timestamp":"2026-02-12T07:22:52.122Z"}
{"level":"info","message":"神经网络风险评估Agent开始处理 5 条数据","service":"public-opinion-system","timestamp":"2026-02-12T07:22:52.122Z"}
{"level":"info","message":"主题建模完成，发现 5 个主题，5 个关键词","service":"public-opinion-system","timestamp":"2026-02-12T07:22:52.123Z"}
{"level":"info","message":"增强Agent topic 完成，置信度: 0.54，用时: 3ms","service":"public-opinion-system","timestamp":"2026-02-12T07:22:52.125Z"}
{"level":"info","message":"深度学习情感分析完成，整体情感得分: 0.00，置信度: 0.65","service":"public-opinion-system","timestamp":"2026-02-12T07:22:52.125Z"}
{"level":"info","message":"神经网络风险评估完成，整体风险等级: low, 风险评分: 0.04","service":"public-opinion-system","timestamp":"2026-02-12T07:22:52.126Z"}
{"level":"info","message":"增强Agent sentiment 完成，置信度: 0.65，用时: 6ms","service":"public-opinion-system","timestamp":"2026-02-12T07:22:52.127Z"}
{"level":"info","message":"增强Agent risk 完成，置信度: 0.67，用时: 7ms","service":"public-opinion-system","timestamp":"2026-02-12T07:22:52.129Z"}
{"level":"info","message":"第 5 轮增强分析完成，平均置信度: 0.62","service":"public-opinion-system","timestamp":"2026-02-12T07:22:52.130Z"}
{"context":{"source":"unhandled_rejection"},"error":{"code":"UNKNOWN_ERROR","message":"Unhandled Promise Rejection: TypeError: Cannot read properties of null (reading 'error')","severity":"medium"},"level":"warn","message":"中级错误:","service":"public-opinion-system","timestamp":"2026-02-12T07:22:52.133Z"}
{"level":"info","message":"错误类型 undefined 不可恢复","service":"public-opinion-system","timestamp":"2026-02-12T07:22:52.133Z"}
{"level":"info","message":"初始化增强AI分析引擎V2...","service":"public-opinion-system","timestamp":"2026-02-12T07:25:14.039Z"}
{"level":"info","message":"初始化Agent: DeepLearningSentimentAgent","service":"public-opinion-system","timestamp":"2026-02-12T07:25:14.041Z"}
{"level":"info","message":"加载深度学习情感分析模型...","service":"public-opinion-system","timestamp":"2026-02-12T07:25:14.042Z"}
{"level":"info","message":"深度学习模型加载完成","service":"public-opinion-system","timestamp":"2026-02-12T07:25:14.042Z"}
{"level":"info","message":"增强Agent sentiment 初始化完成","service":"public-opinion-system","timestamp":"2026-02-12T07:25:14.043Z"}
{"level":"info","message":"初始化Agent: TopicModelingAgent","service":"public-opinion-system","timestamp":"2026-02-12T07:25:14.043Z"}
{"level":"info","message":"加载主题建模模型...","service":"public-opinion-system","timestamp":"2026-02-12T07:25:14.044Z"}
{"level":"info","message":"主题建模模型加载完成","service":"public-opinion-system","timestamp":"2026-02-12T07:25:14.044Z"}
{"level":"info","message":"增强Agent topic 初始化完成","service":"public-opinion-system","timestamp":"2026-02-12T07:25:14.044Z"}
{"level":"info","message":"初始化Agent: NeuralRiskAssessmentAgent","service":"public-opinion-system","timestamp":"2026-02-12T07:25:14.045Z"}
{"level":"info","message":"加载神经网络风险评估模型...","service":"public-opinion-system","timestamp":"2026-02-12T07:25:14.045Z"}
{"level":"info","message":"神经网络风险评估模型加载完成","service":"public-opinion-system","timestamp":"2026-02-12T07:25:14.046Z"}
{"level":"info","message":"增强Agent risk 初始化完成","service":"public-opinion-system","timestamp":"2026-02-12T07:25:14.046Z"}
{"level":"info","message":"增强AI分析引擎V2初始化完成","service":"public-opinion-system","timestamp":"2026-02-12T07:25:14.046Z"}
{"level":"info","message":"开始多源数据收集，关键词: 疫情, 平台: news","service":"public-opinion-system","timestamp":"2026-02-12T07:25:14.047Z"}
{"level":"info","message":"新闻数据源开始收集: 疫情","service":"public-opinion-system","timestamp":"2026-02-12T07:25:14.048Z"}
{"level":"info","message":"新闻数据源完成收集: 疫情, 获得 5 条数据","service":"public-opinion-system","timestamp":"2026-02-12T07:25:14.262Z"}
{"level":"info","message":"从 news 获取关键词 \"疫情\" 的 5 条数据","service":"public-opinion-system","timestamp":"2026-02-12T07:25:14.263Z"}
{"level":"info","message":"多源数据收集完成，共获得 5 条数据","service":"public-opinion-system","timestamp":"2026-02-12T07:25:15.278Z"}
{"level":"info","message":"开始增强AI分析任务 analysis_1770881115285_srcoynk91，数据量: 5，关键词: 疫情","service":"public-opinion-system","timestamp":"2026-02-12T07:25:15.285Z"}
{"level":"info","message":"第 1 轮增强分析开始","service":"public-opinion-system","timestamp":"2026-02-12T07:25:15.286Z"}
{"level":"info","message":"运行增强Agent: sentiment","service":"public-opinion-system","timestamp":"2026-02-12T07:25:15.286Z"}
{"level":"info","message":"深度学习情感分析开始处理 5 条数据","service":"public-opinion-system","timestamp":"2026-02-12T07:25:15.287Z"}
{"level":"info","message":"运行增强Agent: topic","service":"public-opinion-system","timestamp":"2026-02-12T07:25:15.288Z"}
{"level":"info","message":"主题建模Agent开始处理 5 条数据","service":"public-opinion-system","timestamp":"2026-02-12T07:25:15.288Z"}
{"level":"info","message":"运行增强Agent: risk","service":"public-opinion-system","timestamp":"2026-02-12T07:25:15.289Z"}
{"level":"info","message":"神经网络风险评估Agent开始处理 5 条数据","service":"public-opinion-system","timestamp":"2026-02-12T07:25:15.289Z"}
{"level":"info","message":"主题建模完成，发现 5 个主题，5 个关键词","service":"public-opinion-system","timestamp":"2026-02-12T07:25:15.292Z"}
{"level":"info","message":"增强Agent topic 完成，置信度: 0.54，用时: 4ms","service":"public-opinion-system","timestamp":"2026-02-12T07:25:15.292Z"}
{"level":"info","message":"深度学习情感分析完成，整体情感得分: 0.00，置信度: 0.65","service":"public-opinion-system","timestamp":"2026-02-12T07:25:15.293Z"}
{"level":"info","message":"神经网络风险评估完成，整体风险等级: low, 风险评分: 0.04","service":"public-opinion-system","timestamp":"2026-02-12T07:25:15.293Z"}
{"level":"info","message":"增强Agent sentiment 完成，置信度: 0.65，用时: 8ms","service":"public-opinion-system","timestamp":"2026-02-12T07:25:15.294Z"}
{"level":"info","message":"增强Agent risk 完成，置信度: 0.67，用时: 5ms","service":"public-opinion-system","timestamp":"2026-02-12T07:25:15.294Z"}
{"level":"info","message":"第 1 轮增强分析完成，平均置信度: 0.62","service":"public-opinion-system","timestamp":"2026-02-12T07:25:15.294Z"}
{"level":"info","message":"第 1 轮智能数据增强","service":"public-opinion-system","timestamp":"2026-02-12T07:25:15.314Z"}
{"level":"info","message":"数据增强完成，原始 5 条 → 增强 5 条","service":"public-opinion-system","timestamp":"2026-02-12T07:25:15.314Z"}
{"level":"info","message":"第 2 轮增强分析开始","service":"public-opinion-system","timestamp":"2026-02-12T07:25:15.315Z"}
{"level":"info","message":"运行增强Agent: sentiment","service":"public-opinion-system","timestamp":"2026-02-12T07:25:15.317Z"}
{"level":"info","message":"深度学习情感分析开始处理 5 条数据","service":"public-opinion-system","timestamp":"2026-02-12T07:25:15.318Z"}
{"level":"info","message":"运行增强Agent: topic","service":"public-opinion-system","timestamp":"2026-02-12T07:25:15.318Z"}
{"level":"info","message":"主题建模Agent开始处理 5 条数据","service":"public-opinion-system","timestamp":"2026-02-12T07:25:15.318Z"}
{"level":"info","message":"运行增强Agent: risk","service":"public-opinion-system","timestamp":"2026-02-12T07:25:15.319Z"}
{"level":"info","message":"神经网络风险评估Agent开始处理 5 条数据","service":"public-opinion-system","timestamp":"2026-02-12T07:25:15.319Z"}
{"level":"info","message":"主题建模完成，发现 5 个主题，5 个关键词","service":"public-opinion-system","timestamp":"2026-02-12T07:25:15.319Z"}
{"level":"info","message":"增强Agent topic 完成，置信度: 0.54，用时: 2ms","service":"public-opinion-system","timestamp":"2026-02-12T07:25:15.320Z"}
{"level":"info","message":"深度学习情感分析完成，整体情感得分: 0.00，置信度: 0.65","service":"public-opinion-system","timestamp":"2026-02-12T07:25:15.320Z"}
{"level":"info","message":"神经网络风险评估完成，整体风险等级: low, 风险评分: 0.04","service":"public-opinion-system","timestamp":"2026-02-12T07:25:15.320Z"}
{"level":"info","message":"增强Agent sentiment 完成，置信度: 0.65，用时: 3ms","service":"public-opinion-system","timestamp":"2026-02-12T07:25:15.321Z"}
{"level":"info","message":"增强Agent risk 完成，置信度: 0.67，用时: 2ms","service":"public-opinion-system","timestamp":"2026-02-12T07:25:15.321Z"}
{"level":"info","message":"第 2 轮增强分析完成，平均置信度: 0.62","service":"public-opinion-system","timestamp":"2026-02-12T07:25:15.321Z"}
{"level":"info","message":"第 2 轮智能数据增强","service":"public-opinion-system","timestamp":"2026-02-12T07:25:15.321Z"}
{"level":"info","message":"数据增强完成，原始 5 条 → 增强 5 条","service":"public-opinion-system","timestamp":"2026-02-12T07:25:15.322Z"}
{"level":"info","message":"第 3 轮增强分析开始","service":"public-opinion-system","timestamp":"2026-02-12T07:25:15.322Z"}
{"level":"info","message":"运行增强Agent: sentiment","service":"public-opinion-system","timestamp":"2026-02-12T07:25:15.322Z"}
{"level":"info","message":"深度学习情感分析开始处理 5 条数据","service":"public-opinion-system","timestamp":"2026-02-12T07:25:15.322Z"}
{"level":"info","message":"运行增强Agent: topic","service":"public-opinion-system","timestamp":"2026-02-12T07:25:15.323Z"}
{"level":"info","message":"主题建模Agent开始处理 5 条数据","service":"public-opinion-system","timestamp":"2026-02-12T07:25:15.323Z"}
{"level":"info","message":"运行增强Agent: risk","service":"public-opinion-system","timestamp":"2026-02-12T07:25:15.323Z"}
{"level":"info","message":"神经网络风险评估Agent开始处理 5 条数据","service":"public-opinion-system","timestamp":"2026-02-12T07:25:15.323Z"}
{"level":"info","message":"主题建模完成，发现 5 个主题，5 个关键词","service":"public-opinion-system","timestamp":"2026-02-12T07:25:15.324Z"}
{"level":"info","message":"增强Agent topic 完成，置信度: 0.54，用时: 1ms","service":"public-opinion-system","timestamp":"2026-02-12T07:25:15.324Z"}
{"level":"info","message":"深度学习情感分析完成，整体情感得分: 0.00，置信度: 0.65","service":"public-opinion-system","timestamp":"2026-02-12T07:25:15.324Z"}
{"level":"info","message":"神经网络风险评估完成，整体风险等级: low, 风险评分: 0.04","service":"public-opinion-system","timestamp":"2026-02-12T07:25:15.325Z"}
{"level":"info","message":"增强Agent sentiment 完成，置信度: 0.65，用时: 3ms","service":"public-opinion-system","timestamp":"2026-02-12T07:25:15.325Z"}
{"level":"info","message":"增强Agent risk 完成，置信度: 0.67，用时: 2ms","service":"public-opinion-system","timestamp":"2026-02-12T07:25:15.325Z"}
{"level":"info","message":"第 3 轮增强分析完成，平均置信度: 0.62","service":"public-opinion-system","timestamp":"2026-02-12T07:25:15.325Z"}
{"level":"info","message":"第 3 轮智能数据增强","service":"public-opinion-system","timestamp":"2026-02-12T07:25:15.326Z"}
{"level":"info","message":"数据增强完成，原始 5 条 → 增强 5 条","service":"public-opinion-system","timestamp":"2026-02-12T07:25:15.326Z"}
{"level":"info","message":"第 4 轮增强分析开始","service":"public-opinion-system","timestamp":"2026-02-12T07:25:15.326Z"}
{"level":"info","message":"运行增强Agent: sentiment","service":"public-opinion-system","timestamp":"2026-02-12T07:25:15.326Z"}
{"level":"info","message":"深度学习情感分析开始处理 5 条数据","service":"public-opinion-system","timestamp":"2026-02-12T07:25:15.327Z"}
{"level":"info","message":"运行增强Agent: topic","service":"public-opinion-system","timestamp":"2026-02-12T07:25:15.327Z"}
{"level":"info","message":"主题建模Agent开始处理 5 条数据","service":"public-opinion-system","timestamp":"2026-02-12T07:25:15.327Z"}
{"level":"info","message":"运行增强Agent: risk","service":"public-opinion-system","timestamp":"2026-02-12T07:25:15.327Z"}
{"level":"info","message":"神经网络风险评估Agent开始处理 5 条数据","service":"public-opinion-system","timestamp":"2026-02-12T07:25:15.328Z"}
{"level":"info","message":"主题建模完成，发现 5 个主题，5 个关键词","service":"public-opinion-system","timestamp":"2026-02-12T07:25:15.328Z"}
{"level":"info","message":"增强Agent topic 完成，置信度: 0.54，用时: 3ms","service":"public-opinion-system","timestamp":"2026-02-12T07:25:15.330Z"}
{"level":"info","message":"深度学习情感分析完成，整体情感得分: 0.00，置信度: 0.65","service":"public-opinion-system","timestamp":"2026-02-12T07:25:15.331Z"}
{"level":"info","message":"神经网络风险评估完成，整体风险等级: low, 风险评分: 0.04","service":"public-opinion-system","timestamp":"2026-02-12T07:25:15.331Z"}
{"level":"info","message":"增强Agent sentiment 完成，置信度: 0.65，用时: 4ms","service":"public-opinion-system","timestamp":"2026-02-12T07:25:15.331Z"}
{"level":"info","message":"增强Agent risk 完成，置信度: 0.67，用时: 3ms","service":"public-opinion-system","timestamp":"2026-02-12T07:25:15.331Z"}
{"level":"info","message":"第 4 轮增强分析完成，平均置信度: 0.62","service":"public-opinion-system","timestamp":"2026-02-12T07:25:15.332Z"}
{"level":"info","message":"第 4 轮智能数据增强","service":"public-opinion-system","timestamp":"2026-02-12T07:25:15.332Z"}
{"level":"info","message":"数据增强完成，原始 5 条 → 增强 5 条","service":"public-opinion-system","timestamp":"2026-02-12T07:25:15.332Z"}
{"level":"info","message":"第 5 轮增强分析开始","service":"public-opinion-system","timestamp":"2026-02-12T07:25:15.332Z"}
{"level":"info","message":"运行增强Agent: sentiment","service":"public-opinion-system","timestamp":"2026-02-12T07:25:15.333Z"}
{"level":"info","message":"深度学习情感分析开始处理 5 条数据","service":"public-opinion-system","timestamp":"2026-02-12T07:25:15.333Z"}
{"level":"info","message":"运行增强Agent: topic","service":"public-opinion-system","timestamp":"2026-02-12T07:25:15.333Z"}
{"level":"info","message":"主题建模Agent开始处理 5 条数据","service":"public-opinion-system","timestamp":"2026-02-12T07:25:15.333Z"}
{"level":"info","message":"运行增强Agent: risk","service":"public-opinion-system","timestamp":"2026-02-12T07:25:15.333Z"}
{"level":"info","message":"神经网络风险评估Agent开始处理 5 条数据","service":"public-opinion-system","timestamp":"2026-02-12T07:25:15.334Z"}
{"level":"info","message":"主题建模完成，发现 5 个主题，5 个关键词","service":"public-opinion-system","timestamp":"2026-02-12T07:25:15.334Z"}
{"level":"info","message":"增强Agent topic 完成，置信度: 0.54，用时: 2ms","service":"public-opinion-system","timestamp":"2026-02-12T07:25:15.335Z"}
{"level":"info","message":"深度学习情感分析完成，整体情感得分: 0.00，置信度: 0.65","service":"public-opinion-system","timestamp":"2026-02-12T07:25:15.335Z"}
{"level":"info","message":"神经网络风险评估完成，整体风险等级: low, 风险评分: 0.04","service":"public-opinion-system","timestamp":"2026-02-12T07:25:15.335Z"}
{"level":"info","message":"增强Agent sentiment 完成，置信度: 0.65，用时: 2ms","service":"public-opinion-system","timestamp":"2026-02-12T07:25:15.335Z"}
{"level":"info","message":"增强Agent risk 完成，置信度: 0.67，用时: 2ms","service":"public-opinion-system","timestamp":"2026-02-12T07:25:15.336Z"}
{"level":"info","message":"第 5 轮增强分析完成，平均置信度: 0.62","service":"public-opinion-system","timestamp":"2026-02-12T07:25:15.336Z"}
{"level":"info","message":"初始化增强AI分析引擎V2...","service":"public-opinion-system","timestamp":"2026-02-12T07:26:35.215Z"}
{"level":"info","message":"初始化Agent: DeepLearningSentimentAgent","service":"public-opinion-system","timestamp":"2026-02-12T07:26:35.217Z"}
{"level":"info","message":"加载深度学习情感分析模型...","service":"public-opinion-system","timestamp":"2026-02-12T07:26:35.218Z"}
{"level":"info","message":"深度学习模型加载完成","service":"public-opinion-system","timestamp":"2026-02-12T07:26:35.219Z"}
{"level":"info","message":"增强Agent sentiment 初始化完成","service":"public-opinion-system","timestamp":"2026-02-12T07:26:35.219Z"}
{"level":"info","message":"初始化Agent: TopicModelingAgent","service":"public-opinion-system","timestamp":"2026-02-12T07:26:35.220Z"}
{"level":"info","message":"加载主题建模模型...","service":"public-opinion-system","timestamp":"2026-02-12T07:26:35.220Z"}
{"level":"info","message":"主题建模模型加载完成","service":"public-opinion-system","timestamp":"2026-02-12T07:26:35.220Z"}
{"level":"info","message":"增强Agent topic 初始化完成","service":"public-opinion-system","timestamp":"2026-02-12T07:26:35.220Z"}
{"level":"info","message":"初始化Agent: NeuralRiskAssessmentAgent","service":"public-opinion-system","timestamp":"2026-02-12T07:26:35.221Z"}
{"level":"info","message":"加载神经网络风险评估模型...","service":"public-opinion-system","timestamp":"2026-02-12T07:26:35.221Z"}
{"level":"info","message":"神经网络风险评估模型加载完成","service":"public-opinion-system","timestamp":"2026-02-12T07:26:35.221Z"}
{"level":"info","message":"增强Agent risk 初始化完成","service":"public-opinion-system","timestamp":"2026-02-12T07:26:35.222Z"}
{"level":"info","message":"增强AI分析引擎V2初始化完成","service":"public-opinion-system","timestamp":"2026-02-12T07:26:35.222Z"}
{"level":"info","message":"开始多源数据收集，关键词: 疫情, 平台: news","service":"public-opinion-system","timestamp":"2026-02-12T07:26:35.222Z"}
{"level":"info","message":"新闻数据源开始收集: 疫情","service":"public-opinion-system","timestamp":"2026-02-12T07:26:35.223Z"}
{"level":"info","message":"新闻数据源完成收集: 疫情, 获得 5 条数据","service":"public-opinion-system","timestamp":"2026-02-12T07:26:35.396Z"}
{"level":"info","message":"从 news 获取关键词 \"疫情\" 的 5 条数据","service":"public-opinion-system","timestamp":"2026-02-12T07:26:35.396Z"}
{"level":"info","message":"多源数据收集完成，共获得 5 条数据","service":"public-opinion-system","timestamp":"2026-02-12T07:26:36.413Z"}
{"level":"info","message":"开始增强AI分析任务 analysis_1770881196420_106clt64z，数据量: 5，关键词: 疫情","service":"public-opinion-system","timestamp":"2026-02-12T07:26:36.420Z"}
{"level":"info","message":"第 1 轮增强分析开始","service":"public-opinion-system","timestamp":"2026-02-12T07:26:36.421Z"}
{"level":"info","message":"运行增强Agent: sentiment","service":"public-opinion-system","timestamp":"2026-02-12T07:26:36.421Z"}
{"level":"info","message":"深度学习情感分析开始处理 5 条数据","service":"public-opinion-system","timestamp":"2026-02-12T07:26:36.422Z"}
{"level":"info","message":"运行增强Agent: topic","service":"public-opinion-system","timestamp":"2026-02-12T07:26:36.423Z"}
{"level":"info","message":"主题建模Agent开始处理 5 条数据","service":"public-opinion-system","timestamp":"2026-02-12T07:26:36.423Z"}
{"level":"info","message":"运行增强Agent: risk","service":"public-opinion-system","timestamp":"2026-02-12T07:26:36.424Z"}
{"level":"info","message":"神经网络风险评估Agent开始处理 5 条数据","service":"public-opinion-system","timestamp":"2026-02-12T07:26:36.424Z"}
{"level":"info","message":"主题建模完成，发现 5 个主题，5 个关键词","service":"public-opinion-system","timestamp":"2026-02-12T07:26:36.427Z"}
{"level":"info","message":"增强Agent topic 完成，置信度: 0.54，用时: 4ms","service":"public-opinion-system","timestamp":"2026-02-12T07:26:36.427Z"}
{"level":"info","message":"深度学习情感分析完成，整体情感得分: 0.00，置信度: 0.65","service":"public-opinion-system","timestamp":"2026-02-12T07:26:36.428Z"}
{"level":"info","message":"神经网络风险评估完成，整体风险等级: low, 风险评分: 0.04","service":"public-opinion-system","timestamp":"2026-02-12T07:26:36.429Z"}
{"level":"info","message":"增强Agent sentiment 完成，置信度: 0.65，用时: 8ms","service":"public-opinion-system","timestamp":"2026-02-12T07:26:36.429Z"}
{"level":"info","message":"增强Agent risk 完成，置信度: 0.67，用时: 5ms","service":"public-opinion-system","timestamp":"2026-02-12T07:26:36.429Z"}
{"level":"info","message":"第 1 轮增强分析完成，平均置信度: 0.62","service":"public-opinion-system","timestamp":"2026-02-12T07:26:36.430Z"}
{"level":"info","message":"第 1 轮智能数据增强","service":"public-opinion-system","timestamp":"2026-02-12T07:26:36.430Z"}
{"level":"info","message":"数据增强完成，原始 5 条 → 增强 5 条","service":"public-opinion-system","timestamp":"2026-02-12T07:26:36.434Z"}
{"level":"info","message":"第 2 轮增强分析开始","service":"public-opinion-system","timestamp":"2026-02-12T07:26:36.434Z"}
{"level":"info","message":"运行增强Agent: sentiment","service":"public-opinion-system","timestamp":"2026-02-12T07:26:36.435Z"}
{"level":"info","message":"深度学习情感分析开始处理 5 条数据","service":"public-opinion-system","timestamp":"2026-02-12T07:26:36.435Z"}
{"level":"info","message":"运行增强Agent: topic","service":"public-opinion-system","timestamp":"2026-02-12T07:26:36.435Z"}
{"level":"info","message":"主题建模Agent开始处理 5 条数据","service":"public-opinion-system","timestamp":"2026-02-12T07:26:36.435Z"}
{"level":"info","message":"运行增强Agent: risk","service":"public-opinion-system","timestamp":"2026-02-12T07:26:36.436Z"}
{"level":"info","message":"神经网络风险评估Agent开始处理 5 条数据","service":"public-opinion-system","timestamp":"2026-02-12T07:26:36.436Z"}
{"level":"info","message":"主题建模完成，发现 5 个主题，5 个关键词","service":"public-opinion-system","timestamp":"2026-02-12T07:26:36.436Z"}
{"level":"info","message":"增强Agent topic 完成，置信度: 0.54，用时: 2ms","service":"public-opinion-system","timestamp":"2026-02-12T07:26:36.437Z"}
{"level":"info","message":"深度学习情感分析完成，整体情感得分: 0.00，置信度: 0.65","service":"public-opinion-system","timestamp":"2026-02-12T07:26:36.437Z"}
{"level":"info","message":"神经网络风险评估完成，整体风险等级: low, 风险评分: 0.04","service":"public-opinion-system","timestamp":"2026-02-12T07:26:36.437Z"}
{"level":"info","message":"增强Agent sentiment 完成，置信度: 0.65，用时: 3ms","service":"public-opinion-system","timestamp":"2026-02-12T07:26:36.438Z"}
{"level":"info","message":"增强Agent risk 完成，置信度: 0.67，用时: 2ms","service":"public-opinion-system","timestamp":"2026-02-12T07:26:36.438Z"}
{"level":"info","message":"第 2 轮增强分析完成，平均置信度: 0.62","service":"public-opinion-system","timestamp":"2026-02-12T07:26:36.438Z"}
{"level":"info","message":"第 2 轮智能数据增强","service":"public-opinion-system","timestamp":"2026-02-12T07:26:36.439Z"}
{"level":"info","message":"数据增强完成，原始 5 条 → 增强 5 条","service":"public-opinion-system","timestamp":"2026-02-12T07:26:36.439Z"}
{"level":"info","message":"第 3 轮增强分析开始","service":"public-opinion-system","timestamp":"2026-02-12T07:26:36.439Z"}
{"level":"info","message":"运行增强Agent: sentiment","service":"public-opinion-system","timestamp":"2026-02-12T07:26:36.440Z"}
{"level":"info","message":"深度学习情感分析开始处理 5 条数据","service":"public-opinion-system","timestamp":"2026-02-12T07:26:36.440Z"}
{"level":"info","message":"运行增强Agent: topic","service":"public-opinion-system","timestamp":"2026-02-12T07:26:36.440Z"}
{"level":"info","message":"主题建模Agent开始处理 5 条数据","service":"public-opinion-system","timestamp":"2026-02-12T07:26:36.440Z"}
{"level":"info","message":"运行增强Agent: risk","service":"public-opinion-system","timestamp":"2026-02-12T07:26:36.441Z"}
{"level":"info","message":"神经网络风险评估Agent开始处理 5 条数据","service":"public-opinion-system","timestamp":"2026-02-12T07:26:36.441Z"}
{"level":"info","message":"主题建模完成，发现 5 个主题，5 个关键词","service":"public-opinion-system","timestamp":"2026-02-12T07:26:36.442Z"}
{"level":"info","message":"增强Agent topic 完成，置信度: 0.54，用时: 2ms","service":"public-opinion-system","timestamp":"2026-02-12T07:26:36.442Z"}
{"level":"info","message":"深度学习情感分析完成，整体情感得分: 0.00，置信度: 0.65","service":"public-opinion-system","timestamp":"2026-02-12T07:26:36.442Z"}
{"level":"info","message":"神经网络风险评估完成，整体风险等级: low, 风险评分: 0.04","service":"public-opinion-system","timestamp":"2026-02-12T07:26:36.443Z"}
{"level":"info","message":"增强Agent sentiment 完成，置信度: 0.65，用时: 3ms","service":"public-opinion-system","timestamp":"2026-02-12T07:26:36.443Z"}
{"level":"info","message":"增强Agent risk 完成，置信度: 0.67，用时: 2ms","service":"public-opinion-system","timestamp":"2026-02-12T07:26:36.443Z"}
{"level":"info","message":"第 3 轮增强分析完成，平均置信度: 0.62","service":"public-opinion-system","timestamp":"2026-02-12T07:26:36.443Z"}
{"level":"info","message":"第 3 轮智能数据增强","service":"public-opinion-system","timestamp":"2026-02-12T07:26:36.444Z"}
{"level":"info","message":"数据增强完成，原始 5 条 → 增强 5 条","service":"public-opinion-system","timestamp":"2026-02-12T07:26:36.444Z"}
{"level":"info","message":"第 4 轮增强分析开始","service":"public-opinion-system","timestamp":"2026-02-12T07:26:36.444Z"}
{"level":"info","message":"运行增强Agent: sentiment","service":"public-opinion-system","timestamp":"2026-02-12T07:26:36.444Z"}
{"level":"info","message":"深度学习情感分析开始处理 5 条数据","service":"public-opinion-system","timestamp":"2026-02-12T07:26:36.444Z"}
{"level":"info","message":"运行增强Agent: topic","service":"public-opinion-system","timestamp":"2026-02-12T07:26:36.445Z"}
{"level":"info","message":"主题建模Agent开始处理 5 条数据","service":"public-opinion-system","timestamp":"2026-02-12T07:26:36.445Z"}
{"level":"info","message":"运行增强Agent: risk","service":"public-opinion-system","timestamp":"2026-02-12T07:26:36.445Z"}
{"level":"info","message":"神经网络风险评估Agent开始处理 5 条数据","service":"public-opinion-system","timestamp":"2026-02-12T07:26:36.445Z"}
{"level":"info","message":"主题建模完成，发现 5 个主题，5 个关键词","service":"public-opinion-system","timestamp":"2026-02-12T07:26:36.446Z"}
{"level":"info","message":"增强Agent topic 完成，置信度: 0.54，用时: 1ms","service":"public-opinion-system","timestamp":"2026-02-12T07:26:36.446Z"}
{"level":"info","message":"深度学习情感分析完成，整体情感得分: 0.00，置信度: 0.65","service":"public-opinion-system","timestamp":"2026-02-12T07:26:36.446Z"}
{"level":"info","message":"神经网络风险评估完成，整体风险等级: low, 风险评分: 0.04","service":"public-opinion-system","timestamp":"2026-02-12T07:26:36.447Z"}
{"level":"info","message":"增强Agent sentiment 完成，置信度: 0.65，用时: 4ms","service":"public-opinion-system","timestamp":"2026-02-12T07:26:36.448Z"}
{"level":"info","message":"增强Agent risk 完成，置信度: 0.67，用时: 4ms","service":"public-opinion-system","timestamp":"2026-02-12T07:26:36.449Z"}
{"level":"info","message":"第 4 轮增强分析完成，平均置信度: 0.62","service":"public-opinion-system","timestamp":"2026-02-12T07:26:36.450Z"}
{"level":"info","message":"第 4 轮智能数据增强","service":"public-opinion-system","timestamp":"2026-02-12T07:26:36.453Z"}
{"level":"info","message":"数据增强完成，原始 5 条 → 增强 5 条","service":"public-opinion-system","timestamp":"2026-02-12T07:26:36.453Z"}
{"level":"info","message":"第 5 轮增强分析开始","service":"public-opinion-system","timestamp":"2026-02-12T07:26:36.454Z"}
{"level":"info","message":"运行增强Agent: sentiment","service":"public-opinion-system","timestamp":"2026-02-12T07:26:36.454Z"}
{"level":"info","message":"深度学习情感分析开始处理 5 条数据","service":"public-opinion-system","timestamp":"2026-02-12T07:26:36.454Z"}
{"level":"info","message":"运行增强Agent: topic","service":"public-opinion-system","timestamp":"2026-02-12T07:26:36.454Z"}
{"level":"info","message":"主题建模Agent开始处理 5 条数据","service":"public-opinion-system","timestamp":"2026-02-12T07:26:36.454Z"}
{"level":"info","message":"运行增强Agent: risk","service":"public-opinion-system","timestamp":"2026-02-12T07:26:36.455Z"}
{"level":"info","message":"神经网络风险评估Agent开始处理 5 条数据","service":"public-opinion-system","timestamp":"2026-02-12T07:26:36.455Z"}
{"level":"info","message":"主题建模完成，发现 5 个主题，5 个关键词","service":"public-opinion-system","timestamp":"2026-02-12T07:26:36.455Z"}
{"level":"info","message":"增强Agent topic 完成，置信度: 0.54，用时: 2ms","service":"public-opinion-system","timestamp":"2026-02-12T07:26:36.456Z"}
{"level":"info","message":"深度学习情感分析完成，整体情感得分: 0.00，置信度: 0.65","service":"public-opinion-system","timestamp":"2026-02-12T07:26:36.456Z"}
{"level":"info","message":"神经网络风险评估完成，整体风险等级: low, 风险评分: 0.04","service":"public-opinion-system","timestamp":"2026-02-12T07:26:36.456Z"}
{"level":"info","message":"增强Agent sentiment 完成，置信度: 0.65，用时: 3ms","service":"public-opinion-system","timestamp":"2026-02-12T07:26:36.457Z"}
{"level":"info","message":"增强Agent risk 完成，置信度: 0.67，用时: 2ms","service":"public-opinion-system","timestamp":"2026-02-12T07:26:36.457Z"}
{"level":"info","message":"第 5 轮增强分析完成，平均置信度: 0.62","service":"public-opinion-system","timestamp":"2026-02-12T07:26:36.457Z"}
{"level":"info","message":"增强AI分析任务 analysis_1770881196420_106clt64z 完成，共进行 5 轮分析","service":"public-opinion-system","timestamp":"2026-02-12T07:26:36.458Z"}
{"level":"info","message":"初始化增强AI分析引擎V2...","service":"public-opinion-system","timestamp":"2026-02-12T07:26:49.252Z"}
{"level":"info","message":"初始化Agent: DeepLearningSentimentAgent","service":"public-opinion-system","timestamp":"2026-02-12T07:26:49.255Z"}
{"level":"info","message":"加载深度学习情感分析模型...","service":"public-opinion-system","timestamp":"2026-02-12T07:26:49.256Z"}
{"level":"info","message":"深度学习模型加载完成","service":"public-opinion-system","timestamp":"2026-02-12T07:26:49.257Z"}
{"level":"info","message":"增强Agent sentiment 初始化完成","service":"public-opinion-system","timestamp":"2026-02-12T07:26:49.258Z"}
{"level":"info","message":"初始化Agent: TopicModelingAgent","service":"public-opinion-system","timestamp":"2026-02-12T07:26:49.258Z"}
{"level":"info","message":"加载主题建模模型...","service":"public-opinion-system","timestamp":"2026-02-12T07:26:49.259Z"}
{"level":"info","message":"主题建模模型加载完成","service":"public-opinion-system","timestamp":"2026-02-12T07:26:49.259Z"}
{"level":"info","message":"增强Agent topic 初始化完成","service":"public-opinion-system","timestamp":"2026-02-12T07:26:49.259Z"}
{"level":"info","message":"初始化Agent: NeuralRiskAssessmentAgent","service":"public-opinion-system","timestamp":"2026-02-12T07:26:49.260Z"}
{"level":"info","message":"加载神经网络风险评估模型...","service":"public-opinion-system","timestamp":"2026-02-12T07:26:49.263Z"}
{"level":"info","message":"神经网络风险评估模型加载完成","service":"public-opinion-system","timestamp":"2026-02-12T07:26:49.263Z"}
{"level":"info","message":"增强Agent risk 初始化完成","service":"public-opinion-system","timestamp":"2026-02-12T07:26:49.264Z"}
{"level":"info","message":"增强AI分析引擎V2初始化完成","service":"public-opinion-system","timestamp":"2026-02-12T07:26:49.264Z"}
{"level":"info","message":"启动技能管理器...","service":"public-opinion-system","timestamp":"2026-02-12T07:26:49.265Z"}
{"level":"info","message":"加载技能: DataCleaningSkill v1.0.0","service":"public-opinion-system","timestamp":"2026-02-12T07:26:49.269Z"}
{"level":"info","message":"技能管理器启动完成","service":"public-opinion-system","timestamp":"2026-02-12T07:26:49.269Z"}
{"level":"info","message":"开始多源数据收集，关键词: 疫情, 平台: news","service":"public-opinion-system","timestamp":"2026-02-12T07:26:49.271Z"}
{"level":"info","message":"新闻数据源开始收集: 疫情","service":"public-opinion-system","timestamp":"2026-02-12T07:26:49.271Z"}
{"level":"info","message":"新闻数据源完成收集: 疫情, 获得 5 条数据","service":"public-opinion-system","timestamp":"2026-02-12T07:26:49.452Z"}
{"level":"info","message":"从 news 获取关键词 \"疫情\" 的 5 条数据","service":"public-opinion-system","timestamp":"2026-02-12T07:26:49.452Z"}
{"level":"info","message":"多源数据收集完成，共获得 5 条数据","service":"public-opinion-system","timestamp":"2026-02-12T07:26:50.452Z"}
{"level":"info","message":"开始增强AI分析任务 analysis_1770881210453_bzairp1j2，数据量: 5，关键词: 疫情","service":"public-opinion-system","timestamp":"2026-02-12T07:26:50.453Z"}
{"level":"info","message":"第 1 轮增强分析开始","service":"public-opinion-system","timestamp":"2026-02-12T07:26:50.454Z"}
{"level":"info","message":"运行增强Agent: sentiment","service":"public-opinion-system","timestamp":"2026-02-12T07:26:50.454Z"}
{"level":"info","message":"深度学习情感分析开始处理 5 条数据","service":"public-opinion-system","timestamp":"2026-02-12T07:26:50.454Z"}
{"level":"info","message":"运行增强Agent: topic","service":"public-opinion-system","timestamp":"2026-02-12T07:26:50.455Z"}
{"level":"info","message":"主题建模Agent开始处理 5 条数据","service":"public-opinion-system","timestamp":"2026-02-12T07:26:50.456Z"}
{"level":"info","message":"运行增强Agent: risk","service":"public-opinion-system","timestamp":"2026-02-12T07:26:50.457Z"}
{"level":"info","message":"神经网络风险评估Agent开始处理 5 条数据","service":"public-opinion-system","timestamp":"2026-02-12T07:26:50.457Z"}
{"level":"info","message":"主题建模完成，发现 5 个主题，5 个关键词","service":"public-opinion-system","timestamp":"2026-02-12T07:26:50.459Z"}
{"level":"info","message":"增强Agent topic 完成，置信度: 0.54，用时: 3ms","service":"public-opinion-system","timestamp":"2026-02-12T07:26:50.459Z"}
{"level":"info","message":"深度学习情感分析完成，整体情感得分: 0.00，置信度: 0.65","service":"public-opinion-system","timestamp":"2026-02-12T07:26:50.460Z"}
{"level":"info","message":"神经网络风险评估完成，整体风险等级: low, 风险评分: 0.04","service":"public-opinion-system","timestamp":"2026-02-12T07:26:50.461Z"}
{"level":"info","message":"增强Agent sentiment 完成，置信度: 0.65，用时: 7ms","service":"public-opinion-system","timestamp":"2026-02-12T07:26:50.461Z"}
{"level":"info","message":"增强Agent risk 完成，置信度: 0.67，用时: 5ms","service":"public-opinion-system","timestamp":"2026-02-12T07:26:50.462Z"}
{"level":"info","message":"第 1 轮增强分析完成，平均置信度: 0.62","service":"public-opinion-system","timestamp":"2026-02-12T07:26:50.462Z"}
{"level":"info","message":"第 1 轮智能数据增强","service":"public-opinion-system","timestamp":"2026-02-12T07:26:50.463Z"}
{"level":"info","message":"数据增强完成，原始 5 条 → 增强 5 条","service":"public-opinion-system","timestamp":"2026-02-12T07:26:50.463Z"}
{"level":"info","message":"第 2 轮增强分析开始","service":"public-opinion-system","timestamp":"2026-02-12T07:26:50.463Z"}
{"level":"info","message":"运行增强Agent: sentiment","service":"public-opinion-system","timestamp":"2026-02-12T07:26:50.463Z"}
{"level":"info","message":"深度学习情感分析开始处理 5 条数据","service":"public-opinion-system","timestamp":"2026-02-12T07:26:50.464Z"}
{"level":"info","message":"运行增强Agent: topic","service":"public-opinion-system","timestamp":"2026-02-12T07:26:50.464Z"}
{"level":"info","message":"主题建模Agent开始处理 5 条数据","service":"public-opinion-system","timestamp":"2026-02-12T07:26:50.465Z"}
{"level":"info","message":"运行增强Agent: risk","service":"public-opinion-system","timestamp":"2026-02-12T07:26:50.465Z"}
{"level":"info","message":"神经网络风险评估Agent开始处理 5 条数据","service":"public-opinion-system","timestamp":"2026-02-12T07:26:50.466Z"}
{"level":"info","message":"主题建模完成，发现 5 个主题，5 个关键词","service":"public-opinion-system","timestamp":"2026-02-12T07:26:50.467Z"}
{"level":"info","message":"增强Agent topic 完成，置信度: 0.54，用时: 2ms","service":"public-opinion-system","timestamp":"2026-02-12T07:26:50.467Z"}
{"level":"info","message":"深度学习情感分析完成，整体情感得分: 0.00，置信度: 0.65","service":"public-opinion-system","timestamp":"2026-02-12T07:26:50.467Z"}
{"level":"info","message":"神经网络风险评估完成，整体风险等级: low, 风险评分: 0.04","service":"public-opinion-system","timestamp":"2026-02-12T07:26:50.468Z"}
{"level":"info","message":"增强Agent sentiment 完成，置信度: 0.65，用时: 4ms","service":"public-opinion-system","timestamp":"2026-02-12T07:26:50.468Z"}
{"level":"info","message":"增强Agent risk 完成，置信度: 0.67，用时: 2ms","service":"public-opinion-system","timestamp":"2026-02-12T07:26:50.468Z"}
{"level":"info","message":"第 2 轮增强分析完成，平均置信度: 0.62","service":"public-opinion-system","timestamp":"2026-02-12T07:26:50.469Z"}
{"level":"info","message":"第 2 轮智能数据增强","service":"public-opinion-system","timestamp":"2026-02-12T07:26:50.469Z"}
{"level":"info","message":"数据增强完成，原始 5 条 → 增强 5 条","service":"public-opinion-system","timestamp":"2026-02-12T07:26:50.469Z"}
{"level":"info","message":"第 3 轮增强分析开始","service":"public-opinion-system","timestamp":"2026-02-12T07:26:50.469Z"}
{"level":"info","message":"运行增强Agent: sentiment","service":"public-opinion-system","timestamp":"2026-02-12T07:26:50.470Z"}
{"level":"info","message":"深度学习情感分析开始处理 5 条数据","service":"public-opinion-system","timestamp":"2026-02-12T07:26:50.470Z"}
{"level":"info","message":"运行增强Agent: topic","service":"public-opinion-system","timestamp":"2026-02-12T07:26:50.470Z"}
{"level":"info","message":"主题建模Agent开始处理 5 条数据","service":"public-opinion-system","timestamp":"2026-02-12T07:26:50.470Z"}
{"level":"info","message":"运行增强Agent: risk","service":"public-opinion-system","timestamp":"2026-02-12T07:26:50.470Z"}
{"level":"info","message":"神经网络风险评估Agent开始处理 5 条数据","service":"public-opinion-system","timestamp":"2026-02-12T07:26:50.471Z"}
{"level":"info","message":"主题建模完成，发现 5 个主题，5 个关键词","service":"public-opinion-system","timestamp":"2026-02-12T07:26:50.471Z"}
{"level":"info","message":"增强Agent topic 完成，置信度: 0.54，用时: 1ms","service":"public-opinion-system","timestamp":"2026-02-12T07:26:50.471Z"}
{"level":"info","message":"深度学习情感分析完成，整体情感得分: 0.00，置信度: 0.65","service":"public-opinion-system","timestamp":"2026-02-12T07:26:50.472Z"}
{"level":"info","message":"神经网络风险评估完成，整体风险等级: low, 风险评分: 0.04","service":"public-opinion-system","timestamp":"2026-02-12T07:26:50.472Z"}
{"level":"info","message":"增强Agent sentiment 完成，置信度: 0.65，用时: 2ms","service":"public-opinion-system","timestamp":"2026-02-12T07:26:50.472Z"}
{"level":"info","message":"增强Agent risk 完成，置信度: 0.67，用时: 2ms","service":"public-opinion-system","timestamp":"2026-02-12T07:26:50.473Z"}
{"level":"info","message":"第 3 轮增强分析完成，平均置信度: 0.62","service":"public-opinion-system","timestamp":"2026-02-12T07:26:50.473Z"}
{"level":"info","message":"第 3 轮智能数据增强","service":"public-opinion-system","timestamp":"2026-02-12T07:26:50.473Z"}
{"level":"info","message":"数据增强完成，原始 5 条 → 增强 5 条","service":"public-opinion-system","timestamp":"2026-02-12T07:26:50.473Z"}
{"level":"info","message":"第 4 轮增强分析开始","service":"public-opinion-system","timestamp":"2026-02-12T07:26:50.474Z"}
{"level":"info","message":"运行增强Agent: sentiment","service":"public-opinion-system","timestamp":"2026-02-12T07:26:50.474Z"}
{"level":"info","message":"深度学习情感分析开始处理 5 条数据","service":"public-opinion-system","timestamp":"2026-02-12T07:26:50.474Z"}
{"level":"info","message":"运行增强Agent: topic","service":"public-opinion-system","timestamp":"2026-02-12T07:26:50.474Z"}
{"level":"info","message":"主题建模Agent开始处理 5 条数据","service":"public-opinion-system","timestamp":"2026-02-12T07:26:50.475Z"}
{"level":"info","message":"运行增强Agent: risk","service":"public-opinion-system","timestamp":"2026-02-12T07:26:50.475Z"}
{"level":"info","message":"神经网络风险评估Agent开始处理 5 条数据","service":"public-opinion-system","timestamp":"2026-02-12T07:26:50.475Z"}
{"level":"info","message":"主题建模完成，发现 5 个主题，5 个关键词","service":"public-opinion-system","timestamp":"2026-02-12T07:26:50.476Z"}
{"level":"info","message":"增强Agent topic 完成，置信度: 0.54，用时: 1ms","service":"public-opinion-system","timestamp":"2026-02-12T07:26:50.476Z"}
{"level":"info","message":"深度学习情感分析完成，整体情感得分: 0.00，置信度: 0.65","service":"public-opinion-system","timestamp":"2026-02-12T07:26:50.476Z"}
{"level":"info","message":"神经网络风险评估完成，整体风险等级: low, 风险评分: 0.04","service":"public-opinion-system","timestamp":"2026-02-12T07:26:50.477Z"}
{"level":"info","message":"增强Agent sentiment 完成，置信度: 0.65，用时: 3ms","service":"public-opinion-system","timestamp":"2026-02-12T07:26:50.477Z"}
{"level":"info","message":"增强Agent risk 完成，置信度: 0.67，用时: 2ms","service":"public-opinion-system","timestamp":"2026-02-12T07:26:50.477Z"}
{"level":"info","message":"第 4 轮增强分析完成，平均置信度: 0.62","service":"public-opinion-system","timestamp":"2026-02-12T07:26:50.477Z"}
{"level":"info","message":"第 4 轮智能数据增强","service":"public-opinion-system","timestamp":"2026-02-12T07:26:50.477Z"}
{"level":"info","message":"数据增强完成，原始 5 条 → 增强 5 条","service":"public-opinion-system","timestamp":"2026-02-12T07:26:50.478Z"}
{"level":"info","message":"第 5 轮增强分析开始","service":"public-opinion-system","timestamp":"2026-02-12T07:26:50.478Z"}
{"level":"info","message":"运行增强Agent: sentiment","service":"public-opinion-system","timestamp":"2026-02-12T07:26:50.478Z"}
{"level":"info","message":"深度学习情感分析开始处理 5 条数据","service":"public-opinion-system","timestamp":"2026-02-12T07:26:50.478Z"}
{"level":"info","message":"运行增强Agent: topic","service":"public-opinion-system","timestamp":"2026-02-12T07:26:50.479Z"}
{"level":"info","message":"主题建模Agent开始处理 5 条数据","service":"public-opinion-system","timestamp":"2026-02-12T07:26:50.479Z"}
{"level":"info","message":"运行增强Agent: risk","service":"public-opinion-system","timestamp":"2026-02-12T07:26:50.479Z"}
{"level":"info","message":"神经网络风险评估Agent开始处理 5 条数据","service":"public-opinion-system","timestamp":"2026-02-12T07:26:50.479Z"}
{"level":"info","message":"主题建模完成，发现 5 个主题，5 个关键词","service":"public-opinion-system","timestamp":"2026-02-12T07:26:50.480Z"}
{"level":"info","message":"增强Agent topic 完成，置信度: 0.54，用时: 5ms","service":"public-opinion-system","timestamp":"2026-02-12T07:26:50.484Z"}
{"level":"info","message":"深度学习情感分析完成，整体情感得分: 0.00，置信度: 0.65","service":"public-opinion-system","timestamp":"2026-02-12T07:26:50.484Z"}
{"level":"info","message":"神经网络风险评估完成，整体风险等级: low, 风险评分: 0.04","service":"public-opinion-system","timestamp":"2026-02-12T07:26:50.485Z"}
{"level":"info","message":"增强Agent sentiment 完成，置信度: 0.65，用时: 7ms","service":"public-opinion-system","timestamp":"2026-02-12T07:26:50.485Z"}
{"level":"info","message":"增强Agent risk 完成，置信度: 0.67，用时: 6ms","service":"public-opinion-system","timestamp":"2026-02-12T07:26:50.485Z"}
{"level":"info","message":"第 5 轮增强分析完成，平均置信度: 0.62","service":"public-opinion-system","timestamp":"2026-02-12T07:26:50.485Z"}
{"level":"info","message":"增强AI分析任务 analysis_1770881210453_bzairp1j2 完成，共进行 5 轮分析","service":"public-opinion-system","timestamp":"2026-02-12T07:26:50.486Z"}
{"level":"info","message":"清理过期会话: session_1770879287069_jueeif847","service":"public-opinion-system","timestamp":"2026-02-12T07:29:47.082Z"}
{"level":"info","message":"初始化增强AI分析引擎V2...","service":"public-opinion-system","timestamp":"2026-02-12T07:30:54.686Z"}
{"level":"info","message":"初始化Agent: DeepLearningSentimentAgent","service":"public-opinion-system","timestamp":"2026-02-12T07:30:54.689Z"}
{"level":"info","message":"加载深度学习情感分析模型...","service":"public-opinion-system","timestamp":"2026-02-12T07:30:54.691Z"}
{"level":"info","message":"深度学习模型加载完成","service":"public-opinion-system","timestamp":"2026-02-12T07:30:54.691Z"}
{"level":"info","message":"增强Agent sentiment 初始化完成","service":"public-opinion-system","timestamp":"2026-02-12T07:30:54.692Z"}
{"level":"info","message":"初始化Agent: TopicModelingAgent","service":"public-opinion-system","timestamp":"2026-02-12T07:30:54.692Z"}
{"level":"info","message":"加载主题建模模型...","service":"public-opinion-system","timestamp":"2026-02-12T07:30:54.692Z"}
{"level":"info","message":"主题建模模型加载完成","service":"public-opinion-system","timestamp":"2026-02-12T07:30:54.693Z"}
{"level":"info","message":"增强Agent topic 初始化完成","service":"public-opinion-system","timestamp":"2026-02-12T07:30:54.693Z"}
{"level":"info","message":"初始化Agent: NeuralRiskAssessmentAgent","service":"public-opinion-system","timestamp":"2026-02-12T07:30:54.693Z"}
{"level":"info","message":"加载神经网络风险评估模型...","service":"public-opinion-system","timestamp":"2026-02-12T07:30:54.694Z"}
{"level":"info","message":"神经网络风险评估模型加载完成","service":"public-opinion-system","timestamp":"2026-02-12T07:30:54.694Z"}
{"level":"info","message":"增强Agent risk 初始化完成","service":"public-opinion-system","timestamp":"2026-02-12T07:30:54.694Z"}
{"level":"info","message":"增强AI分析引擎V2初始化完成","service":"public-opinion-system","timestamp":"2026-02-12T07:30:54.694Z"}
{"level":"info","message":"启动技能管理器...","service":"public-opinion-system","timestamp":"2026-02-12T07:30:54.695Z"}
{"level":"info","message":"加载技能: DataCleaningSkill v1.0.0","service":"public-opinion-system","timestamp":"2026-02-12T07:30:54.699Z"}
{"level":"info","message":"技能管理器启动完成","service":"public-opinion-system","timestamp":"2026-02-12T07:30:54.699Z"}
{"level":"info","message":"开始多源数据收集，关键词: 火箭回收, 平台: news","service":"public-opinion-system","timestamp":"2026-02-12T07:30:54.700Z"}
{"level":"info","message":"新闻数据源开始收集: 火箭回收","service":"public-opinion-system","timestamp":"2026-02-12T07:30:54.700Z"}
{"level":"info","message":"新闻数据源完成收集: 火箭回收, 获得 5 条数据","service":"public-opinion-system","timestamp":"2026-02-12T07:30:54.900Z"}
{"level":"info","message":"从 news 获取关键词 \"火箭回收\" 的 5 条数据","service":"public-opinion-system","timestamp":"2026-02-12T07:30:54.901Z"}
{"level":"info","message":"多源数据收集完成，共获得 5 条数据","service":"public-opinion-system","timestamp":"2026-02-12T07:30:55.901Z"}
{"level":"info","message":"初始化增强AI分析引擎V2...","service":"public-opinion-system","timestamp":"2026-02-12T07:31:09.987Z"}
{"level":"info","message":"初始化Agent: DeepLearningSentimentAgent","service":"public-opinion-system","timestamp":"2026-02-12T07:31:09.989Z"}
{"level":"info","message":"加载深度学习情感分析模型...","service":"public-opinion-system","timestamp":"2026-02-12T07:31:09.994Z"}
{"level":"info","message":"深度学习模型加载完成","service":"public-opinion-system","timestamp":"2026-02-12T07:31:09.995Z"}
{"level":"info","message":"增强Agent sentiment 初始化完成","service":"public-opinion-system","timestamp":"2026-02-12T07:31:09.995Z"}
{"level":"info","message":"初始化Agent: TopicModelingAgent","service":"public-opinion-system","timestamp":"2026-02-12T07:31:09.995Z"}
{"level":"info","message":"加载主题建模模型...","service":"public-opinion-system","timestamp":"2026-02-12T07:31:09.996Z"}
{"level":"info","message":"主题建模模型加载完成","service":"public-opinion-system","timestamp":"2026-02-12T07:31:09.996Z"}
{"level":"info","message":"增强Agent topic 初始化完成","service":"public-opinion-system","timestamp":"2026-02-12T07:31:09.997Z"}
{"level":"info","message":"初始化Agent: NeuralRiskAssessmentAgent","service":"public-opinion-system","timestamp":"2026-02-12T07:31:09.998Z"}
{"level":"info","message":"加载神经网络风险评估模型...","service":"public-opinion-system","timestamp":"2026-02-12T07:31:09.999Z"}
{"level":"info","message":"神经网络风险评估模型加载完成","service":"public-opinion-system","timestamp":"2026-02-12T07:31:09.999Z"}
{"level":"info","message":"增强Agent risk 初始化完成","service":"public-opinion-system","timestamp":"2026-02-12T07:31:09.999Z"}
{"level":"info","message":"增强AI分析引擎V2初始化完成","service":"public-opinion-system","timestamp":"2026-02-12T07:31:09.999Z"}
{"level":"info","message":"启动技能管理器...","service":"public-opinion-system","timestamp":"2026-02-12T07:31:10.000Z"}
{"level":"info","message":"加载技能: DataCleaningSkill v1.0.0","service":"public-opinion-system","timestamp":"2026-02-12T07:31:10.003Z"}
{"level":"info","message":"技能管理器启动完成","service":"public-opinion-system","timestamp":"2026-02-12T07:31:10.003Z"}
{"level":"info","message":"开始多源数据收集，关键词: 火箭回收, 平台: news","service":"public-opinion-system","timestamp":"2026-02-12T07:31:10.006Z"}
{"level":"info","message":"新闻数据源开始收集: 火箭回收","service":"public-opinion-system","timestamp":"2026-02-12T07:31:10.006Z"}
{"level":"info","message":"新闻数据源完成收集: 火箭回收, 获得 5 条数据","service":"public-opinion-system","timestamp":"2026-02-12T07:31:10.177Z"}
{"level":"info","message":"从 news 获取关键词 \"火箭回收\" 的 5 条数据","service":"public-opinion-system","timestamp":"2026-02-12T07:31:10.177Z"}
{"level":"info","message":"多源数据收集完成，共获得 5 条数据","service":"public-opinion-system","timestamp":"2026-02-12T07:31:11.180Z"}
{"level":"info","message":"开始增强AI分析任务 analysis_1770881471181_wpqalghrh，数据量: 5，关键词: 火箭回收","service":"public-opinion-system","timestamp":"2026-02-12T07:31:11.181Z"}
{"level":"info","message":"第 1 轮增强分析开始","service":"public-opinion-system","timestamp":"2026-02-12T07:31:11.181Z"}
{"level":"info","message":"运行增强Agent: sentiment","service":"public-opinion-system","timestamp":"2026-02-12T07:31:11.182Z"}
{"level":"info","message":"深度学习情感分析开始处理 5 条数据","service":"public-opinion-system","timestamp":"2026-02-12T07:31:11.183Z"}
{"level":"info","message":"运行增强Agent: topic","service":"public-opinion-system","timestamp":"2026-02-12T07:31:11.184Z"}
{"level":"info","message":"主题建模Agent开始处理 5 条数据","service":"public-opinion-system","timestamp":"2026-02-12T07:31:11.184Z"}
{"level":"info","message":"运行增强Agent: risk","service":"public-opinion-system","timestamp":"2026-02-12T07:31:11.185Z"}
{"level":"info","message":"神经网络风险评估Agent开始处理 5 条数据","service":"public-opinion-system","timestamp":"2026-02-12T07:31:11.185Z"}
{"level":"info","message":"主题建模完成，发现 5 个主题，5 个关键词","service":"public-opinion-system","timestamp":"2026-02-12T07:31:11.188Z"}
{"level":"info","message":"增强Agent topic 完成，置信度: 0.54，用时: 4ms","service":"public-opinion-system","timestamp":"2026-02-12T07:31:11.188Z"}
{"level":"info","message":"深度学习情感分析完成，整体情感得分: 0.00，置信度: 0.65","service":"public-opinion-system","timestamp":"2026-02-12T07:31:11.189Z"}
{"level":"info","message":"神经网络风险评估完成，整体风险等级: low, 风险评分: 0.04","service":"public-opinion-system","timestamp":"2026-02-12T07:31:11.191Z"}
{"level":"info","message":"增强Agent sentiment 完成，置信度: 0.65，用时: 8ms","service":"public-opinion-system","timestamp":"2026-02-12T07:31:11.191Z"}
{"level":"info","message":"增强Agent risk 完成，置信度: 0.67，用时: 6ms","service":"public-opinion-system","timestamp":"2026-02-12T07:31:11.191Z"}
{"level":"info","message":"第 1 轮增强分析完成，平均置信度: 0.62","service":"public-opinion-system","timestamp":"2026-02-12T07:31:11.196Z"}
{"level":"info","message":"第 1 轮智能数据增强","service":"public-opinion-system","timestamp":"2026-02-12T07:31:11.196Z"}
{"level":"info","message":"数据增强完成，原始 5 条 → 增强 5 条","service":"public-opinion-system","timestamp":"2026-02-12T07:31:11.197Z"}
{"level":"info","message":"第 2 轮增强分析开始","service":"public-opinion-system","timestamp":"2026-02-12T07:31:11.199Z"}
{"level":"info","message":"运行增强Agent: sentiment","service":"public-opinion-system","timestamp":"2026-02-12T07:31:11.199Z"}
{"level":"info","message":"深度学习情感分析开始处理 5 条数据","service":"public-opinion-system","timestamp":"2026-02-12T07:31:11.200Z"}
{"level":"info","message":"运行增强Agent: topic","service":"public-opinion-system","timestamp":"2026-02-12T07:31:11.200Z"}
{"level":"info","message":"主题建模Agent开始处理 5 条数据","service":"public-opinion-system","timestamp":"2026-02-12T07:31:11.200Z"}
{"level":"info","message":"运行增强Agent: risk","service":"public-opinion-system","timestamp":"2026-02-12T07:31:11.201Z"}
{"level":"info","message":"神经网络风险评估Agent开始处理 5 条数据","service":"public-opinion-system","timestamp":"2026-02-12T07:31:11.201Z"}
{"level":"info","message":"主题建模完成，发现 5 个主题，5 个关键词","service":"public-opinion-system","timestamp":"2026-02-12T07:31:11.202Z"}
{"level":"info","message":"增强Agent topic 完成，置信度: 0.54，用时: 2ms","service":"public-opinion-system","timestamp":"2026-02-12T07:31:11.202Z"}
{"level":"info","message":"深度学习情感分析完成，整体情感得分: 0.00，置信度: 0.65","service":"public-opinion-system","timestamp":"2026-02-12T07:31:11.203Z"}
{"level":"info","message":"神经网络风险评估完成，整体风险等级: low, 风险评分: 0.04","service":"public-opinion-system","timestamp":"2026-02-12T07:31:11.203Z"}
{"level":"info","message":"增强Agent sentiment 完成，置信度: 0.65，用时: 3ms","service":"public-opinion-system","timestamp":"2026-02-12T07:31:11.203Z"}
{"level":"info","message":"增强Agent risk 完成，置信度: 0.67，用时: 3ms","service":"public-opinion-system","timestamp":"2026-02-12T07:31:11.204Z"}
{"level":"info","message":"第 2 轮增强分析完成，平均置信度: 0.62","service":"public-opinion-system","timestamp":"2026-02-12T07:31:11.204Z"}
{"level":"info","message":"第 2 轮智能数据增强","service":"public-opinion-system","timestamp":"2026-02-12T07:31:11.204Z"}
{"level":"info","message":"数据增强完成，原始 5 条 → 增强 5 条","service":"public-opinion-system","timestamp":"2026-02-12T07:31:11.205Z"}
{"level":"info","message":"第 3 轮增强分析开始","service":"public-opinion-system","timestamp":"2026-02-12T07:31:11.205Z"}
{"level":"info","message":"运行增强Agent: sentiment","service":"public-opinion-system","timestamp":"2026-02-12T07:31:11.205Z"}
{"level":"info","message":"深度学习情感分析开始处理 5 条数据","service":"public-opinion-system","timestamp":"2026-02-12T07:31:11.206Z"}
{"level":"info","message":"运行增强Agent: topic","service":"public-opinion-system","timestamp":"2026-02-12T07:31:11.206Z"}
{"level":"info","message":"主题建模Agent开始处理 5 条数据","service":"public-opinion-system","timestamp":"2026-02-12T07:31:11.206Z"}
{"level":"info","message":"运行增强Agent: risk","service":"public-opinion-system","timestamp":"2026-02-12T07:31:11.207Z"}
{"level":"info","message":"神经网络风险评估Agent开始处理 5 条数据","service":"public-opinion-system","timestamp":"2026-02-12T07:31:11.207Z"}
{"level":"info","message":"主题建模完成，发现 5 个主题，5 个关键词","service":"public-opinion-system","timestamp":"2026-02-12T07:31:11.208Z"}
{"level":"info","message":"增强Agent topic 完成，置信度: 0.54，用时: 3ms","service":"public-opinion-system","timestamp":"2026-02-12T07:31:11.209Z"}
{"level":"info","message":"深度学习情感分析完成，整体情感得分: 0.00，置信度: 0.65","service":"public-opinion-system","timestamp":"2026-02-12T07:31:11.209Z"}
{"level":"info","message":"神经网络风险评估完成，整体风险等级: low, 风险评分: 0.04","service":"public-opinion-system","timestamp":"2026-02-12T07:31:11.209Z"}
{"level":"info","message":"增强Agent sentiment 完成，置信度: 0.65，用时: 4ms","service":"public-opinion-system","timestamp":"2026-02-12T07:31:11.210Z"}
{"level":"info","message":"增强Agent risk 完成，置信度: 0.67，用时: 3ms","service":"public-opinion-system","timestamp":"2026-02-12T07:31:11.210Z"}
{"level":"info","message":"第 3 轮增强分析完成，平均置信度: 0.62","service":"public-opinion-system","timestamp":"2026-02-12T07:31:11.210Z"}
{"level":"info","message":"第 3 轮智能数据增强","service":"public-opinion-system","timestamp":"2026-02-12T07:31:11.211Z"}
{"level":"info","message":"数据增强完成，原始 5 条 → 增强 5 条","service":"public-opinion-system","timestamp":"2026-02-12T07:31:11.211Z"}
{"level":"info","message":"第 4 轮增强分析开始","service":"public-opinion-system","timestamp":"2026-02-12T07:31:11.211Z"}
{"level":"info","message":"运行增强Agent: sentiment","service":"public-opinion-system","timestamp":"2026-02-12T07:31:11.211Z"}
{"level":"info","message":"深度学习情感分析开始处理 5 条数据","service":"public-opinion-system","timestamp":"2026-02-12T07:31:11.212Z"}
{"level":"info","message":"运行增强Agent: topic","service":"public-opinion-system","timestamp":"2026-02-12T07:31:11.212Z"}
{"level":"info","message":"主题建模Agent开始处理 5 条数据","service":"public-opinion-system","timestamp":"2026-02-12T07:31:11.212Z"}
{"level":"info","message":"运行增强Agent: risk","service":"public-opinion-system","timestamp":"2026-02-12T07:31:11.212Z"}
{"level":"info","message":"神经网络风险评估Agent开始处理 5 条数据","service":"public-opinion-system","timestamp":"2026-02-12T07:31:11.213Z"}
{"level":"info","message":"主题建模完成，发现 5 个主题，5 个关键词","service":"public-opinion-system","timestamp":"2026-02-12T07:31:11.213Z"}
{"level":"info","message":"增强Agent topic 完成，置信度: 0.54，用时: 2ms","service":"public-opinion-system","timestamp":"2026-02-12T07:31:11.214Z"}
{"level":"info","message":"深度学习情感分析完成，整体情感得分: 0.00，置信度: 0.65","service":"public-opinion-system","timestamp":"2026-02-12T07:31:11.214Z"}
{"level":"info","message":"神经网络风险评估完成，整体风险等级: low, 风险评分: 0.04","service":"public-opinion-system","timestamp":"2026-02-12T07:31:11.215Z"}
{"level":"info","message":"增强Agent sentiment 完成，置信度: 0.65，用时: 3ms","service":"public-opinion-system","timestamp":"2026-02-12T07:31:11.215Z"}
{"level":"info","message":"增强Agent risk 完成，置信度: 0.67，用时: 2ms","service":"public-opinion-system","timestamp":"2026-02-12T07:31:11.215Z"}
{"level":"info","message":"第 4 轮增强分析完成，平均置信度: 0.62","service":"public-opinion-system","timestamp":"2026-02-12T07:31:11.216Z"}
{"level":"info","message":"第 4 轮智能数据增强","service":"public-opinion-system","timestamp":"2026-02-12T07:31:11.216Z"}
{"level":"info","message":"数据增强完成，原始 5 条 → 增强 5 条","service":"public-opinion-system","timestamp":"2026-02-12T07:31:11.218Z"}
{"level":"info","message":"第 5 轮增强分析开始","service":"public-opinion-system","timestamp":"2026-02-12T07:31:11.219Z"}
{"level":"info","message":"运行增强Agent: sentiment","service":"public-opinion-system","timestamp":"2026-02-12T07:31:11.219Z"}
{"level":"info","message":"深度学习情感分析开始处理 5 条数据","service":"public-opinion-system","timestamp":"2026-02-12T07:31:11.219Z"}
{"level":"info","message":"运行增强Agent: topic","service":"public-opinion-system","timestamp":"2026-02-12T07:31:11.219Z"}
{"level":"info","message":"主题建模Agent开始处理 5 条数据","service":"public-opinion-system","timestamp":"2026-02-12T07:31:11.220Z"}
{"level":"info","message":"运行增强Agent: risk","service":"public-opinion-system","timestamp":"2026-02-12T07:31:11.220Z"}
{"level":"info","message":"神经网络风险评估Agent开始处理 5 条数据","service":"public-opinion-system","timestamp":"2026-02-12T07:31:11.220Z"}
{"level":"info","message":"主题建模完成，发现 5 个主题，5 个关键词","service":"public-opinion-system","timestamp":"2026-02-12T07:31:11.221Z"}
{"level":"info","message":"增强Agent topic 完成，置信度: 0.54，用时: 1ms","service":"public-opinion-system","timestamp":"2026-02-12T07:31:11.221Z"}
{"level":"info","message":"深度学习情感分析完成，整体情感得分: 0.00，置信度: 0.65","service":"public-opinion-system","timestamp":"2026-02-12T07:31:11.222Z"}
{"level":"info","message":"神经网络风险评估完成，整体风险等级: low, 风险评分: 0.04","service":"public-opinion-system","timestamp":"2026-02-12T07:31:11.223Z"}
{"level":"info","message":"增强Agent sentiment 完成，置信度: 0.65，用时: 5ms","service":"public-opinion-system","timestamp":"2026-02-12T07:31:11.224Z"}
{"level":"info","message":"增强Agent risk 完成，置信度: 0.67，用时: 4ms","service":"public-opinion-system","timestamp":"2026-02-12T07:31:11.224Z"}
{"level":"info","message":"第 5 轮增强分析完成，平均置信度: 0.62","service":"public-opinion-system","timestamp":"2026-02-12T07:31:11.228Z"}
{"level":"info","message":"增强AI分析任务 analysis_1770881471181_wpqalghrh 完成，共进行 5 轮分析","service":"public-opinion-system","timestamp":"2026-02-12T07:31:11.228Z"}
{"level":"info","message":"初始化增强AI分析引擎V2...","service":"public-opinion-system","timestamp":"2026-02-12T07:33:17.334Z"}
{"level":"info","message":"初始化Agent: DeepLearningSentimentAgent","service":"public-opinion-system","timestamp":"2026-02-12T07:33:17.337Z"}
{"level":"info","message":"加载深度学习情感分析模型...","service":"public-opinion-system","timestamp":"2026-02-12T07:33:17.341Z"}
{"level":"info","message":"深度学习模型加载完成","service":"public-opinion-system","timestamp":"2026-02-12T07:33:17.342Z"}
{"level":"info","message":"增强Agent sentiment 初始化完成","service":"public-opinion-system","timestamp":"2026-02-12T07:33:17.342Z"}
{"level":"info","message":"初始化Agent: TopicModelingAgent","service":"public-opinion-system","timestamp":"2026-02-12T07:33:17.342Z"}
{"level":"info","message":"加载主题建模模型...","service":"public-opinion-system","timestamp":"2026-02-12T07:33:17.343Z"}
{"level":"info","message":"主题建模模型加载完成","service":"public-opinion-system","timestamp":"2026-02-12T07:33:17.343Z"}
{"level":"info","message":"增强Agent topic 初始化完成","service":"public-opinion-system","timestamp":"2026-02-12T07:33:17.343Z"}
{"level":"info","message":"初始化Agent: NeuralRiskAssessmentAgent","service":"public-opinion-system","timestamp":"2026-02-12T07:33:17.344Z"}
{"level":"info","message":"加载神经网络风险评估模型...","service":"public-opinion-system","timestamp":"2026-02-12T07:33:17.344Z"}
{"level":"info","message":"神经网络风险评估模型加载完成","service":"public-opinion-system","timestamp":"2026-02-12T07:33:17.344Z"}
{"level":"info","message":"增强Agent risk 初始化完成","service":"public-opinion-system","timestamp":"2026-02-12T07:33:17.344Z"}
{"level":"info","message":"增强AI分析引擎V2初始化完成","service":"public-opinion-system","timestamp":"2026-02-12T07:33:17.345Z"}
{"level":"info","message":"启动技能管理器...","service":"public-opinion-system","timestamp":"2026-02-12T07:33:17.346Z"}
{"level":"info","message":"加载技能: DataCleaningSkill v1.0.0","service":"public-opinion-system","timestamp":"2026-02-12T07:33:17.352Z"}
{"level":"info","message":"技能管理器启动完成","service":"public-opinion-system","timestamp":"2026-02-12T07:33:17.353Z"}
{"level":"info","message":"开始多源数据收集，关键词: 南京博物馆, 平台: news","service":"public-opinion-system","timestamp":"2026-02-12T07:33:17.354Z"}
{"level":"info","message":"新闻数据源开始收集: 南京博物馆","service":"public-opinion-system","timestamp":"2026-02-12T07:33:17.354Z"}
{"level":"info","message":"新闻数据源完成收集: 南京博物馆, 获得 5 条数据","service":"public-opinion-system","timestamp":"2026-02-12T07:33:17.571Z"}
{"level":"info","message":"从 news 获取关键词 \"南京博物馆\" 的 5 条数据","service":"public-opinion-system","timestamp":"2026-02-12T07:33:17.571Z"}
{"level":"info","message":"多源数据收集完成，共获得 5 条数据","service":"public-opinion-system","timestamp":"2026-02-12T07:33:18.572Z"}
{"level":"info","message":"初始化增强AI分析引擎V2...","service":"public-opinion-system","timestamp":"2026-02-12T07:34:00.785Z"}
{"level":"info","message":"初始化Agent: DeepLearningSentimentAgent","service":"public-opinion-system","timestamp":"2026-02-12T07:34:00.787Z"}
{"level":"info","message":"加载深度学习情感分析模型...","service":"public-opinion-system","timestamp":"2026-02-12T07:34:00.789Z"}
{"level":"info","message":"深度学习模型加载完成","service":"public-opinion-system","timestamp":"2026-02-12T07:34:00.789Z"}
{"level":"info","message":"增强Agent sentiment 初始化完成","service":"public-opinion-system","timestamp":"2026-02-12T07:34:00.790Z"}
{"level":"info","message":"初始化Agent: TopicModelingAgent","service":"public-opinion-system","timestamp":"2026-02-12T07:34:00.790Z"}
{"level":"info","message":"加载主题建模模型...","service":"public-opinion-system","timestamp":"2026-02-12T07:34:00.790Z"}
{"level":"info","message":"主题建模模型加载完成","service":"public-opinion-system","timestamp":"2026-02-12T07:34:00.791Z"}
{"level":"info","message":"增强Agent topic 初始化完成","service":"public-opinion-system","timestamp":"2026-02-12T07:34:00.791Z"}
{"level":"info","message":"初始化Agent: NeuralRiskAssessmentAgent","service":"public-opinion-system","timestamp":"2026-02-12T07:34:00.791Z"}
{"level":"info","message":"加载神经网络风险评估模型...","service":"public-opinion-system","timestamp":"2026-02-12T07:34:00.795Z"}
{"level":"info","message":"神经网络风险评估模型加载完成","service":"public-opinion-system","timestamp":"2026-02-12T07:34:00.795Z"}
{"level":"info","message":"增强Agent risk 初始化完成","service":"public-opinion-system","timestamp":"2026-02-12T07:34:00.795Z"}
{"level":"info","message":"增强AI分析引擎V2初始化完成","service":"public-opinion-system","timestamp":"2026-02-12T07:34:00.796Z"}
{"level":"info","message":"启动技能管理器...","service":"public-opinion-system","timestamp":"2026-02-12T07:34:00.796Z"}
{"level":"info","message":"加载技能: DataCleaningSkill v1.0.0","service":"public-opinion-system","timestamp":"2026-02-12T07:34:00.799Z"}
{"level":"info","message":"技能管理器启动完成","service":"public-opinion-system","timestamp":"2026-02-12T07:34:00.799Z"}
{"level":"info","message":"开始多源数据收集，关键词: 南京博物馆, 平台: news","service":"public-opinion-system","timestamp":"2026-02-12T07:34:00.802Z"}
{"level":"info","message":"新闻数据源开始收集: 南京博物馆","service":"public-opinion-system","timestamp":"2026-02-12T07:34:00.803Z"}
{"level":"info","message":"新闻数据源完成收集: 南京博物馆, 获得 5 条数据","service":"public-opinion-system","timestamp":"2026-02-12T07:34:01.016Z"}
{"level":"info","message":"从 news 获取关键词 \"南京博物馆\" 的 5 条数据","service":"public-opinion-system","timestamp":"2026-02-12T07:34:01.016Z"}
{"level":"info","message":"多源数据收集完成，共获得 5 条数据","service":"public-opinion-system","timestamp":"2026-02-12T07:34:02.017Z"}
{"level":"info","message":"开始增强AI分析任务 analysis_1770881642018_sm90vq5sj，数据量: 5，关键词: 南京博物馆","service":"public-opinion-system","timestamp":"2026-02-12T07:34:02.018Z"}
{"level":"info","message":"第 1 轮增强分析开始","service":"public-opinion-system","timestamp":"2026-02-12T07:34:02.018Z"}
{"level":"info","message":"运行增强Agent: sentiment","service":"public-opinion-system","timestamp":"2026-02-12T07:34:02.019Z"}
{"level":"info","message":"深度学习情感分析开始处理 5 条数据","service":"public-opinion-system","timestamp":"2026-02-12T07:34:02.020Z"}
{"level":"info","message":"运行增强Agent: topic","service":"public-opinion-system","timestamp":"2026-02-12T07:34:02.021Z"}
{"level":"info","message":"主题建模Agent开始处理 5 条数据","service":"public-opinion-system","timestamp":"2026-02-12T07:34:02.022Z"}
{"level":"info","message":"运行增强Agent: risk","service":"public-opinion-system","timestamp":"2026-02-12T07:34:02.023Z"}
{"level":"info","message":"神经网络风险评估Agent开始处理 5 条数据","service":"public-opinion-system","timestamp":"2026-02-12T07:34:02.023Z"}
{"level":"info","message":"主题建模完成，发现 5 个主题，5 个关键词","service":"public-opinion-system","timestamp":"2026-02-12T07:34:02.026Z"}
{"level":"info","message":"增强Agent topic 完成，置信度: 0.54，用时: 4ms","service":"public-opinion-system","timestamp":"2026-02-12T07:34:02.026Z"}
{"level":"info","message":"深度学习情感分析完成，整体情感得分: 0.00，置信度: 0.65","service":"public-opinion-system","timestamp":"2026-02-12T07:34:02.027Z"}
{"level":"info","message":"神经网络风险评估完成，整体风险等级: low, 风险评分: 0.04","service":"public-opinion-system","timestamp":"2026-02-12T07:34:02.028Z"}
{"level":"info","message":"增强Agent sentiment 完成，置信度: 0.65，用时: 8ms","service":"public-opinion-system","timestamp":"2026-02-12T07:34:02.028Z"}
{"level":"info","message":"增强Agent risk 完成，置信度: 0.67，用时: 5ms","service":"public-opinion-system","timestamp":"2026-02-12T07:34:02.028Z"}
{"level":"info","message":"第 1 轮增强分析完成，平均置信度: 0.62","service":"public-opinion-system","timestamp":"2026-02-12T07:34:02.029Z"}
{"level":"info","message":"第 1 轮智能数据增强","service":"public-opinion-system","timestamp":"2026-02-12T07:34:02.030Z"}
{"level":"info","message":"数据增强完成，原始 5 条 → 增强 5 条","service":"public-opinion-system","timestamp":"2026-02-12T07:34:02.030Z"}
{"level":"info","message":"第 2 轮增强分析开始","service":"public-opinion-system","timestamp":"2026-02-12T07:34:02.030Z"}
{"level":"info","message":"运行增强Agent: sentiment","service":"public-opinion-system","timestamp":"2026-02-12T07:34:02.031Z"}
{"level":"info","message":"深度学习情感分析开始处理 5 条数据","service":"public-opinion-system","timestamp":"2026-02-12T07:34:02.031Z"}
{"level":"info","message":"运行增强Agent: topic","service":"public-opinion-system","timestamp":"2026-02-12T07:34:02.031Z"}
{"level":"info","message":"主题建模Agent开始处理 5 条数据","service":"public-opinion-system","timestamp":"2026-02-12T07:34:02.032Z"}
{"level":"info","message":"运行增强Agent: risk","service":"public-opinion-system","timestamp":"2026-02-12T07:34:02.032Z"}
{"level":"info","message":"神经网络风险评估Agent开始处理 5 条数据","service":"public-opinion-system","timestamp":"2026-02-12T07:34:02.032Z"}
{"level":"info","message":"主题建模完成，发现 5 个主题，5 个关键词","service":"public-opinion-system","timestamp":"2026-02-12T07:34:02.033Z"}
{"level":"info","message":"增强Agent topic 完成，置信度: 0.54，用时: 1ms","service":"public-opinion-system","timestamp":"2026-02-12T07:34:02.033Z"}
{"level":"info","message":"深度学习情感分析完成，整体情感得分: 0.00，置信度: 0.65","service":"public-opinion-system","timestamp":"2026-02-12T07:34:02.034Z"}
{"level":"info","message":"神经网络风险评估完成，整体风险等级: low, 风险评分: 0.04","service":"public-opinion-system","timestamp":"2026-02-12T07:34:02.034Z"}
{"level":"info","message":"增强Agent sentiment 完成，置信度: 0.65，用时: 4ms","service":"public-opinion-system","timestamp":"2026-02-12T07:34:02.035Z"}
{"level":"info","message":"增强Agent risk 完成，置信度: 0.67，用时: 3ms","service":"public-opinion-system","timestamp":"2026-02-12T07:34:02.035Z"}
{"level":"info","message":"第 2 轮增强分析完成，平均置信度: 0.62","service":"public-opinion-system","timestamp":"2026-02-12T07:34:02.035Z"}
{"level":"info","message":"第 2 轮智能数据增强","service":"public-opinion-system","timestamp":"2026-02-12T07:34:02.036Z"}
{"level":"info","message":"数据增强完成，原始 5 条 → 增强 5 条","service":"public-opinion-system","timestamp":"2026-02-12T07:34:02.037Z"}
{"level":"info","message":"第 3 轮增强分析开始","service":"public-opinion-system","timestamp":"2026-02-12T07:34:02.038Z"}
{"level":"info","message":"运行增强Agent: sentiment","service":"public-opinion-system","timestamp":"2026-02-12T07:34:02.038Z"}
{"level":"info","message":"深度学习情感分析开始处理 5 条数据","service":"public-opinion-system","timestamp":"2026-02-12T07:34:02.039Z"}
{"level":"info","message":"运行增强Agent: topic","service":"public-opinion-system","timestamp":"2026-02-12T07:34:02.039Z"}
{"level":"info","message":"主题建模Agent开始处理 5 条数据","service":"public-opinion-system","timestamp":"2026-02-12T07:34:02.044Z"}
{"level":"info","message":"运行增强Agent: risk","service":"public-opinion-system","timestamp":"2026-02-12T07:34:02.044Z"}
{"level":"info","message":"神经网络风险评估Agent开始处理 5 条数据","service":"public-opinion-system","timestamp":"2026-02-12T07:34:02.044Z"}
{"level":"info","message":"主题建模完成，发现 5 个主题，5 个关键词","service":"public-opinion-system","timestamp":"2026-02-12T07:34:02.045Z"}
{"level":"info","message":"增强Agent topic 完成，置信度: 0.54，用时: 1ms","service":"public-opinion-system","timestamp":"2026-02-12T07:34:02.045Z"}
{"level":"info","message":"深度学习情感分析完成，整体情感得分: 0.00，置信度: 0.65","service":"public-opinion-system","timestamp":"2026-02-12T07:34:02.046Z"}
{"level":"info","message":"神经网络风险评估完成，整体风险等级: low, 风险评分: 0.04","service":"public-opinion-system","timestamp":"2026-02-12T07:34:02.048Z"}
{"level":"info","message":"增强Agent sentiment 完成，置信度: 0.65，用时: 9ms","service":"public-opinion-system","timestamp":"2026-02-12T07:34:02.048Z"}
{"level":"info","message":"增强Agent risk 完成，置信度: 0.67，用时: 5ms","service":"public-opinion-system","timestamp":"2026-02-12T07:34:02.049Z"}
{"level":"info","message":"第 3 轮增强分析完成，平均置信度: 0.62","service":"public-opinion-system","timestamp":"2026-02-12T07:34:02.049Z"}
{"level":"info","message":"第 3 轮智能数据增强","service":"public-opinion-system","timestamp":"2026-02-12T07:34:02.049Z"}
{"level":"info","message":"数据增强完成，原始 5 条 → 增强 5 条","service":"public-opinion-system","timestamp":"2026-02-12T07:34:02.050Z"}
{"level":"info","message":"第 4 轮增强分析开始","service":"public-opinion-system","timestamp":"2026-02-12T07:34:02.050Z"}
{"level":"info","message":"运行增强Agent: sentiment","service":"public-opinion-system","timestamp":"2026-02-12T07:34:02.050Z"}
{"level":"info","message":"深度学习情感分析开始处理 5 条数据","service":"public-opinion-system","timestamp":"2026-02-12T07:34:02.051Z"}
{"level":"info","message":"运行增强Agent: topic","service":"public-opinion-system","timestamp":"2026-02-12T07:34:02.051Z"}
{"level":"info","message":"主题建模Agent开始处理 5 条数据","service":"public-opinion-system","timestamp":"2026-02-12T07:34:02.051Z"}
{"level":"info","message":"运行增强Agent: risk","service":"public-opinion-system","timestamp":"2026-02-12T07:34:02.052Z"}
{"level":"info","message":"神经网络风险评估Agent开始处理 5 条数据","service":"public-opinion-system","timestamp":"2026-02-12T07:34:02.052Z"}
{"level":"info","message":"主题建模完成，发现 5 个主题，5 个关键词","service":"public-opinion-system","timestamp":"2026-02-12T07:34:02.053Z"}
{"level":"info","message":"增强Agent topic 完成，置信度: 0.54，用时: 4ms","service":"public-opinion-system","timestamp":"2026-02-12T07:34:02.055Z"}
{"level":"info","message":"深度学习情感分析完成，整体情感得分: 0.00，置信度: 0.65","service":"public-opinion-system","timestamp":"2026-02-12T07:34:02.056Z"}
{"level":"info","message":"神经网络风险评估完成，整体风险等级: low, 风险评分: 0.04","service":"public-opinion-system","timestamp":"2026-02-12T07:34:02.057Z"}
{"level":"info","message":"增强Agent sentiment 完成，置信度: 0.65，用时: 7ms","service":"public-opinion-system","timestamp":"2026-02-12T07:34:02.058Z"}
{"level":"info","message":"增强Agent risk 完成，置信度: 0.67，用时: 6ms","service":"public-opinion-system","timestamp":"2026-02-12T07:34:02.058Z"}
{"level":"info","message":"第 4 轮增强分析完成，平均置信度: 0.62","service":"public-opinion-system","timestamp":"2026-02-12T07:34:02.058Z"}
{"level":"info","message":"第 4 轮智能数据增强","service":"public-opinion-system","timestamp":"2026-02-12T07:34:02.059Z"}
{"level":"info","message":"数据增强完成，原始 5 条 → 增强 5 条","service":"public-opinion-system","timestamp":"2026-02-12T07:34:02.059Z"}
{"level":"info","message":"第 5 轮增强分析开始","service":"public-opinion-system","timestamp":"2026-02-12T07:34:02.059Z"}
{"level":"info","message":"运行增强Agent: sentiment","service":"public-opinion-system","timestamp":"2026-02-12T07:34:02.060Z"}
{"level":"info","message":"深度学习情感分析开始处理 5 条数据","service":"public-opinion-system","timestamp":"2026-02-12T07:34:02.060Z"}
{"level":"info","message":"运行增强Agent: topic","service":"public-opinion-system","timestamp":"2026-02-12T07:34:02.060Z"}
{"level":"info","message":"主题建模Agent开始处理 5 条数据","service":"public-opinion-system","timestamp":"2026-02-12T07:34:02.060Z"}
{"level":"info","message":"运行增强Agent: risk","service":"public-opinion-system","timestamp":"2026-02-12T07:34:02.061Z"}
{"level":"info","message":"神经网络风险评估Agent开始处理 5 条数据","service":"public-opinion-system","timestamp":"2026-02-12T07:34:02.063Z"}
{"level":"info","message":"主题建模完成，发现 5 个主题，5 个关键词","service":"public-opinion-system","timestamp":"2026-02-12T07:34:02.063Z"}
{"level":"info","message":"增强Agent topic 完成，置信度: 0.54，用时: 4ms","service":"public-opinion-system","timestamp":"2026-02-12T07:34:02.064Z"}
{"level":"info","message":"深度学习情感分析完成，整体情感得分: 0.00，置信度: 0.65","service":"public-opinion-system","timestamp":"2026-02-12T07:34:02.064Z"}
{"level":"info","message":"神经网络风险评估完成，整体风险等级: low, 风险评分: 0.04","service":"public-opinion-system","timestamp":"2026-02-12T07:34:02.064Z"}
{"level":"info","message":"增强Agent sentiment 完成，置信度: 0.65，用时: 5ms","service":"public-opinion-system","timestamp":"2026-02-12T07:34:02.065Z"}
{"level":"info","message":"增强Agent risk 完成，置信度: 0.67，用时: 2ms","service":"public-opinion-system","timestamp":"2026-02-12T07:34:02.065Z"}
{"level":"info","message":"第 5 轮增强分析完成，平均置信度: 0.62","service":"public-opinion-system","timestamp":"2026-02-12T07:34:02.065Z"}
{"level":"info","message":"增强AI分析任务 analysis_1770881642018_sm90vq5sj 完成，共进行 5 轮分析","service":"public-opinion-system","timestamp":"2026-02-12T07:34:02.066Z"}
{"level":"info","message":"清理过期会话: session_1770879624357_l408ujaue","service":"public-opinion-system","timestamp":"2026-02-12T07:35:24.361Z"}
{"level":"info","message":"初始化增强AI分析引擎V2...","service":"public-opinion-system","timestamp":"2026-02-12T07:39:07.137Z"}
{"level":"info","message":"初始化Agent: DeepLearningSentimentAgent","service":"public-opinion-system","timestamp":"2026-02-12T07:39:07.139Z"}
{"level":"info","message":"加载深度学习情感分析模型...","service":"public-opinion-system","timestamp":"2026-02-12T07:39:07.144Z"}
{"level":"info","message":"深度学习模型加载完成","service":"public-opinion-system","timestamp":"2026-02-12T07:39:07.149Z"}
{"level":"info","message":"增强Agent sentiment 初始化完成","service":"public-opinion-system","timestamp":"2026-02-12T07:39:07.150Z"}
{"level":"info","message":"初始化Agent: TopicModelingAgent","service":"public-opinion-system","timestamp":"2026-02-12T07:39:07.150Z"}
{"level":"info","message":"加载主题建模模型...","service":"public-opinion-system","timestamp":"2026-02-12T07:39:07.150Z"}
{"level":"info","message":"主题建模模型加载完成","service":"public-opinion-system","timestamp":"2026-02-12T07:39:07.151Z"}
{"level":"info","message":"增强Agent topic 初始化完成","service":"public-opinion-system","timestamp":"2026-02-12T07:39:07.151Z"}
{"level":"info","message":"初始化Agent: NeuralRiskAssessmentAgent","service":"public-opinion-system","timestamp":"2026-02-12T07:39:07.151Z"}
{"level":"info","message":"加载神经网络风险评估模型...","service":"public-opinion-system","timestamp":"2026-02-12T07:39:07.152Z"}
{"level":"info","message":"神经网络风险评估模型加载完成","service":"public-opinion-system","timestamp":"2026-02-12T07:39:07.152Z"}
{"level":"info","message":"增强Agent risk 初始化完成","service":"public-opinion-system","timestamp":"2026-02-12T07:39:07.152Z"}
{"level":"info","message":"增强AI分析引擎V2初始化完成","service":"public-opinion-system","timestamp":"2026-02-12T07:39:07.153Z"}
{"level":"info","message":"启动技能管理器...","service":"public-opinion-system","timestamp":"2026-02-12T07:39:07.153Z"}
{"level":"info","message":"加载技能: DataCleaningSkill v1.0.0","service":"public-opinion-system","timestamp":"2026-02-12T07:39:07.156Z"}
{"level":"info","message":"技能管理器启动完成","service":"public-opinion-system","timestamp":"2026-02-12T07:39:07.158Z"}
{"level":"info","message":"开始多源数据收集，关键词: 疫情, 平台: news","service":"public-opinion-system","timestamp":"2026-02-12T07:39:07.159Z"}
{"level":"info","message":"新闻数据源开始收集: 疫情","service":"public-opinion-system","timestamp":"2026-02-12T07:39:07.159Z"}
{"level":"info","message":"新闻数据源完成收集: 疫情, 获得 5 条数据","service":"public-opinion-system","timestamp":"2026-02-12T07:39:07.341Z"}
{"level":"info","message":"从 news 获取关键词 \"疫情\" 的 5 条数据","service":"public-opinion-system","timestamp":"2026-02-12T07:39:07.341Z"}
{"level":"info","message":"多源数据收集完成，共获得 5 条数据","service":"public-opinion-system","timestamp":"2026-02-12T07:39:08.342Z"}
{"level":"info","message":"初始化增强AI分析引擎V2...","service":"public-opinion-system","timestamp":"2026-02-12T07:39:52.576Z"}
{"level":"info","message":"初始化Agent: DeepLearningSentimentAgent","service":"public-opinion-system","timestamp":"2026-02-12T07:39:52.579Z"}
{"level":"info","message":"加载深度学习情感分析模型...","service":"public-opinion-system","timestamp":"2026-02-12T07:39:52.581Z"}
{"level":"info","message":"深度学习模型加载完成","service":"public-opinion-system","timestamp":"2026-02-12T07:39:52.582Z"}
{"level":"info","message":"增强Agent sentiment 初始化完成","service":"public-opinion-system","timestamp":"2026-02-12T07:39:52.582Z"}
{"level":"info","message":"初始化Agent: TopicModelingAgent","service":"public-opinion-system","timestamp":"2026-02-12T07:39:52.583Z"}
{"level":"info","message":"加载主题建模模型...","service":"public-opinion-system","timestamp":"2026-02-12T07:39:52.583Z"}
{"level":"info","message":"主题建模模型加载完成","service":"public-opinion-system","timestamp":"2026-02-12T07:39:52.584Z"}
{"level":"info","message":"增强Agent topic 初始化完成","service":"public-opinion-system","timestamp":"2026-02-12T07:39:52.584Z"}
{"level":"info","message":"初始化Agent: NeuralRiskAssessmentAgent","service":"public-opinion-system","timestamp":"2026-02-12T07:39:52.584Z"}
{"level":"info","message":"加载神经网络风险评估模型...","service":"public-opinion-system","timestamp":"2026-02-12T07:39:52.585Z"}
{"level":"info","message":"神经网络风险评估模型加载完成","service":"public-opinion-system","timestamp":"2026-02-12T07:39:52.585Z"}
{"level":"info","message":"增强Agent risk 初始化完成","service":"public-opinion-system","timestamp":"2026-02-12T07:39:52.585Z"}
{"level":"info","message":"增强AI分析引擎V2初始化完成","service":"public-opinion-system","timestamp":"2026-02-12T07:39:52.586Z"}
{"level":"info","message":"启动技能管理器...","service":"public-opinion-system","timestamp":"2026-02-12T07:39:52.586Z"}
{"level":"info","message":"加载技能: DataCleaningSkill v1.0.0","service":"public-opinion-system","timestamp":"2026-02-12T07:39:52.592Z"}
{"level":"info","message":"技能管理器启动完成","service":"public-opinion-system","timestamp":"2026-02-12T07:39:52.593Z"}
{"level":"info","message":"开始多源数据收集，关键词: 疫情, 平台: news","service":"public-opinion-system","timestamp":"2026-02-12T07:39:52.594Z"}
{"level":"info","message":"新闻数据源开始收集: 疫情","service":"public-opinion-system","timestamp":"2026-02-12T07:39:52.594Z"}
{"level":"info","message":"新闻数据源完成收集: 疫情, 获得 5 条数据","service":"public-opinion-system","timestamp":"2026-02-12T07:39:52.765Z"}
{"level":"info","message":"从 news 获取关键词 \"疫情\" 的 5 条数据","service":"public-opinion-system","timestamp":"2026-02-12T07:39:52.766Z"}
{"level":"info","message":"多源数据收集完成，共获得 5 条数据","service":"public-opinion-system","timestamp":"2026-02-12T07:39:53.767Z"}
{"level":"info","message":"清理过期会话: session_1770879996242_urtvbqubt","service":"public-opinion-system","timestamp":"2026-02-12T07:41:28.040Z"}
{"level":"info","message":"初始化增强AI分析引擎V2...","service":"public-opinion-system","timestamp":"2026-02-12T07:44:29.995Z"}
{"level":"info","message":"初始化Agent: DeepLearningSentimentAgent","service":"public-opinion-system","timestamp":"2026-02-12T07:44:29.998Z"}
{"level":"info","message":"加载深度学习情感分析模型...","service":"public-opinion-system","timestamp":"2026-02-12T07:44:29.999Z"}
{"level":"info","message":"深度学习模型加载完成","service":"public-opinion-system","timestamp":"2026-02-12T07:44:30.000Z"}
{"level":"info","message":"增强Agent sentiment 初始化完成","service":"public-opinion-system","timestamp":"2026-02-12T07:44:30.000Z"}
{"level":"info","message":"初始化Agent: TopicModelingAgent","service":"public-opinion-system","timestamp":"2026-02-12T07:44:30.001Z"}
{"level":"info","message":"加载主题建模模型...","service":"public-opinion-system","timestamp":"2026-02-12T07:44:30.001Z"}
{"level":"info","message":"主题建模模型加载完成","service":"public-opinion-system","timestamp":"2026-02-12T07:44:30.002Z"}
{"level":"info","message":"增强Agent topic 初始化完成","service":"public-opinion-system","timestamp":"2026-02-12T07:44:30.002Z"}
{"level":"info","message":"初始化Agent: NeuralRiskAssessmentAgent","service":"public-opinion-system","timestamp":"2026-02-12T07:44:30.002Z"}
{"level":"info","message":"加载神经网络风险评估模型...","service":"public-opinion-system","timestamp":"2026-02-12T07:44:30.003Z"}
{"level":"info","message":"神经网络风险评估模型加载完成","service":"public-opinion-system","timestamp":"2026-02-12T07:44:30.003Z"}
{"level":"info","message":"增强Agent risk 初始化完成","service":"public-opinion-system","timestamp":"2026-02-12T07:44:30.003Z"}
{"level":"info","message":"增强AI分析引擎V2初始化完成","service":"public-opinion-system","timestamp":"2026-02-12T07:44:30.003Z"}
{"level":"info","message":"启动技能管理器...","service":"public-opinion-system","timestamp":"2026-02-12T07:44:30.004Z"}
{"level":"info","message":"加载技能: DataCleaningSkill v1.0.0","service":"public-opinion-system","timestamp":"2026-02-12T07:44:30.008Z"}
{"level":"info","message":"技能管理器启动完成","service":"public-opinion-system","timestamp":"2026-02-12T07:44:30.008Z"}
{"level":"info","message":"开始多源数据收集，关键词: 疫情, 防控, 平台: news","service":"public-opinion-system","timestamp":"2026-02-12T07:44:30.009Z"}
{"level":"info","message":"新闻数据源开始收集: 疫情","service":"public-opinion-system","timestamp":"2026-02-12T07:44:30.010Z"}
{"level":"info","message":"新闻数据源完成收集: 疫情, 获得 10 条数据","service":"public-opinion-system","timestamp":"2026-02-12T07:44:30.272Z"}
{"level":"info","message":"从 news 获取关键词 \"疫情\" 的 8 条数据","service":"public-opinion-system","timestamp":"2026-02-12T07:44:30.272Z"}
{"level":"info","message":"新闻数据源开始收集: 防控","service":"public-opinion-system","timestamp":"2026-02-12T07:44:31.275Z"}
{"level":"info","message":"新闻数据源完成收集: 防控, 获得 10 条数据","service":"public-opinion-system","timestamp":"2026-02-12T07:44:31.350Z"}
{"level":"info","message":"从 news 获取关键词 \"防控\" 的 8 条数据","service":"public-opinion-system","timestamp":"2026-02-12T07:44:31.351Z"}
{"level":"info","message":"多源数据收集完成，共获得 16 条数据","service":"public-opinion-system","timestamp":"2026-02-12T07:44:32.350Z"}
{"level":"info","message":"初始化增强AI分析引擎V2...","service":"public-opinion-system","timestamp":"2026-02-12T07:44:42.923Z"}
{"level":"info","message":"初始化Agent: DeepLearningSentimentAgent","service":"public-opinion-system","timestamp":"2026-02-12T07:44:42.927Z"}
{"level":"info","message":"加载深度学习情感分析模型...","service":"public-opinion-system","timestamp":"2026-02-12T07:44:42.929Z"}
{"level":"info","message":"深度学习模型加载完成","service":"public-opinion-system","timestamp":"2026-02-12T07:44:42.929Z"}
{"level":"info","message":"增强Agent sentiment 初始化完成","service":"public-opinion-system","timestamp":"2026-02-12T07:44:42.929Z"}
{"level":"info","message":"初始化Agent: TopicModelingAgent","service":"public-opinion-system","timestamp":"2026-02-12T07:44:42.930Z"}
{"level":"info","message":"加载主题建模模型...","service":"public-opinion-system","timestamp":"2026-02-12T07:44:42.930Z"}
{"level":"info","message":"主题建模模型加载完成","service":"public-opinion-system","timestamp":"2026-02-12T07:44:42.931Z"}
{"level":"info","message":"增强Agent topic 初始化完成","service":"public-opinion-system","timestamp":"2026-02-12T07:44:42.931Z"}
{"level":"info","message":"初始化Agent: NeuralRiskAssessmentAgent","service":"public-opinion-system","timestamp":"2026-02-12T07:44:42.932Z"}
{"level":"info","message":"加载神经网络风险评估模型...","service":"public-opinion-system","timestamp":"2026-02-12T07:44:42.932Z"}
{"level":"info","message":"神经网络风险评估模型加载完成","service":"public-opinion-system","timestamp":"2026-02-12T07:44:42.932Z"}
{"level":"info","message":"增强Agent risk 初始化完成","service":"public-opinion-system","timestamp":"2026-02-12T07:44:42.932Z"}
{"level":"info","message":"增强AI分析引擎V2初始化完成","service":"public-opinion-system","timestamp":"2026-02-12T07:44:42.933Z"}
{"level":"info","message":"启动技能管理器...","service":"public-opinion-system","timestamp":"2026-02-12T07:44:42.934Z"}
{"level":"info","message":"加载技能: DataCleaningSkill v1.0.0","service":"public-opinion-system","timestamp":"2026-02-12T07:44:42.936Z"}
{"level":"info","message":"技能管理器启动完成","service":"public-opinion-system","timestamp":"2026-02-12T07:44:42.937Z"}
{"level":"info","message":"开始多源数据收集，关键词: 疫情, 防控, 平台: news","service":"public-opinion-system","timestamp":"2026-02-12T07:44:42.939Z"}
{"level":"info","message":"新闻数据源开始收集: 疫情","service":"public-opinion-system","timestamp":"2026-02-12T07:44:42.940Z"}
{"level":"info","message":"新闻数据源完成收集: 疫情, 获得 10 条数据","service":"public-opinion-system","timestamp":"2026-02-12T07:44:43.149Z"}
{"level":"info","message":"从 news 获取关键词 \"疫情\" 的 8 条数据","service":"public-opinion-system","timestamp":"2026-02-12T07:44:43.150Z"}
{"level":"info","message":"新闻数据源开始收集: 防控","service":"public-opinion-system","timestamp":"2026-02-12T07:44:44.156Z"}
{"level":"info","message":"新闻数据源完成收集: 防控, 获得 10 条数据","service":"public-opinion-system","timestamp":"2026-02-12T07:44:44.255Z"}
{"level":"info","message":"从 news 获取关键词 \"防控\" 的 8 条数据","service":"public-opinion-system","timestamp":"2026-02-12T07:44:44.256Z"}
{"level":"info","message":"多源数据收集完成，共获得 16 条数据","service":"public-opinion-system","timestamp":"2026-02-12T07:44:45.256Z"}
{"level":"info","message":"开始增强AI分析任务 analysis_1770882285269_8rwoqnlrb，数据量: 16，关键词: 疫情, 防控","service":"public-opinion-system","timestamp":"2026-02-12T07:44:45.269Z"}
{"level":"info","message":"第 1 轮增强分析开始","service":"public-opinion-system","timestamp":"2026-02-12T07:44:45.269Z"}
{"level":"info","message":"运行增强Agent: sentiment","service":"public-opinion-system","timestamp":"2026-02-12T07:44:45.270Z"}
{"level":"info","message":"深度学习情感分析开始处理 16 条数据","service":"public-opinion-system","timestamp":"2026-02-12T07:44:45.270Z"}
{"level":"info","message":"运行增强Agent: topic","service":"public-opinion-system","timestamp":"2026-02-12T07:44:45.271Z"}
{"level":"info","message":"主题建模Agent开始处理 16 条数据","service":"public-opinion-system","timestamp":"2026-02-12T07:44:45.272Z"}
{"level":"info","message":"运行增强Agent: risk","service":"public-opinion-system","timestamp":"2026-02-12T07:44:45.272Z"}
{"level":"info","message":"神经网络风险评估Agent开始处理 16 条数据","service":"public-opinion-system","timestamp":"2026-02-12T07:44:45.273Z"}
{"level":"info","message":"主题建模完成，发现 5 个主题，10 个关键词","service":"public-opinion-system","timestamp":"2026-02-12T07:44:45.276Z"}
{"level":"info","message":"增强Agent topic 完成，置信度: 0.64，用时: 4ms","service":"public-opinion-system","timestamp":"2026-02-12T07:44:45.276Z"}
{"level":"info","message":"深度学习情感分析完成，整体情感得分: 0.00，置信度: 0.65","service":"public-opinion-system","timestamp":"2026-02-12T07:44:45.277Z"}
{"level":"info","message":"神经网络风险评估完成，整体风险等级: low, 风险评分: 0.04","service":"public-opinion-system","timestamp":"2026-02-12T07:44:45.279Z"}
{"level":"info","message":"增强Agent sentiment 完成，置信度: 0.65，用时: 12ms","service":"public-opinion-system","timestamp":"2026-02-12T07:44:45.282Z"}
{"level":"info","message":"增强Agent risk 完成，置信度: 0.67，用时: 10ms","service":"public-opinion-system","timestamp":"2026-02-12T07:44:45.283Z"}
{"level":"info","message":"第 1 轮增强分析完成，平均置信度: 0.65","service":"public-opinion-system","timestamp":"2026-02-12T07:44:45.284Z"}
{"level":"info","message":"第 1 轮智能数据增强","service":"public-opinion-system","timestamp":"2026-02-12T07:44:45.284Z"}
{"level":"info","message":"数据增强完成，原始 16 条 → 增强 16 条","service":"public-opinion-system","timestamp":"2026-02-12T07:44:45.284Z"}
{"level":"info","message":"第 2 轮增强分析开始","service":"public-opinion-system","timestamp":"2026-02-12T07:44:45.285Z"}
{"level":"info","message":"运行增强Agent: sentiment","service":"public-opinion-system","timestamp":"2026-02-12T07:44:45.286Z"}
{"level":"info","message":"深度学习情感分析开始处理 16 条数据","service":"public-opinion-system","timestamp":"2026-02-12T07:44:45.287Z"}
{"level":"info","message":"运行增强Agent: topic","service":"public-opinion-system","timestamp":"2026-02-12T07:44:45.287Z"}
{"level":"info","message":"主题建模Agent开始处理 16 条数据","service":"public-opinion-system","timestamp":"2026-02-12T07:44:45.287Z"}
{"level":"info","message":"运行增强Agent: risk","service":"public-opinion-system","timestamp":"2026-02-12T07:44:45.287Z"}
{"level":"info","message":"神经网络风险评估Agent开始处理 16 条数据","service":"public-opinion-system","timestamp":"2026-02-12T07:44:45.288Z"}
{"level":"info","message":"主题建模完成，发现 5 个主题，10 个关键词","service":"public-opinion-system","timestamp":"2026-02-12T07:44:45.289Z"}
{"level":"info","message":"增强Agent topic 完成，置信度: 0.64，用时: 2ms","service":"public-opinion-system","timestamp":"2026-02-12T07:44:45.289Z"}
{"level":"info","message":"深度学习情感分析完成，整体情感得分: 0.00，置信度: 0.65","service":"public-opinion-system","timestamp":"2026-02-12T07:44:45.290Z"}
{"level":"info","message":"神经网络风险评估完成，整体风险等级: low, 风险评分: 0.04","service":"public-opinion-system","timestamp":"2026-02-12T07:44:45.290Z"}
{"level":"info","message":"增强Agent sentiment 完成，置信度: 0.65，用时: 4ms","service":"public-opinion-system","timestamp":"2026-02-12T07:44:45.291Z"}
{"level":"info","message":"增强Agent risk 完成，置信度: 0.67，用时: 3ms","service":"public-opinion-system","timestamp":"2026-02-12T07:44:45.291Z"}
{"level":"info","message":"第 2 轮增强分析完成，平均置信度: 0.65","service":"public-opinion-system","timestamp":"2026-02-12T07:44:45.291Z"}
{"level":"info","message":"第 2 轮智能数据增强","service":"public-opinion-system","timestamp":"2026-02-12T07:44:45.292Z"}
{"level":"info","message":"数据增强完成，原始 16 条 → 增强 16 条","service":"public-opinion-system","timestamp":"2026-02-12T07:44:45.292Z"}
{"level":"info","message":"第 3 轮增强分析开始","service":"public-opinion-system","timestamp":"2026-02-12T07:44:45.292Z"}
{"level":"info","message":"运行增强Agent: sentiment","service":"public-opinion-system","timestamp":"2026-02-12T07:44:45.293Z"}
{"level":"info","message":"深度学习情感分析开始处理 16 条数据","service":"public-opinion-system","timestamp":"2026-02-12T07:44:45.293Z"}
{"level":"info","message":"运行增强Agent: topic","service":"public-opinion-system","timestamp":"2026-02-12T07:44:45.293Z"}
{"level":"info","message":"主题建模Agent开始处理 16 条数据","service":"public-opinion-system","timestamp":"2026-02-12T07:44:45.294Z"}
{"level":"info","message":"运行增强Agent: risk","service":"public-opinion-system","timestamp":"2026-02-12T07:44:45.294Z"}
{"level":"info","message":"神经网络风险评估Agent开始处理 16 条数据","service":"public-opinion-system","timestamp":"2026-02-12T07:44:45.294Z"}
{"level":"info","message":"主题建模完成，发现 5 个主题，10 个关键词","service":"public-opinion-system","timestamp":"2026-02-12T07:44:45.295Z"}
{"level":"info","message":"增强Agent topic 完成，置信度: 0.64，用时: 1ms","service":"public-opinion-system","timestamp":"2026-02-12T07:44:45.295Z"}
{"level":"info","message":"深度学习情感分析完成，整体情感得分: 0.00，置信度: 0.65","service":"public-opinion-system","timestamp":"2026-02-12T07:44:45.296Z"}
{"level":"info","message":"神经网络风险评估完成，整体风险等级: low, 风险评分: 0.04","service":"public-opinion-system","timestamp":"2026-02-12T07:44:45.296Z"}
{"level":"info","message":"增强Agent sentiment 完成，置信度: 0.65，用时: 4ms","service":"public-opinion-system","timestamp":"2026-02-12T07:44:45.297Z"}
{"level":"info","message":"增强Agent risk 完成，置信度: 0.67，用时: 3ms","service":"public-opinion-system","timestamp":"2026-02-12T07:44:45.297Z"}
{"level":"info","message":"第 3 轮增强分析完成，平均置信度: 0.65","service":"public-opinion-system","timestamp":"2026-02-12T07:44:45.297Z"}
{"level":"info","message":"第 3 轮智能数据增强","service":"public-opinion-system","timestamp":"2026-02-12T07:44:45.297Z"}
{"level":"info","message":"数据增强完成，原始 16 条 → 增强 16 条","service":"public-opinion-system","timestamp":"2026-02-12T07:44:45.298Z"}
{"level":"info","message":"第 4 轮增强分析开始","service":"public-opinion-system","timestamp":"2026-02-12T07:44:45.298Z"}
{"level":"info","message":"运行增强Agent: sentiment","service":"public-opinion-system","timestamp":"2026-02-12T07:44:45.298Z"}
{"level":"info","message":"深度学习情感分析开始处理 16 条数据","service":"public-opinion-system","timestamp":"2026-02-12T07:44:45.298Z"}
{"level":"info","message":"运行增强Agent: topic","service":"public-opinion-system","timestamp":"2026-02-12T07:44:45.298Z"}
{"level":"info","message":"主题建模Agent开始处理 16 条数据","service":"public-opinion-system","timestamp":"2026-02-12T07:44:45.299Z"}
{"level":"info","message":"运行增强Agent: risk","service":"public-opinion-system","timestamp":"2026-02-12T07:44:45.299Z"}
{"level":"info","message":"神经网络风险评估Agent开始处理 16 条数据","service":"public-opinion-system","timestamp":"2026-02-12T07:44:45.299Z"}
{"level":"info","message":"主题建模完成，发现 5 个主题，10 个关键词","service":"public-opinion-system","timestamp":"2026-02-12T07:44:45.300Z"}
{"level":"info","message":"增强Agent topic 完成，置信度: 0.64，用时: 1ms","service":"public-opinion-system","timestamp":"2026-02-12T07:44:45.300Z"}
{"level":"info","message":"深度学习情感分析完成，整体情感得分: 0.00，置信度: 0.65","service":"public-opinion-system","timestamp":"2026-02-12T07:44:45.301Z"}
{"level":"info","message":"神经网络风险评估完成，整体风险等级: low, 风险评分: 0.04","service":"public-opinion-system","timestamp":"2026-02-12T07:44:45.301Z"}
{"level":"info","message":"增强Agent sentiment 完成，置信度: 0.65，用时: 3ms","service":"public-opinion-system","timestamp":"2026-02-12T07:44:45.301Z"}
{"level":"info","message":"增强Agent risk 完成，置信度: 0.67，用时: 3ms","service":"public-opinion-system","timestamp":"2026-02-12T07:44:45.302Z"}
{"level":"info","message":"第 4 轮增强分析完成，平均置信度: 0.65","service":"public-opinion-system","timestamp":"2026-02-12T07:44:45.302Z"}
{"level":"info","message":"第 4 轮智能数据增强","service":"public-opinion-system","timestamp":"2026-02-12T07:44:45.302Z"}
{"level":"info","message":"数据增强完成，原始 16 条 → 增强 16 条","service":"public-opinion-system","timestamp":"2026-02-12T07:44:45.302Z"}
{"level":"info","message":"第 5 轮增强分析开始","service":"public-opinion-system","timestamp":"2026-02-12T07:44:45.303Z"}
{"level":"info","message":"运行增强Agent: sentiment","service":"public-opinion-system","timestamp":"2026-02-12T07:44:45.303Z"}
{"level":"info","message":"深度学习情感分析开始处理 16 条数据","service":"public-opinion-system","timestamp":"2026-02-12T07:44:45.303Z"}
{"level":"info","message":"运行增强Agent: topic","service":"public-opinion-system","timestamp":"2026-02-12T07:44:45.303Z"}
{"level":"info","message":"主题建模Agent开始处理 16 条数据","service":"public-opinion-system","timestamp":"2026-02-12T07:44:45.303Z"}
{"level":"info","message":"运行增强Agent: risk","service":"public-opinion-system","timestamp":"2026-02-12T07:44:45.304Z"}
{"level":"info","message":"神经网络风险评估Agent开始处理 16 条数据","service":"public-opinion-system","timestamp":"2026-02-12T07:44:45.304Z"}
{"level":"info","message":"主题建模完成，发现 5 个主题，10 个关键词","service":"public-opinion-system","timestamp":"2026-02-12T07:44:45.305Z"}
{"level":"info","message":"增强Agent topic 完成，置信度: 0.64，用时: 2ms","service":"public-opinion-system","timestamp":"2026-02-12T07:44:45.305Z"}
{"level":"info","message":"深度学习情感分析完成，整体情感得分: 0.00，置信度: 0.65","service":"public-opinion-system","timestamp":"2026-02-12T07:44:45.305Z"}
{"level":"info","message":"神经网络风险评估完成，整体风险等级: low, 风险评分: 0.04","service":"public-opinion-system","timestamp":"2026-02-12T07:44:45.305Z"}
{"level":"info","message":"增强Agent sentiment 完成，置信度: 0.65，用时: 3ms","service":"public-opinion-system","timestamp":"2026-02-12T07:44:45.306Z"}
{"level":"info","message":"增强Agent risk 完成，置信度: 0.67，用时: 2ms","service":"public-opinion-system","timestamp":"2026-02-12T07:44:45.306Z"}
{"level":"info","message":"第 5 轮增强分析完成，平均置信度: 0.65","service":"public-opinion-system","timestamp":"2026-02-12T07:44:45.306Z"}
{"level":"info","message":"增强AI分析任务 analysis_1770882285269_8rwoqnlrb 完成，共进行 5 轮分析","service":"public-opinion-system","timestamp":"2026-02-12T07:44:45.307Z"}
{"level":"info","message":"核心组件初始化完成","service":"public-opinion-system","timestamp":"2026-02-12T07:47:43.500Z"}
{"level":"info","message":"初始化增强AI分析引擎V2...","service":"public-opinion-system","timestamp":"2026-02-12T07:47:43.506Z"}
{"level":"info","message":"初始化Agent: DeepLearningSentimentAgent","service":"public-opinion-system","timestamp":"2026-02-12T07:47:43.507Z"}
{"level":"info","message":"加载深度学习情感分析模型...","service":"public-opinion-system","timestamp":"2026-02-12T07:47:43.507Z"}
{"level":"info","message":"深度学习模型加载完成","service":"public-opinion-system","timestamp":"2026-02-12T07:47:43.508Z"}
{"level":"info","message":"增强Agent sentiment 初始化完成","service":"public-opinion-system","timestamp":"2026-02-12T07:47:43.508Z"}
{"level":"info","message":"初始化Agent: TopicModelingAgent","service":"public-opinion-system","timestamp":"2026-02-12T07:47:43.511Z"}
{"level":"info","message":"加载主题建模模型...","service":"public-opinion-system","timestamp":"2026-02-12T07:47:43.512Z"}
{"level":"info","message":"主题建模模型加载完成","service":"public-opinion-system","timestamp":"2026-02-12T07:47:43.512Z"}
{"level":"info","message":"增强Agent topic 初始化完成","service":"public-opinion-system","timestamp":"2026-02-12T07:47:43.513Z"}
{"level":"info","message":"初始化Agent: NeuralRiskAssessmentAgent","service":"public-opinion-system","timestamp":"2026-02-12T07:47:43.513Z"}
{"level":"info","message":"加载神经网络风险评估模型...","service":"public-opinion-system","timestamp":"2026-02-12T07:47:43.513Z"}
{"level":"info","message":"神经网络风险评估模型加载完成","service":"public-opinion-system","timestamp":"2026-02-12T07:47:43.513Z"}
{"level":"info","message":"增强Agent risk 初始化完成","service":"public-opinion-system","timestamp":"2026-02-12T07:47:43.514Z"}
{"level":"info","message":"增强AI分析引擎V2初始化完成","service":"public-opinion-system","timestamp":"2026-02-12T07:47:43.514Z"}
{"level":"info","message":"启动技能管理器...","service":"public-opinion-system","timestamp":"2026-02-12T07:47:43.515Z"}
{"level":"info","message":"加载技能: DataCleaningSkill v1.0.0","service":"public-opinion-system","timestamp":"2026-02-12T07:47:43.519Z"}
{"level":"info","message":"技能管理器启动完成","service":"public-opinion-system","timestamp":"2026-02-12T07:47:43.520Z"}
{"level":"warn","message":"实时监控未在运行","service":"public-opinion-system","timestamp":"2026-02-12T07:48:23.420Z"}
{"level":"info","message":"核心组件初始化完成","service":"public-opinion-system","timestamp":"2026-02-12T07:48:24.176Z"}
{"level":"info","message":"初始化增强AI分析引擎V2...","service":"public-opinion-system","timestamp":"2026-02-12T07:48:24.179Z"}
{"level":"info","message":"初始化Agent: DeepLearningSentimentAgent","service":"public-opinion-system","timestamp":"2026-02-12T07:48:24.179Z"}
{"level":"info","message":"加载深度学习情感分析模型...","service":"public-opinion-system","timestamp":"2026-02-12T07:48:24.180Z"}
{"level":"info","message":"深度学习模型加载完成","service":"public-opinion-system","timestamp":"2026-02-12T07:48:24.180Z"}
{"level":"info","message":"增强Agent sentiment 初始化完成","service":"public-opinion-system","timestamp":"2026-02-12T07:48:24.180Z"}
{"level":"info","message":"初始化Agent: TopicModelingAgent","service":"public-opinion-system","timestamp":"2026-02-12T07:48:24.180Z"}
{"level":"info","message":"加载主题建模模型...","service":"public-opinion-system","timestamp":"2026-02-12T07:48:24.180Z"}
{"level":"info","message":"主题建模模型加载完成","service":"public-opinion-system","timestamp":"2026-02-12T07:48:24.180Z"}
{"level":"info","message":"增强Agent topic 初始化完成","service":"public-opinion-system","timestamp":"2026-02-12T07:48:24.180Z"}
{"level":"info","message":"初始化Agent: NeuralRiskAssessmentAgent","service":"public-opinion-system","timestamp":"2026-02-12T07:48:24.180Z"}
{"level":"info","message":"加载神经网络风险评估模型...","service":"public-opinion-system","timestamp":"2026-02-12T07:48:24.181Z"}
{"level":"info","message":"神经网络风险评估模型加载完成","service":"public-opinion-system","timestamp":"2026-02-12T07:48:24.181Z"}
{"level":"info","message":"增强Agent risk 初始化完成","service":"public-opinion-system","timestamp":"2026-02-12T07:48:24.181Z"}
{"level":"info","message":"增强AI分析引擎V2初始化完成","service":"public-opinion-system","timestamp":"2026-02-12T07:48:24.181Z"}
{"level":"info","message":"启动技能管理器...","service":"public-opinion-system","timestamp":"2026-02-12T07:48:24.181Z"}
{"level":"info","message":"加载技能: DataCleaningSkill v1.0.0","service":"public-opinion-system","timestamp":"2026-02-12T07:48:24.184Z"}
{"level":"info","message":"技能管理器启动完成","service":"public-opinion-system","timestamp":"2026-02-12T07:48:24.185Z"}
{"level":"info","message":"开始多源数据收集，关键词: 热点, 新闻, 平台: weibo, zhihu","service":"public-opinion-system","timestamp":"2026-02-12T07:48:25.752Z"}
{"level":"info","message":"微博数据源开始收集: 热点","service":"public-opinion-system","timestamp":"2026-02-12T07:48:25.752Z"}
{"level":"info","message":"微博数据源完成收集: 热点, 获得 0 条数据","service":"public-opinion-system","timestamp":"2026-02-12T07:48:25.993Z"}
{"level":"info","message":"从 weibo 获取关键词 \"热点\" 的 0 条数据","service":"public-opinion-system","timestamp":"2026-02-12T07:48:25.994Z"}
{"level":"info","message":"微博数据源开始收集: 新闻","service":"public-opinion-system","timestamp":"2026-02-12T07:48:26.999Z"}
{"level":"info","message":"微博数据源完成收集: 新闻, 获得 0 条数据","service":"public-opinion-system","timestamp":"2026-02-12T07:48:27.110Z"}
{"level":"info","message":"从 weibo 获取关键词 \"新闻\" 的 0 条数据","service":"public-opinion-system","timestamp":"2026-02-12T07:48:27.111Z"}
{"level":"info","message":"知乎数据源开始收集: 热点","service":"public-opinion-system","timestamp":"2026-02-12T07:48:28.116Z"}
{"level":"error","message":"知乎搜索失败:","service":"public-opinion-system","timestamp":"2026-02-12T07:48:28.276Z"}
{"level":"info","message":"知乎数据源完成收集: 热点, 获得 0 条数据","service":"public-opinion-system","timestamp":"2026-02-12T07:48:28.276Z"}
{"level":"info","message":"从 zhihu 获取关键词 \"热点\" 的 0 条数据","service":"public-opinion-system","timestamp":"2026-02-12T07:48:28.276Z"}
{"level":"info","message":"知乎数据源开始收集: 新闻","service":"public-opinion-system","timestamp":"2026-02-12T07:48:29.283Z"}
{"level":"error","message":"知乎搜索失败:","service":"public-opinion-system","timestamp":"2026-02-12T07:48:29.347Z"}
{"level":"info","message":"知乎数据源完成收集: 新闻, 获得 0 条数据","service":"public-opinion-system","timestamp":"2026-02-12T07:48:29.348Z"}
{"level":"info","message":"从 zhihu 获取关键词 \"新闻\" 的 0 条数据","service":"public-opinion-system","timestamp":"2026-02-12T07:48:29.348Z"}
{"level":"info","message":"多源数据收集完成，共获得 0 条数据","service":"public-opinion-system","timestamp":"2026-02-12T07:48:30.349Z"}
{"level":"info","message":"初始化增强AI分析引擎V2...","service":"public-opinion-system","timestamp":"2026-02-12T07:56:42.954Z"}
{"level":"info","message":"初始化Agent: DeepLearningSentimentAgent","service":"public-opinion-system","timestamp":"2026-02-12T07:56:42.957Z"}
{"level":"info","message":"加载深度学习情感分析模型...","service":"public-opinion-system","timestamp":"2026-02-12T07:56:42.959Z"}
{"level":"info","message":"深度学习模型加载完成","service":"public-opinion-system","timestamp":"2026-02-12T07:56:42.959Z"}
{"level":"info","message":"增强Agent sentiment 初始化完成","service":"public-opinion-system","timestamp":"2026-02-12T07:56:42.959Z"}
{"level":"info","message":"初始化Agent: TopicModelingAgent","service":"public-opinion-system","timestamp":"2026-02-12T07:56:42.960Z"}
{"level":"info","message":"加载主题建模模型...","service":"public-opinion-system","timestamp":"2026-02-12T07:56:42.960Z"}
{"level":"info","message":"主题建模模型加载完成","service":"public-opinion-system","timestamp":"2026-02-12T07:56:42.960Z"}
{"level":"info","message":"增强Agent topic 初始化完成","service":"public-opinion-system","timestamp":"2026-02-12T07:56:42.963Z"}
{"level":"info","message":"初始化Agent: NeuralRiskAssessmentAgent","service":"public-opinion-system","timestamp":"2026-02-12T07:56:42.964Z"}
{"level":"info","message":"加载神经网络风险评估模型...","service":"public-opinion-system","timestamp":"2026-02-12T07:56:42.964Z"}
{"level":"info","message":"神经网络风险评估模型加载完成","service":"public-opinion-system","timestamp":"2026-02-12T07:56:42.965Z"}
{"level":"info","message":"增强Agent risk 初始化完成","service":"public-opinion-system","timestamp":"2026-02-12T07:56:42.965Z"}
{"level":"info","message":"增强AI分析引擎V2初始化完成","service":"public-opinion-system","timestamp":"2026-02-12T07:56:42.965Z"}
{"level":"info","message":"启动技能管理器...","service":"public-opinion-system","timestamp":"2026-02-12T07:56:42.966Z"}
{"level":"info","message":"加载技能: DataCleaningSkill v1.0.0","service":"public-opinion-system","timestamp":"2026-02-12T07:56:42.970Z"}
{"level":"info","message":"技能管理器启动完成","service":"public-opinion-system","timestamp":"2026-02-12T07:56:42.970Z"}
{"level":"info","message":"开始多源数据收集，关键词: 热点新闻, 平台: news, weibo, zhihu","service":"public-opinion-system","timestamp":"2026-02-12T07:56:42.971Z"}
{"level":"info","message":"新闻数据源开始收集: 热点新闻","service":"public-opinion-system","timestamp":"2026-02-12T07:56:42.972Z"}
{"level":"info","message":"新闻数据源完成收集: 热点新闻, 获得 5 条数据","service":"public-opinion-system","timestamp":"2026-02-12T07:56:43.192Z"}
{"level":"info","message":"从 news 获取关键词 \"热点新闻\" 的 4 条数据","service":"public-opinion-system","timestamp":"2026-02-12T07:56:43.193Z"}
{"level":"info","message":"微博数据源开始收集: 热点新闻","service":"public-opinion-system","timestamp":"2026-02-12T07:56:44.201Z"}
{"level":"info","message":"微博数据源完成收集: 热点新闻, 获得 0 条数据","service":"public-opinion-system","timestamp":"2026-02-12T07:56:44.345Z"}
{"level":"info","message":"从 weibo 获取关键词 \"热点新闻\" 的 0 条数据","service":"public-opinion-system","timestamp":"2026-02-12T07:56:44.345Z"}
{"level":"info","message":"知乎数据源开始收集: 热点新闻","service":"public-opinion-system","timestamp":"2026-02-12T07:56:45.352Z"}
{"level":"error","message":"知乎搜索失败:","service":"public-opinion-system","timestamp":"2026-02-12T07:56:45.489Z"}
{"level":"info","message":"知乎数据源完成收集: 热点新闻, 获得 0 条数据","service":"public-opinion-system","timestamp":"2026-02-12T07:56:45.489Z"}
{"level":"info","message":"从 zhihu 获取关键词 \"热点新闻\" 的 0 条数据","service":"public-opinion-system","timestamp":"2026-02-12T07:56:45.490Z"}
{"level":"info","message":"多源数据收集完成，共获得 4 条数据","service":"public-opinion-system","timestamp":"2026-02-12T07:56:46.501Z"}
{"level":"info","message":"初始化增强AI分析引擎V2...","service":"public-opinion-system","timestamp":"2026-02-12T07:56:57.374Z"}
{"level":"info","message":"初始化Agent: DeepLearningSentimentAgent","service":"public-opinion-system","timestamp":"2026-02-12T07:56:57.377Z"}
{"level":"info","message":"加载深度学习情感分析模型...","service":"public-opinion-system","timestamp":"2026-02-12T07:56:57.378Z"}
{"level":"info","message":"深度学习模型加载完成","service":"public-opinion-system","timestamp":"2026-02-12T07:56:57.378Z"}
{"level":"info","message":"增强Agent sentiment 初始化完成","service":"public-opinion-system","timestamp":"2026-02-12T07:56:57.379Z"}
{"level":"info","message":"初始化Agent: TopicModelingAgent","service":"public-opinion-system","timestamp":"2026-02-12T07:56:57.379Z"}
{"level":"info","message":"加载主题建模模型...","service":"public-opinion-system","timestamp":"2026-02-12T07:56:57.380Z"}
{"level":"info","message":"主题建模模型加载完成","service":"public-opinion-system","timestamp":"2026-02-12T07:56:57.380Z"}
{"level":"info","message":"增强Agent topic 初始化完成","service":"public-opinion-system","timestamp":"2026-02-12T07:56:57.383Z"}
{"level":"info","message":"初始化Agent: NeuralRiskAssessmentAgent","service":"public-opinion-system","timestamp":"2026-02-12T07:56:57.384Z"}
{"level":"info","message":"加载神经网络风险评估模型...","service":"public-opinion-system","timestamp":"2026-02-12T07:56:57.385Z"}
{"level":"info","message":"神经网络风险评估模型加载完成","service":"public-opinion-system","timestamp":"2026-02-12T07:56:57.386Z"}
{"level":"info","message":"增强Agent risk 初始化完成","service":"public-opinion-system","timestamp":"2026-02-12T07:56:57.386Z"}
{"level":"info","message":"增强AI分析引擎V2初始化完成","service":"public-opinion-system","timestamp":"2026-02-12T07:56:57.387Z"}
{"level":"info","message":"启动技能管理器...","service":"public-opinion-system","timestamp":"2026-02-12T07:56:57.387Z"}
{"level":"info","message":"加载技能: DataCleaningSkill v1.0.0","service":"public-opinion-system","timestamp":"2026-02-12T07:56:57.390Z"}
{"level":"info","message":"技能管理器启动完成","service":"public-opinion-system","timestamp":"2026-02-12T07:56:57.390Z"}
{"level":"info","message":"开始多源数据收集，关键词: 人工智能, 平台: news","service":"public-opinion-system","timestamp":"2026-02-12T07:56:57.392Z"}
{"level":"info","message":"新闻数据源开始收集: 人工智能","service":"public-opinion-system","timestamp":"2026-02-12T07:56:57.392Z"}
{"level":"info","message":"新闻数据源完成收集: 人工智能, 获得 10 条数据","service":"public-opinion-system","timestamp":"2026-02-12T07:56:57.663Z"}
{"level":"info","message":"从 news 获取关键词 \"人工智能\" 的 8 条数据","service":"public-opinion-system","timestamp":"2026-02-12T07:56:57.664Z"}
{"level":"info","message":"多源数据收集完成，共获得 8 条数据","service":"public-opinion-system","timestamp":"2026-02-12T07:56:58.668Z"}
{"level":"info","message":"初始化增强AI分析引擎V2...","service":"public-opinion-system","timestamp":"2026-02-12T08:01:29.693Z"}
{"level":"info","message":"初始化Agent: DeepLearningSentimentAgent","service":"public-opinion-system","timestamp":"2026-02-12T08:01:29.697Z"}
{"level":"info","message":"加载深度学习情感分析模型...","service":"public-opinion-system","timestamp":"2026-02-12T08:01:29.698Z"}
{"level":"info","message":"深度学习模型加载完成","service":"public-opinion-system","timestamp":"2026-02-12T08:01:29.699Z"}
{"level":"info","message":"增强Agent sentiment 初始化完成","service":"public-opinion-system","timestamp":"2026-02-12T08:01:29.699Z"}
{"level":"info","message":"初始化Agent: TopicModelingAgent","service":"public-opinion-system","timestamp":"2026-02-12T08:01:29.700Z"}
{"level":"info","message":"加载主题建模模型...","service":"public-opinion-system","timestamp":"2026-02-12T08:01:29.700Z"}
{"level":"info","message":"主题建模模型加载完成","service":"public-opinion-system","timestamp":"2026-02-12T08:01:29.700Z"}
{"level":"info","message":"增强Agent topic 初始化完成","service":"public-opinion-system","timestamp":"2026-02-12T08:01:29.701Z"}
{"level":"info","message":"初始化Agent: NeuralRiskAssessmentAgent","service":"public-opinion-system","timestamp":"2026-02-12T08:01:29.701Z"}
{"level":"info","message":"加载神经网络风险评估模型...","service":"public-opinion-system","timestamp":"2026-02-12T08:01:29.701Z"}
{"level":"info","message":"神经网络风险评估模型加载完成","service":"public-opinion-system","timestamp":"2026-02-12T08:01:29.702Z"}
{"level":"info","message":"增强Agent risk 初始化完成","service":"public-opinion-system","timestamp":"2026-02-12T08:01:29.702Z"}
{"level":"info","message":"增强AI分析引擎V2初始化完成","service":"public-opinion-system","timestamp":"2026-02-12T08:01:29.702Z"}
{"level":"info","message":"启动技能管理器...","service":"public-opinion-system","timestamp":"2026-02-12T08:01:29.703Z"}
{"level":"info","message":"加载技能: DataCleaningSkill v1.0.0","service":"public-opinion-system","timestamp":"2026-02-12T08:01:29.708Z"}
{"level":"info","message":"技能管理器启动完成","service":"public-opinion-system","timestamp":"2026-02-12T08:01:29.709Z"}
{"level":"info","message":"增强真实数据收集开始，关键词: 人工智能, 平台: baidu_news, weibo","service":"public-opinion-system","timestamp":"2026-02-12T08:01:29.710Z"}
{"level":"info","message":"百度新闻开始收集: 人工智能","service":"public-opinion-system","timestamp":"2026-02-12T08:01:29.710Z"}
{"level":"error","message":"百度新闻收集失败: maxResults is not defined","service":"public-opinion-system","timestamp":"2026-02-12T08:01:30.857Z"}
{"level":"info","message":"从 baidu_news 收集关键词 \"人工智能\" 获得 3 条真实数据","service":"public-opinion-system","timestamp":"2026-02-12T08:01:30.857Z"}
{"level":"info","message":"微博真实数据收集开始: 人工智能","service":"public-opinion-system","timestamp":"2026-02-12T08:01:32.860Z"}
{"level":"warn","message":"微博搜索配置失败: Request failed with status code 432","service":"public-opinion-system","timestamp":"2026-02-12T08:01:32.928Z"}
{"level":"warn","message":"微博搜索配置失败: Request failed with status code 432","service":"public-opinion-system","timestamp":"2026-02-12T08:01:32.940Z"}
{"level":"info","message":"从 weibo 收集关键词 \"人工智能\" 获得 0 条真实数据","service":"public-opinion-system","timestamp":"2026-02-12T08:01:32.973Z"}
{"level":"info","message":"增强真实数据收集完成，共获得 3 条数据","service":"public-opinion-system","timestamp":"2026-02-12T08:01:34.978Z"}
{"level":"info","message":"初始化增强AI分析引擎V2...","service":"public-opinion-system","timestamp":"2026-02-12T08:05:25.208Z"}
{"level":"info","message":"初始化Agent: DeepLearningSentimentAgent","service":"public-opinion-system","timestamp":"2026-02-12T08:05:25.210Z"}
{"level":"info","message":"加载深度学习情感分析模型...","service":"public-opinion-system","timestamp":"2026-02-12T08:05:25.212Z"}
{"level":"info","message":"深度学习模型加载完成","service":"public-opinion-system","timestamp":"2026-02-12T08:05:25.212Z"}
{"level":"info","message":"增强Agent sentiment 初始化完成","service":"public-opinion-system","timestamp":"2026-02-12T08:05:25.213Z"}
{"level":"info","message":"初始化Agent: TopicModelingAgent","service":"public-opinion-system","timestamp":"2026-02-12T08:05:25.213Z"}
{"level":"info","message":"加载主题建模模型...","service":"public-opinion-system","timestamp":"2026-02-12T08:05:25.214Z"}
{"level":"info","message":"主题建模模型加载完成","service":"public-opinion-system","timestamp":"2026-02-12T08:05:25.214Z"}
{"level":"info","message":"增强Agent topic 初始化完成","service":"public-opinion-system","timestamp":"2026-02-12T08:05:25.214Z"}
{"level":"info","message":"初始化Agent: NeuralRiskAssessmentAgent","service":"public-opinion-system","timestamp":"2026-02-12T08:05:25.215Z"}
{"level":"info","message":"加载神经网络风险评估模型...","service":"public-opinion-system","timestamp":"2026-02-12T08:05:25.215Z"}
{"level":"info","message":"神经网络风险评估模型加载完成","service":"public-opinion-system","timestamp":"2026-02-12T08:05:25.215Z"}
{"level":"info","message":"增强Agent risk 初始化完成","service":"public-opinion-system","timestamp":"2026-02-12T08:05:25.215Z"}
{"level":"info","message":"增强AI分析引擎V2初始化完成","service":"public-opinion-system","timestamp":"2026-02-12T08:05:25.216Z"}
{"level":"info","message":"启动技能管理器...","service":"public-opinion-system","timestamp":"2026-02-12T08:05:25.216Z"}
{"level":"info","message":"加载技能: DataCleaningSkill v1.0.0","service":"public-opinion-system","timestamp":"2026-02-12T08:05:25.223Z"}
{"level":"info","message":"技能管理器启动完成","service":"public-opinion-system","timestamp":"2026-02-12T08:05:25.223Z"}
{"level":"info","message":"V2真实数据收集开始，关键词: 人工智能, 平台: news, social","service":"public-opinion-system","timestamp":"2026-02-12T08:05:25.224Z"}
{"level":"info","message":"新闻API开始收集: 人工智能","service":"public-opinion-system","timestamp":"2026-02-12T08:05:25.225Z"}
{"level":"warn","message":"NewsAPI获取失败: timeout of 10000ms exceeded","service":"public-opinion-system","timestamp":"2026-02-12T08:05:35.270Z"}
{"level":"warn","message":"GNews API获取失败: Request failed with status code 400","service":"public-opinion-system","timestamp":"2026-02-12T08:05:36.032Z"}
{"level":"info","message":"备用API成功获取 0 条数据","service":"public-opinion-system","timestamp":"2026-02-12T08:05:36.032Z"}
{"level":"info","message":"从 news 收集关键词 \"人工智能\" 获得 0 条真实数据","service":"public-opinion-system","timestamp":"2026-02-12T08:05:36.033Z"}
{"level":"info","message":"社交媒体收集开始: 人工智能","service":"public-opinion-system","timestamp":"2026-02-12T08:05:37.036Z"}
{"level":"info","message":"从 social 收集关键词 \"人工智能\" 获得 4 条真实数据","service":"public-opinion-system","timestamp":"2026-02-12T08:05:37.037Z"}
{"level":"info","message":"V2真实数据收集完成，共获得 4 条数据","service":"public-opinion-system","timestamp":"2026-02-12T08:05:38.053Z"}
{"level":"info","message":"初始化增强AI分析引擎V2...","service":"public-opinion-system","timestamp":"2026-02-12T08:05:48.524Z"}
{"level":"info","message":"初始化Agent: DeepLearningSentimentAgent","service":"public-opinion-system","timestamp":"2026-02-12T08:05:48.526Z"}
{"level":"info","message":"加载深度学习情感分析模型...","service":"public-opinion-system","timestamp":"2026-02-12T08:05:48.528Z"}
{"level":"info","message":"深度学习模型加载完成","service":"public-opinion-system","timestamp":"2026-02-12T08:05:48.528Z"}
{"level":"info","message":"增强Agent sentiment 初始化完成","service":"public-opinion-system","timestamp":"2026-02-12T08:05:48.528Z"}
{"level":"info","message":"初始化Agent: TopicModelingAgent","service":"public-opinion-system","timestamp":"2026-02-12T08:05:48.529Z"}
{"level":"info","message":"加载主题建模模型...","service":"public-opinion-system","timestamp":"2026-02-12T08:05:48.529Z"}
{"level":"info","message":"主题建模模型加载完成","service":"public-opinion-system","timestamp":"2026-02-12T08:05:48.530Z"}
{"level":"info","message":"增强Agent topic 初始化完成","service":"public-opinion-system","timestamp":"2026-02-12T08:05:48.530Z"}
{"level":"info","message":"初始化Agent: NeuralRiskAssessmentAgent","service":"public-opinion-system","timestamp":"2026-02-12T08:05:48.533Z"}
{"level":"info","message":"加载神经网络风险评估模型...","service":"public-opinion-system","timestamp":"2026-02-12T08:05:48.534Z"}
{"level":"info","message":"神经网络风险评估模型加载完成","service":"public-opinion-system","timestamp":"2026-02-12T08:05:48.534Z"}
{"level":"info","message":"增强Agent risk 初始化完成","service":"public-opinion-system","timestamp":"2026-02-12T08:05:48.534Z"}
{"level":"info","message":"增强AI分析引擎V2初始化完成","service":"public-opinion-system","timestamp":"2026-02-12T08:05:48.534Z"}
{"level":"info","message":"启动技能管理器...","service":"public-opinion-system","timestamp":"2026-02-12T08:05:48.535Z"}
{"level":"info","message":"加载技能: DataCleaningSkill v1.0.0","service":"public-opinion-system","timestamp":"2026-02-12T08:05:48.539Z"}
{"level":"info","message":"技能管理器启动完成","service":"public-opinion-system","timestamp":"2026-02-12T08:05:48.539Z"}
{"level":"info","message":"V2真实数据收集开始，关键词: 春节, 放假, 平台: social","service":"public-opinion-system","timestamp":"2026-02-12T08:05:48.541Z"}
{"level":"info","message":"社交媒体收集开始: 春节","service":"public-opinion-system","timestamp":"2026-02-12T08:05:48.541Z"}
{"level":"info","message":"从 social 收集关键词 \"春节\" 获得 4 条真实数据","service":"public-opinion-system","timestamp":"2026-02-12T08:05:48.542Z"}
{"level":"info","message":"社交媒体收集开始: 放假","service":"public-opinion-system","timestamp":"2026-02-12T08:05:49.554Z"}
{"level":"info","message":"从 social 收集关键词 \"放假\" 获得 4 条真实数据","service":"public-opinion-system","timestamp":"2026-02-12T08:05:49.555Z"}
{"level":"info","message":"V2真实数据收集完成，共获得 8 条数据","service":"public-opinion-system","timestamp":"2026-02-12T08:05:50.555Z"}
{"level":"info","message":"初始化增强AI分析引擎V2...","service":"public-opinion-system","timestamp":"2026-02-12T08:06:01.548Z"}
{"level":"info","message":"初始化Agent: DeepLearningSentimentAgent","service":"public-opinion-system","timestamp":"2026-02-12T08:06:01.550Z"}
{"level":"info","message":"加载深度学习情感分析模型...","service":"public-opinion-system","timestamp":"2026-02-12T08:06:01.552Z"}
{"level":"info","message":"深度学习模型加载完成","service":"public-opinion-system","timestamp":"2026-02-12T08:06:01.552Z"}
{"level":"info","message":"增强Agent sentiment 初始化完成","service":"public-opinion-system","timestamp":"2026-02-12T08:06:01.553Z"}
{"level":"info","message":"初始化Agent: TopicModelingAgent","service":"public-opinion-system","timestamp":"2026-02-12T08:06:01.553Z"}
{"level":"info","message":"加载主题建模模型...","service":"public-opinion-system","timestamp":"2026-02-12T08:06:01.553Z"}
{"level":"info","message":"主题建模模型加载完成","service":"public-opinion-system","timestamp":"2026-02-12T08:06:01.554Z"}
{"level":"info","message":"增强Agent topic 初始化完成","service":"public-opinion-system","timestamp":"2026-02-12T08:06:01.558Z"}
{"level":"info","message":"初始化Agent: NeuralRiskAssessmentAgent","service":"public-opinion-system","timestamp":"2026-02-12T08:06:01.559Z"}
{"level":"info","message":"加载神经网络风险评估模型...","service":"public-opinion-system","timestamp":"2026-02-12T08:06:01.559Z"}
{"level":"info","message":"神经网络风险评估模型加载完成","service":"public-opinion-system","timestamp":"2026-02-12T08:06:01.560Z"}
{"level":"info","message":"增强Agent risk 初始化完成","service":"public-opinion-system","timestamp":"2026-02-12T08:06:01.560Z"}
{"level":"info","message":"增强AI分析引擎V2初始化完成","service":"public-opinion-system","timestamp":"2026-02-12T08:06:01.560Z"}
{"level":"info","message":"启动技能管理器...","service":"public-opinion-system","timestamp":"2026-02-12T08:06:01.561Z"}
{"level":"info","message":"加载技能: DataCleaningSkill v1.0.0","service":"public-opinion-system","timestamp":"2026-02-12T08:06:01.564Z"}
{"level":"info","message":"技能管理器启动完成","service":"public-opinion-system","timestamp":"2026-02-12T08:06:01.564Z"}
{"level":"info","message":"V2真实数据收集开始，关键词: 春节, 放假, 平台: social","service":"public-opinion-system","timestamp":"2026-02-12T08:06:01.566Z"}
{"level":"info","message":"社交媒体收集开始: 春节","service":"public-opinion-system","timestamp":"2026-02-12T08:06:01.567Z"}
{"level":"info","message":"从 social 收集关键词 \"春节\" 获得 6 条真实数据","service":"public-opinion-system","timestamp":"2026-02-12T08:06:01.567Z"}
{"level":"info","message":"社交媒体收集开始: 放假","service":"public-opinion-system","timestamp":"2026-02-12T08:06:02.571Z"}
{"level":"info","message":"从 social 收集关键词 \"放假\" 获得 6 条真实数据","service":"public-opinion-system","timestamp":"2026-02-12T08:06:02.572Z"}
{"level":"info","message":"V2真实数据收集完成，共获得 12 条数据","service":"public-opinion-system","timestamp":"2026-02-12T08:06:03.576Z"}
{"level":"info","message":"开始增强AI分析任务 analysis_1770883563593_nq1nv0hzl，数据量: 12，关键词: 春节, 放假","service":"public-opinion-system","timestamp":"2026-02-12T08:06:03.593Z"}
{"level":"info","message":"第 1 轮增强分析开始","service":"public-opinion-system","timestamp":"2026-02-12T08:06:03.593Z"}
{"level":"info","message":"运行增强Agent: sentiment","service":"public-opinion-system","timestamp":"2026-02-12T08:06:03.594Z"}
{"level":"info","message":"深度学习情感分析开始处理 12 条数据","service":"public-opinion-system","timestamp":"2026-02-12T08:06:03.594Z"}
{"level":"info","message":"运行增强Agent: topic","service":"public-opinion-system","timestamp":"2026-02-12T08:06:03.595Z"}
{"level":"info","message":"主题建模Agent开始处理 12 条数据","service":"public-opinion-system","timestamp":"2026-02-12T08:06:03.596Z"}
{"level":"info","message":"运行增强Agent: risk","service":"public-opinion-system","timestamp":"2026-02-12T08:06:03.596Z"}
{"level":"info","message":"神经网络风险评估Agent开始处理 12 条数据","service":"public-opinion-system","timestamp":"2026-02-12T08:06:03.597Z"}
{"level":"info","message":"主题建模完成，发现 5 个主题，14 个关键词","service":"public-opinion-system","timestamp":"2026-02-12T08:06:03.599Z"}
{"level":"info","message":"增强Agent topic 完成，置信度: 0.72，用时: 5ms","service":"public-opinion-system","timestamp":"2026-02-12T08:06:03.600Z"}
{"level":"info","message":"深度学习情感分析完成，整体情感得分: 0.00，置信度: 0.65","service":"public-opinion-system","timestamp":"2026-02-12T08:06:03.601Z"}
{"level":"info","message":"神经网络风险评估完成，整体风险等级: low, 风险评分: 0.00","service":"public-opinion-system","timestamp":"2026-02-12T08:06:03.602Z"}
{"level":"info","message":"增强Agent sentiment 完成，置信度: 0.65，用时: 8ms","service":"public-opinion-system","timestamp":"2026-02-12T08:06:03.602Z"}
{"level":"info","message":"增强Agent risk 完成，置信度: 0.67，用时: 5ms","service":"public-opinion-system","timestamp":"2026-02-12T08:06:03.602Z"}
{"level":"info","message":"第 1 轮增强分析完成，平均置信度: 0.68","service":"public-opinion-system","timestamp":"2026-02-12T08:06:03.603Z"}
{"level":"info","message":"第 1 轮智能数据增强","service":"public-opinion-system","timestamp":"2026-02-12T08:06:03.603Z"}
{"level":"info","message":"数据增强完成，原始 12 条 → 增强 12 条","service":"public-opinion-system","timestamp":"2026-02-12T08:06:03.603Z"}
{"level":"info","message":"第 2 轮增强分析开始","service":"public-opinion-system","timestamp":"2026-02-12T08:06:03.604Z"}
{"level":"info","message":"运行增强Agent: sentiment","service":"public-opinion-system","timestamp":"2026-02-12T08:06:03.604Z"}
{"level":"info","message":"深度学习情感分析开始处理 12 条数据","service":"public-opinion-system","timestamp":"2026-02-12T08:06:03.604Z"}
{"level":"info","message":"运行增强Agent: topic","service":"public-opinion-system","timestamp":"2026-02-12T08:06:03.604Z"}
{"level":"info","message":"主题建模Agent开始处理 12 条数据","service":"public-opinion-system","timestamp":"2026-02-12T08:06:03.605Z"}
{"level":"info","message":"运行增强Agent: risk","service":"public-opinion-system","timestamp":"2026-02-12T08:06:03.607Z"}
{"level":"info","message":"神经网络风险评估Agent开始处理 12 条数据","service":"public-opinion-system","timestamp":"2026-02-12T08:06:03.608Z"}
{"level":"info","message":"主题建模完成，发现 5 个主题，14 个关键词","service":"public-opinion-system","timestamp":"2026-02-12T08:06:03.611Z"}
{"level":"info","message":"增强Agent topic 完成，置信度: 0.72，用时: 6ms","service":"public-opinion-system","timestamp":"2026-02-12T08:06:03.611Z"}
{"level":"info","message":"深度学习情感分析完成，整体情感得分: 0.00，置信度: 0.65","service":"public-opinion-system","timestamp":"2026-02-12T08:06:03.612Z"}
{"level":"info","message":"神经网络风险评估完成，整体风险等级: low, 风险评分: 0.00","service":"public-opinion-system","timestamp":"2026-02-12T08:06:03.612Z"}
{"level":"info","message":"增强Agent sentiment 完成，置信度: 0.65，用时: 8ms","service":"public-opinion-system","timestamp":"2026-02-12T08:06:03.612Z"}
{"level":"info","message":"增强Agent risk 完成，置信度: 0.67，用时: 5ms","service":"public-opinion-system","timestamp":"2026-02-12T08:06:03.613Z"}
{"level":"info","message":"第 2 轮增强分析完成，平均置信度: 0.68","service":"public-opinion-system","timestamp":"2026-02-12T08:06:03.613Z"}
{"level":"info","message":"第 2 轮智能数据增强","service":"public-opinion-system","timestamp":"2026-02-12T08:06:03.613Z"}
{"level":"info","message":"数据增强完成，原始 12 条 → 增强 12 条","service":"public-opinion-system","timestamp":"2026-02-12T08:06:03.613Z"}
{"level":"info","message":"第 3 轮增强分析开始","service":"public-opinion-system","timestamp":"2026-02-12T08:06:03.614Z"}
{"level":"info","message":"运行增强Agent: sentiment","service":"public-opinion-system","timestamp":"2026-02-12T08:06:03.614Z"}
{"level":"info","message":"深度学习情感分析开始处理 12 条数据","service":"public-opinion-system","timestamp":"2026-02-12T08:06:03.614Z"}
{"level":"info","message":"运行增强Agent: topic","service":"public-opinion-system","timestamp":"2026-02-12T08:06:03.614Z"}
{"level":"info","message":"主题建模Agent开始处理 12 条数据","service":"public-opinion-system","timestamp":"2026-02-12T08:06:03.615Z"}
{"level":"info","message":"运行增强Agent: risk","service":"public-opinion-system","timestamp":"2026-02-12T08:06:03.615Z"}
{"level":"info","message":"神经网络风险评估Agent开始处理 12 条数据","service":"public-opinion-system","timestamp":"2026-02-12T08:06:03.615Z"}
{"level":"info","message":"主题建模完成，发现 5 个主题，14 个关键词","service":"public-opinion-system","timestamp":"2026-02-12T08:06:03.616Z"}
{"level":"info","message":"增强Agent topic 完成，置信度: 0.72，用时: 1ms","service":"public-opinion-system","timestamp":"2026-02-12T08:06:03.616Z"}
{"level":"info","message":"深度学习情感分析完成，整体情感得分: 0.00，置信度: 0.65","service":"public-opinion-system","timestamp":"2026-02-12T08:06:03.617Z"}
{"level":"info","message":"神经网络风险评估完成，整体风险等级: low, 风险评分: 0.00","service":"public-opinion-system","timestamp":"2026-02-12T08:06:03.617Z"}
{"level":"info","message":"增强Agent sentiment 完成，置信度: 0.65，用时: 3ms","service":"public-opinion-system","timestamp":"2026-02-12T08:06:03.617Z"}
{"level":"info","message":"增强Agent risk 完成，置信度: 0.67，用时: 3ms","service":"public-opinion-system","timestamp":"2026-02-12T08:06:03.618Z"}
{"level":"info","message":"第 3 轮增强分析完成，平均置信度: 0.68","service":"public-opinion-system","timestamp":"2026-02-12T08:06:03.618Z"}
{"level":"info","message":"第 3 轮智能数据增强","service":"public-opinion-system","timestamp":"2026-02-12T08:06:03.618Z"}
{"level":"info","message":"数据增强完成，原始 12 条 → 增强 12 条","service":"public-opinion-system","timestamp":"2026-02-12T08:06:03.618Z"}
{"level":"info","message":"第 4 轮增强分析开始","service":"public-opinion-system","timestamp":"2026-02-12T08:06:03.618Z"}
{"level":"info","message":"运行增强Agent: sentiment","service":"public-opinion-system","timestamp":"2026-02-12T08:06:03.619Z"}
{"level":"info","message":"深度学习情感分析开始处理 12 条数据","service":"public-opinion-system","timestamp":"2026-02-12T08:06:03.619Z"}
{"level":"info","message":"运行增强Agent: topic","service":"public-opinion-system","timestamp":"2026-02-12T08:06:03.619Z"}
{"level":"info","message":"主题建模Agent开始处理 12 条数据","service":"public-opinion-system","timestamp":"2026-02-12T08:06:03.619Z"}
{"level":"info","message":"运行增强Agent: risk","service":"public-opinion-system","timestamp":"2026-02-12T08:06:03.620Z"}
{"level":"info","message":"神经网络风险评估Agent开始处理 12 条数据","service":"public-opinion-system","timestamp":"2026-02-12T08:06:03.620Z"}
{"level":"info","message":"主题建模完成，发现 5 个主题，14 个关键词","service":"public-opinion-system","timestamp":"2026-02-12T08:06:03.620Z"}
{"level":"info","message":"增强Agent topic 完成，置信度: 0.72，用时: 4ms","service":"public-opinion-system","timestamp":"2026-02-12T08:06:03.623Z"}
{"level":"info","message":"深度学习情感分析完成，整体情感得分: 0.00，置信度: 0.65","service":"public-opinion-system","timestamp":"2026-02-12T08:06:03.624Z"}
{"level":"info","message":"神经网络风险评估完成，整体风险等级: low, 风险评分: 0.00","service":"public-opinion-system","timestamp":"2026-02-12T08:06:03.624Z"}
{"level":"info","message":"增强Agent sentiment 完成，置信度: 0.65，用时: 6ms","service":"public-opinion-system","timestamp":"2026-02-12T08:06:03.625Z"}
{"level":"info","message":"增强Agent risk 完成，置信度: 0.67，用时: 5ms","service":"public-opinion-system","timestamp":"2026-02-12T08:06:03.625Z"}
{"level":"info","message":"第 4 轮增强分析完成，平均置信度: 0.68","service":"public-opinion-system","timestamp":"2026-02-12T08:06:03.625Z"}
{"level":"info","message":"第 4 轮智能数据增强","service":"public-opinion-system","timestamp":"2026-02-12T08:06:03.625Z"}
{"level":"info","message":"数据增强完成，原始 12 条 → 增强 12 条","service":"public-opinion-system","timestamp":"2026-02-12T08:06:03.626Z"}
{"level":"info","message":"第 5 轮增强分析开始","service":"public-opinion-system","timestamp":"2026-02-12T08:06:03.626Z"}
{"level":"info","message":"运行增强Agent: sentiment","service":"public-opinion-system","timestamp":"2026-02-12T08:06:03.627Z"}
{"level":"info","message":"深度学习情感分析开始处理 12 条数据","service":"public-opinion-system","timestamp":"2026-02-12T08:06:03.627Z"}
{"level":"info","message":"运行增强Agent: topic","service":"public-opinion-system","timestamp":"2026-02-12T08:06:03.627Z"}
{"level":"info","message":"主题建模Agent开始处理 12 条数据","service":"public-opinion-system","timestamp":"2026-02-12T08:06:03.627Z"}
{"level":"info","message":"运行增强Agent: risk","service":"public-opinion-system","timestamp":"2026-02-12T08:06:03.627Z"}
{"level":"info","message":"神经网络风险评估Agent开始处理 12 条数据","service":"public-opinion-system","timestamp":"2026-02-12T08:06:03.628Z"}
{"level":"info","message":"主题建模完成，发现 5 个主题，14 个关键词","service":"public-opinion-system","timestamp":"2026-02-12T08:06:03.628Z"}
{"level":"info","message":"增强Agent topic 完成，置信度: 0.72，用时: 2ms","service":"public-opinion-system","timestamp":"2026-02-12T08:06:03.629Z"}
{"level":"info","message":"深度学习情感分析完成，整体情感得分: 0.00，置信度: 0.65","service":"public-opinion-system","timestamp":"2026-02-12T08:06:03.629Z"}
{"level":"info","message":"神经网络风险评估完成，整体风险等级: low, 风险评分: 0.00","service":"public-opinion-system","timestamp":"2026-02-12T08:06:03.629Z"}
{"level":"info","message":"增强Agent sentiment 完成，置信度: 0.65，用时: 3ms","service":"public-opinion-system","timestamp":"2026-02-12T08:06:03.630Z"}
{"level":"info","message":"增强Agent risk 完成，置信度: 0.67，用时: 2ms","service":"public-opinion-system","timestamp":"2026-02-12T08:06:03.630Z"}
{"level":"info","message":"第 5 轮增强分析完成，平均置信度: 0.68","service":"public-opinion-system","timestamp":"2026-02-12T08:06:03.630Z"}
{"level":"info","message":"增强AI分析任务 analysis_1770883563593_nq1nv0hzl 完成，共进行 5 轮分析","service":"public-opinion-system","timestamp":"2026-02-12T08:06:03.631Z"}
{"level":"info","message":"初始化增强AI分析引擎V2...","service":"public-opinion-system","timestamp":"2026-02-12T08:07:58.280Z"}
{"level":"info","message":"初始化Agent: DeepLearningSentimentAgent","service":"public-opinion-system","timestamp":"2026-02-12T08:07:58.283Z"}
{"level":"info","message":"加载深度学习情感分析模型...","service":"public-opinion-system","timestamp":"2026-02-12T08:07:58.284Z"}
{"level":"info","message":"深度学习模型加载完成","service":"public-opinion-system","timestamp":"2026-02-12T08:07:58.285Z"}
{"level":"info","message":"增强Agent sentiment 初始化完成","service":"public-opinion-system","timestamp":"2026-02-12T08:07:58.285Z"}
{"level":"info","message":"初始化Agent: TopicModelingAgent","service":"public-opinion-system","timestamp":"2026-02-12T08:07:58.286Z"}
{"level":"info","message":"加载主题建模模型...","service":"public-opinion-system","timestamp":"2026-02-12T08:07:58.286Z"}
{"level":"info","message":"主题建模模型加载完成","service":"public-opinion-system","timestamp":"2026-02-12T08:07:58.286Z"}
{"level":"info","message":"增强Agent topic 初始化完成","service":"public-opinion-system","timestamp":"2026-02-12T08:07:58.287Z"}
{"level":"info","message":"初始化Agent: NeuralRiskAssessmentAgent","service":"public-opinion-system","timestamp":"2026-02-12T08:07:58.287Z"}
{"level":"info","message":"加载神经网络风险评估模型...","service":"public-opinion-system","timestamp":"2026-02-12T08:07:58.287Z"}
{"level":"info","message":"神经网络风险评估模型加载完成","service":"public-opinion-system","timestamp":"2026-02-12T08:07:58.288Z"}
{"level":"info","message":"增强Agent risk 初始化完成","service":"public-opinion-system","timestamp":"2026-02-12T08:07:58.288Z"}
{"level":"info","message":"增强AI分析引擎V2初始化完成","service":"public-opinion-system","timestamp":"2026-02-12T08:07:58.289Z"}
{"level":"info","message":"V2真实数据收集开始，关键词: 春节, 放假, 旅游, 平台: social","service":"public-opinion-system","timestamp":"2026-02-12T08:07:58.291Z"}
{"level":"info","message":"社交媒体收集开始: 春节","service":"public-opinion-system","timestamp":"2026-02-12T08:07:58.292Z"}
{"level":"info","message":"从 social 收集关键词 \"春节\" 获得 6 条真实数据","service":"public-opinion-system","timestamp":"2026-02-12T08:07:58.292Z"}
{"level":"info","message":"社交媒体收集开始: 放假","service":"public-opinion-system","timestamp":"2026-02-12T08:07:59.294Z"}
{"level":"info","message":"从 social 收集关键词 \"放假\" 获得 6 条真实数据","service":"public-opinion-system","timestamp":"2026-02-12T08:07:59.294Z"}
{"level":"info","message":"社交媒体收集开始: 旅游","service":"public-opinion-system","timestamp":"2026-02-12T08:08:00.309Z"}
{"level":"info","message":"从 social 收集关键词 \"旅游\" 获得 6 条真实数据","service":"public-opinion-system","timestamp":"2026-02-12T08:08:00.309Z"}
{"level":"info","message":"V2真实数据收集完成，共获得 18 条数据","service":"public-opinion-system","timestamp":"2026-02-12T08:08:01.326Z"}
{"level":"info","message":"开始增强AI分析任务 analysis_1770883681356_6w19w73n4，数据量: 18，关键词: 春节, 放假, 旅游","service":"public-opinion-system","timestamp":"2026-02-12T08:08:01.356Z"}
{"level":"info","message":"第 1 轮增强分析开始","service":"public-opinion-system","timestamp":"2026-02-12T08:08:01.356Z"}
{"level":"info","message":"运行增强Agent: sentiment","service":"public-opinion-system","timestamp":"2026-02-12T08:08:01.357Z"}
{"level":"info","message":"深度学习情感分析开始处理 18 条数据","service":"public-opinion-system","timestamp":"2026-02-12T08:08:01.357Z"}
{"level":"info","message":"运行增强Agent: topic","service":"public-opinion-system","timestamp":"2026-02-12T08:08:01.358Z"}
{"level":"info","message":"主题建模Agent开始处理 18 条数据","service":"public-opinion-system","timestamp":"2026-02-12T08:08:01.358Z"}
{"level":"info","message":"运行增强Agent: risk","service":"public-opinion-system","timestamp":"2026-02-12T08:08:01.361Z"}
{"level":"info","message":"神经网络风险评估Agent开始处理 18 条数据","service":"public-opinion-system","timestamp":"2026-02-12T08:08:01.361Z"}
{"level":"info","message":"主题建模完成，发现 5 个主题，20 个关键词","service":"public-opinion-system","timestamp":"2026-02-12T08:08:01.367Z"}
{"level":"info","message":"增强Agent topic 完成，置信度: 0.84，用时: 9ms","service":"public-opinion-system","timestamp":"2026-02-12T08:08:01.367Z"}
{"level":"info","message":"深度学习情感分析完成，整体情感得分: 0.00，置信度: 0.65","service":"public-opinion-system","timestamp":"2026-02-12T08:08:01.368Z"}
{"level":"info","message":"神经网络风险评估完成，整体风险等级: low, 风险评分: 0.00","service":"public-opinion-system","timestamp":"2026-02-12T08:08:01.369Z"}
{"level":"info","message":"增强Agent sentiment 完成，置信度: 0.65，用时: 12ms","service":"public-opinion-system","timestamp":"2026-02-12T08:08:01.369Z"}
{"level":"info","message":"增强Agent risk 完成，置信度: 0.67，用时: 9ms","service":"public-opinion-system","timestamp":"2026-02-12T08:08:01.370Z"}
{"level":"info","message":"第 1 轮增强分析完成，平均置信度: 0.72","service":"public-opinion-system","timestamp":"2026-02-12T08:08:01.370Z"}
{"level":"info","message":"第 1 轮智能数据增强","service":"public-opinion-system","timestamp":"2026-02-12T08:08:01.371Z"}
{"level":"info","message":"数据增强完成，原始 18 条 → 增强 18 条","service":"public-opinion-system","timestamp":"2026-02-12T08:08:01.371Z"}
{"level":"info","message":"第 2 轮增强分析开始","service":"public-opinion-system","timestamp":"2026-02-12T08:08:01.371Z"}
{"level":"info","message":"运行增强Agent: sentiment","service":"public-opinion-system","timestamp":"2026-02-12T08:08:01.372Z"}
{"level":"info","message":"深度学习情感分析开始处理 18 条数据","service":"public-opinion-system","timestamp":"2026-02-12T08:08:01.372Z"}
{"level":"info","message":"运行增强Agent: topic","service":"public-opinion-system","timestamp":"2026-02-12T08:08:01.372Z"}
{"level":"info","message":"主题建模Agent开始处理 18 条数据","service":"public-opinion-system","timestamp":"2026-02-12T08:08:01.372Z"}
{"level":"info","message":"运行增强Agent: risk","service":"public-opinion-system","timestamp":"2026-02-12T08:08:01.373Z"}
{"level":"info","message":"神经网络风险评估Agent开始处理 18 条数据","service":"public-opinion-system","timestamp":"2026-02-12T08:08:01.373Z"}
{"level":"info","message":"主题建模完成，发现 5 个主题，20 个关键词","service":"public-opinion-system","timestamp":"2026-02-12T08:08:01.374Z"}
{"level":"info","message":"增强Agent topic 完成，置信度: 0.84，用时: 4ms","service":"public-opinion-system","timestamp":"2026-02-12T08:08:01.376Z"}
{"level":"info","message":"深度学习情感分析完成，整体情感得分: 0.00，置信度: 0.65","service":"public-opinion-system","timestamp":"2026-02-12T08:08:01.377Z"}
{"level":"info","message":"神经网络风险评估完成，整体风险等级: low, 风险评分: 0.00","service":"public-opinion-system","timestamp":"2026-02-12T08:08:01.377Z"}
{"level":"info","message":"增强Agent sentiment 完成，置信度: 0.65，用时: 5ms","service":"public-opinion-system","timestamp":"2026-02-12T08:08:01.378Z"}
{"level":"info","message":"增强Agent risk 完成，置信度: 0.67，用时: 5ms","service":"public-opinion-system","timestamp":"2026-02-12T08:08:01.378Z"}
{"level":"info","message":"第 2 轮增强分析完成，平均置信度: 0.72","service":"public-opinion-system","timestamp":"2026-02-12T08:08:01.378Z"}
{"level":"info","message":"第 2 轮智能数据增强","service":"public-opinion-system","timestamp":"2026-02-12T08:08:01.378Z"}
{"level":"info","message":"数据增强完成，原始 18 条 → 增强 18 条","service":"public-opinion-system","timestamp":"2026-02-12T08:08:01.378Z"}
{"level":"info","message":"第 3 轮增强分析开始","service":"public-opinion-system","timestamp":"2026-02-12T08:08:01.379Z"}
{"level":"info","message":"运行增强Agent: sentiment","service":"public-opinion-system","timestamp":"2026-02-12T08:08:01.379Z"}
{"level":"info","message":"深度学习情感分析开始处理 18 条数据","service":"public-opinion-system","timestamp":"2026-02-12T08:08:01.379Z"}
{"level":"info","message":"运行增强Agent: topic","service":"public-opinion-system","timestamp":"2026-02-12T08:08:01.380Z"}
{"level":"info","message":"主题建模Agent开始处理 18 条数据","service":"public-opinion-system","timestamp":"2026-02-12T08:08:01.380Z"}
{"level":"info","message":"运行增强Agent: risk","service":"public-opinion-system","timestamp":"2026-02-12T08:08:01.380Z"}
{"level":"info","message":"神经网络风险评估Agent开始处理 18 条数据","service":"public-opinion-system","timestamp":"2026-02-12T08:08:01.380Z"}
{"level":"info","message":"主题建模完成，发现 5 个主题，20 个关键词","service":"public-opinion-system","timestamp":"2026-02-12T08:08:01.381Z"}
{"level":"info","message":"增强Agent topic 完成，置信度: 0.84，用时: 1ms","service":"public-opinion-system","timestamp":"2026-02-12T08:08:01.381Z"}
{"level":"info","message":"深度学习情感分析完成，整体情感得分: 0.00，置信度: 0.65","service":"public-opinion-system","timestamp":"2026-02-12T08:08:01.382Z"}
{"level":"info","message":"神经网络风险评估完成，整体风险等级: low, 风险评分: 0.00","service":"public-opinion-system","timestamp":"2026-02-12T08:08:01.383Z"}
{"level":"info","message":"增强Agent sentiment 完成，置信度: 0.65，用时: 4ms","service":"public-opinion-system","timestamp":"2026-02-12T08:08:01.383Z"}
{"level":"info","message":"增强Agent risk 完成，置信度: 0.67，用时: 3ms","service":"public-opinion-system","timestamp":"2026-02-12T08:08:01.383Z"}
{"level":"info","message":"第 3 轮增强分析完成，平均置信度: 0.72","service":"public-opinion-system","timestamp":"2026-02-12T08:08:01.383Z"}
{"level":"info","message":"第 3 轮智能数据增强","service":"public-opinion-system","timestamp":"2026-02-12T08:08:01.383Z"}
{"level":"info","message":"数据增强完成，原始 18 条 → 增强 18 条","service":"public-opinion-system","timestamp":"2026-02-12T08:08:01.384Z"}
{"level":"info","message":"第 4 轮增强分析开始","service":"public-opinion-system","timestamp":"2026-02-12T08:08:01.384Z"}
{"level":"info","message":"运行增强Agent: sentiment","service":"public-opinion-system","timestamp":"2026-02-12T08:08:01.384Z"}
{"level":"info","message":"深度学习情感分析开始处理 18 条数据","service":"public-opinion-system","timestamp":"2026-02-12T08:08:01.386Z"}
{"level":"info","message":"运行增强Agent: topic","service":"public-opinion-system","timestamp":"2026-02-12T08:08:01.387Z"}
{"level":"info","message":"主题建模Agent开始处理 18 条数据","service":"public-opinion-system","timestamp":"2026-02-12T08:08:01.388Z"}
{"level":"info","message":"运行增强Agent: risk","service":"public-opinion-system","timestamp":"2026-02-12T08:08:01.388Z"}
{"level":"info","message":"神经网络风险评估Agent开始处理 18 条数据","service":"public-opinion-system","timestamp":"2026-02-12T08:08:01.389Z"}
{"level":"info","message":"主题建模完成，发现 5 个主题，20 个关键词","service":"public-opinion-system","timestamp":"2026-02-12T08:08:01.390Z"}
{"level":"info","message":"增强Agent topic 完成，置信度: 0.84，用时: 2ms","service":"public-opinion-system","timestamp":"2026-02-12T08:08:01.390Z"}
{"level":"info","message":"深度学习情感分析完成，整体情感得分: 0.00，置信度: 0.65","service":"public-opinion-system","timestamp":"2026-02-12T08:08:01.391Z"}
{"level":"info","message":"神经网络风险评估完成，整体风险等级: low, 风险评分: 0.00","service":"public-opinion-system","timestamp":"2026-02-12T08:08:01.391Z"}
{"level":"info","message":"增强Agent sentiment 完成，置信度: 0.65，用时: 6ms","service":"public-opinion-system","timestamp":"2026-02-12T08:08:01.392Z"}
{"level":"info","message":"增强Agent risk 完成，置信度: 0.67，用时: 3ms","service":"public-opinion-system","timestamp":"2026-02-12T08:08:01.392Z"}
{"level":"info","message":"第 4 轮增强分析完成，平均置信度: 0.72","service":"public-opinion-system","timestamp":"2026-02-12T08:08:01.393Z"}
{"level":"info","message":"第 4 轮智能数据增强","service":"public-opinion-system","timestamp":"2026-02-12T08:08:01.393Z"}
{"level":"info","message":"数据增强完成，原始 18 条 → 增强 18 条","service":"public-opinion-system","timestamp":"2026-02-12T08:08:01.393Z"}
{"level":"info","message":"第 5 轮增强分析开始","service":"public-opinion-system","timestamp":"2026-02-12T08:08:01.394Z"}
{"level":"info","message":"运行增强Agent: sentiment","service":"public-opinion-system","timestamp":"2026-02-12T08:08:01.396Z"}
{"level":"info","message":"深度学习情感分析开始处理 18 条数据","service":"public-opinion-system","timestamp":"2026-02-12T08:08:01.397Z"}
{"level":"info","message":"运行增强Agent: topic","service":"public-opinion-system","timestamp":"2026-02-12T08:08:01.397Z"}
{"level":"info","message":"主题建模Agent开始处理 18 条数据","service":"public-opinion-system","timestamp":"2026-02-12T08:08:01.397Z"}
{"level":"info","message":"运行增强Agent: risk","service":"public-opinion-system","timestamp":"2026-02-12T08:08:01.397Z"}
{"level":"info","message":"神经网络风险评估Agent开始处理 18 条数据","service":"public-opinion-system","timestamp":"2026-02-12T08:08:01.398Z"}
{"level":"info","message":"主题建模完成，发现 5 个主题，20 个关键词","service":"public-opinion-system","timestamp":"2026-02-12T08:08:01.398Z"}
{"level":"info","message":"增强Agent topic 完成，置信度: 0.84，用时: 2ms","service":"public-opinion-system","timestamp":"2026-02-12T08:08:01.399Z"}
{"level":"info","message":"深度学习情感分析完成，整体情感得分: 0.00，置信度: 0.65","service":"public-opinion-system","timestamp":"2026-02-12T08:08:01.399Z"}
{"level":"info","message":"神经网络风险评估完成，整体风险等级: low, 风险评分: 0.00","service":"public-opinion-system","timestamp":"2026-02-12T08:08:01.399Z"}
{"level":"info","message":"增强Agent sentiment 完成，置信度: 0.65，用时: 3ms","service":"public-opinion-system","timestamp":"2026-02-12T08:08:01.400Z"}
{"level":"info","message":"增强Agent risk 完成，置信度: 0.67，用时: 2ms","service":"public-opinion-system","timestamp":"2026-02-12T08:08:01.400Z"}
{"level":"info","message":"第 5 轮增强分析完成，平均置信度: 0.72","service":"public-opinion-system","timestamp":"2026-02-12T08:08:01.400Z"}
{"level":"info","message":"增强AI分析任务 analysis_1770883681356_6w19w73n4 完成，共进行 5 轮分析","service":"public-opinion-system","timestamp":"2026-02-12T08:08:01.401Z"}
{"level":"info","message":"初始化增强AI分析引擎V2...","service":"public-opinion-system","timestamp":"2026-02-12T08:09:22.617Z"}
{"level":"info","message":"初始化Agent: DeepLearningSentimentAgent","service":"public-opinion-system","timestamp":"2026-02-12T08:09:22.620Z"}
{"level":"info","message":"加载深度学习情感分析模型...","service":"public-opinion-system","timestamp":"2026-02-12T08:09:22.621Z"}
{"level":"info","message":"深度学习模型加载完成","service":"public-opinion-system","timestamp":"2026-02-12T08:09:22.622Z"}
{"level":"info","message":"增强Agent sentiment 初始化完成","service":"public-opinion-system","timestamp":"2026-02-12T08:09:22.622Z"}
{"level":"info","message":"初始化Agent: TopicModelingAgent","service":"public-opinion-system","timestamp":"2026-02-12T08:09:22.622Z"}
{"level":"info","message":"加载主题建模模型...","service":"public-opinion-system","timestamp":"2026-02-12T08:09:22.623Z"}
{"level":"info","message":"主题建模模型加载完成","service":"public-opinion-system","timestamp":"2026-02-12T08:09:22.623Z"}
{"level":"info","message":"增强Agent topic 初始化完成","service":"public-opinion-system","timestamp":"2026-02-12T08:09:22.624Z"}
{"level":"info","message":"初始化Agent: NeuralRiskAssessmentAgent","service":"public-opinion-system","timestamp":"2026-02-12T08:09:22.626Z"}
{"level":"info","message":"加载神经网络风险评估模型...","service":"public-opinion-system","timestamp":"2026-02-12T08:09:22.627Z"}
{"level":"info","message":"神经网络风险评估模型加载完成","service":"public-opinion-system","timestamp":"2026-02-12T08:09:22.627Z"}
{"level":"info","message":"增强Agent risk 初始化完成","service":"public-opinion-system","timestamp":"2026-02-12T08:09:22.628Z"}
{"level":"info","message":"增强AI分析引擎V2初始化完成","service":"public-opinion-system","timestamp":"2026-02-12T08:09:22.628Z"}
{"level":"info","message":"启动技能管理器...","service":"public-opinion-system","timestamp":"2026-02-12T08:09:22.629Z"}
{"level":"info","message":"加载技能: DataCleaningSkill v1.0.0","service":"public-opinion-system","timestamp":"2026-02-12T08:09:22.636Z"}
{"level":"info","message":"技能管理器启动完成","service":"public-opinion-system","timestamp":"2026-02-12T08:09:22.637Z"}
{"level":"info","message":"V2真实数据收集开始，关键词: 春节, 放假, 旅游, 平台: social","service":"public-opinion-system","timestamp":"2026-02-12T08:09:22.638Z"}
{"level":"info","message":"社交媒体收集开始: 春节","service":"public-opinion-system","timestamp":"2026-02-12T08:09:22.638Z"}
{"level":"info","message":"从 social 收集关键词 \"春节\" 获得 6 条真实数据","service":"public-opinion-system","timestamp":"2026-02-12T08:09:22.639Z"}
{"level":"info","message":"社交媒体收集开始: 放假","service":"public-opinion-system","timestamp":"2026-02-12T08:09:23.639Z"}
{"level":"info","message":"从 social 收集关键词 \"放假\" 获得 6 条真实数据","service":"public-opinion-system","timestamp":"2026-02-12T08:09:23.640Z"}
{"level":"info","message":"社交媒体收集开始: 旅游","service":"public-opinion-system","timestamp":"2026-02-12T08:09:24.641Z"}
{"level":"info","message":"从 social 收集关键词 \"旅游\" 获得 6 条真实数据","service":"public-opinion-system","timestamp":"2026-02-12T08:09:24.642Z"}
{"level":"info","message":"V2真实数据收集完成，共获得 18 条数据","service":"public-opinion-system","timestamp":"2026-02-12T08:09:25.645Z"}
{"code":"MODULE_NOT_FOUND","level":"error","message":"未捕获的异常: Cannot find module './base-analyzer'\nRequire stack:\n- G:\\trae\\public-opinion-system\\src\\ai-analysis\\llm-enhanced-analyzer.js\n- G:\\trae\\public-opinion-system\\compare-analyzers.js","requireStack":["G:\\trae\\public-opinion-system\\src\\ai-analysis\\llm-enhanced-analyzer.js","G:\\trae\\public-opinion-system\\compare-analyzers.js"],"service":"public-opinion-system","stack":"Error: Cannot find module './base-analyzer'\nRequire stack:\n- G:\\trae\\public-opinion-system\\src\\ai-analysis\\llm-enhanced-analyzer.js\n- G:\\trae\\public-opinion-system\\compare-analyzers.js\n    at Module._resolveFilename (node:internal/modules/cjs/loader:1421:15)\n    at defaultResolveImpl (node:internal/modules/cjs/loader:1059:19)\n    at resolveForCJSWithHooks (node:internal/modules/cjs/loader:1064:22)\n    at Module._load (node:internal/modules/cjs/loader:1227:37)\n    at TracingChannel.traceSync (node:diagnostics_channel:328:14)\n    at wrapModuleLoad (node:internal/modules/cjs/loader:245:24)\n    at Module.require (node:internal/modules/cjs/loader:1504:12)\n    at require (node:internal/modules/helpers:152:16)\n    at Object.<anonymous> (G:\\trae\\public-opinion-system\\src\\ai-analysis\\llm-enhanced-analyzer.js:6:22)\n    at Module._compile (node:internal/modules/cjs/loader:1761:14)","timestamp":"2026-02-12T09:31:16.065Z"}
{"level":"info","message":"V2真实数据收集开始，关键词: 春节, 放假, 旅游, 平台: social","service":"public-opinion-system","timestamp":"2026-02-12T09:32:45.359Z"}
{"level":"info","message":"社交媒体收集开始: 春节","service":"public-opinion-system","timestamp":"2026-02-12T09:32:45.362Z"}
{"level":"info","message":"从 social 收集关键词 \"春节\" 获得 8 条真实数据","service":"public-opinion-system","timestamp":"2026-02-12T09:32:45.363Z"}
{"level":"info","message":"社交媒体收集开始: 放假","service":"public-opinion-system","timestamp":"2026-02-12T09:32:46.365Z"}
{"level":"info","message":"从 social 收集关键词 \"放假\" 获得 8 条真实数据","service":"public-opinion-system","timestamp":"2026-02-12T09:32:46.366Z"}
{"level":"info","message":"社交媒体收集开始: 旅游","service":"public-opinion-system","timestamp":"2026-02-12T09:32:47.380Z"}
{"level":"info","message":"从 social 收集关键词 \"旅游\" 获得 8 条真实数据","service":"public-opinion-system","timestamp":"2026-02-12T09:32:47.381Z"}
{"level":"info","message":"V2真实数据收集完成，共获得 24 条数据","service":"public-opinion-system","timestamp":"2026-02-12T09:32:48.382Z"}
{"level":"info","message":"初始化增强AI分析引擎V2...","service":"public-opinion-system","timestamp":"2026-02-12T09:32:48.383Z"}
{"level":"info","message":"初始化Agent: DeepLearningSentimentAgent","service":"public-opinion-system","timestamp":"2026-02-12T09:32:48.384Z"}
{"level":"info","message":"加载深度学习情感分析模型...","service":"public-opinion-system","timestamp":"2026-02-12T09:32:48.384Z"}
{"level":"info","message":"深度学习模型加载完成","service":"public-opinion-system","timestamp":"2026-02-12T09:32:48.385Z"}
{"level":"info","message":"增强Agent sentiment 初始化完成","service":"public-opinion-system","timestamp":"2026-02-12T09:32:48.385Z"}
{"level":"info","message":"初始化Agent: TopicModelingAgent","service":"public-opinion-system","timestamp":"2026-02-12T09:32:48.385Z"}
{"level":"info","message":"加载主题建模模型...","service":"public-opinion-system","timestamp":"2026-02-12T09:32:48.386Z"}
{"level":"info","message":"主题建模模型加载完成","service":"public-opinion-system","timestamp":"2026-02-12T09:32:48.386Z"}
{"level":"info","message":"增强Agent topic 初始化完成","service":"public-opinion-system","timestamp":"2026-02-12T09:32:48.387Z"}
{"level":"info","message":"初始化Agent: NeuralRiskAssessmentAgent","service":"public-opinion-system","timestamp":"2026-02-12T09:32:48.387Z"}
{"level":"info","message":"加载神经网络风险评估模型...","service":"public-opinion-system","timestamp":"2026-02-12T09:32:48.387Z"}
{"level":"info","message":"神经网络风险评估模型加载完成","service":"public-opinion-system","timestamp":"2026-02-12T09:32:48.388Z"}
{"level":"info","message":"增强Agent risk 初始化完成","service":"public-opinion-system","timestamp":"2026-02-12T09:32:48.388Z"}
{"level":"info","message":"增强AI分析引擎V2初始化完成","service":"public-opinion-system","timestamp":"2026-02-12T09:32:48.388Z"}
{"level":"info","message":"初始化LLM增强分析引擎...","service":"public-opinion-system","timestamp":"2026-02-12T09:32:48.389Z"}
{"level":"info","message":"初始化LLM Agent...","service":"public-opinion-system","timestamp":"2026-02-12T09:32:48.389Z"}
{"level":"info","message":"初始化LLM Agent: sentiment","service":"public-opinion-system","timestamp":"2026-02-12T09:32:48.390Z"}
{"level":"info","message":"初始化Agent: LLMSentimentAgent","service":"public-opinion-system","timestamp":"2026-02-12T09:32:48.391Z"}
{"level":"warn","message":"LLMSentimentAgent 未配置API密钥，将使用模拟模式","service":"public-opinion-system","timestamp":"2026-02-12T09:32:48.391Z"}
{"level":"info","message":"初始化LLM Agent: topic","service":"public-opinion-system","timestamp":"2026-02-12T09:32:48.391Z"}
{"level":"info","message":"初始化Agent: LLMTopicAgent","service":"public-opinion-system","timestamp":"2026-02-12T09:32:48.391Z"}
{"level":"warn","message":"LLMTopicAgent 未配置API密钥，将使用模拟模式","service":"public-opinion-system","timestamp":"2026-02-12T09:32:48.392Z"}
{"level":"info","message":"初始化LLM Agent: risk","service":"public-opinion-system","timestamp":"2026-02-12T09:32:48.392Z"}
{"level":"info","message":"初始化Agent: LLMRiskAgent","service":"public-opinion-system","timestamp":"2026-02-12T09:32:48.392Z"}
{"level":"warn","message":"LLMRiskAgent 未配置API密钥，将使用模拟模式","service":"public-opinion-system","timestamp":"2026-02-12T09:32:48.393Z"}
{"level":"info","message":"所有LLM Agent初始化完成","service":"public-opinion-system","timestamp":"2026-02-12T09:32:48.393Z"}
{"level":"info","message":"LLM增强分析引擎初始化完成","service":"public-opinion-system","timestamp":"2026-02-12T09:32:48.394Z"}
{"level":"info","message":"开始增强AI分析任务 analysis_1770888768398_4i8lx034n，数据量: 24，关键词: 春节, 放假, 旅游","service":"public-opinion-system","timestamp":"2026-02-12T09:32:48.398Z"}
{"level":"info","message":"第 1 轮增强分析开始","service":"public-opinion-system","timestamp":"2026-02-12T09:32:48.398Z"}
{"level":"info","message":"运行增强Agent: sentiment","service":"public-opinion-system","timestamp":"2026-02-12T09:32:48.399Z"}
{"level":"info","message":"深度学习情感分析开始处理 24 条数据","service":"public-opinion-system","timestamp":"2026-02-12T09:32:48.399Z"}
{"level":"info","message":"运行增强Agent: topic","service":"public-opinion-system","timestamp":"2026-02-12T09:32:48.400Z"}
{"level":"info","message":"主题建模Agent开始处理 24 条数据","service":"public-opinion-system","timestamp":"2026-02-12T09:32:48.441Z"}
{"level":"info","message":"运行增强Agent: risk","service":"public-opinion-system","timestamp":"2026-02-12T09:32:48.442Z"}
{"level":"info","message":"神经网络风险评估Agent开始处理 24 条数据","service":"public-opinion-system","timestamp":"2026-02-12T09:32:48.445Z"}
{"level":"info","message":"主题建模完成，发现 5 个主题，26 个关键词","service":"public-opinion-system","timestamp":"2026-02-12T09:32:48.450Z"}
{"level":"info","message":"增强Agent topic 完成，置信度: 0.84，用时: 12ms","service":"public-opinion-system","timestamp":"2026-02-12T09:32:48.453Z"}
{"level":"info","message":"深度学习情感分析完成，整体情感得分: 0.00，置信度: 0.65","service":"public-opinion-system","timestamp":"2026-02-12T09:32:48.455Z"}
{"level":"info","message":"神经网络风险评估完成，整体风险等级: low, 风险评分: 0.00","service":"public-opinion-system","timestamp":"2026-02-12T09:32:48.456Z"}
{"level":"info","message":"增强Agent sentiment 完成，置信度: 0.65，用时: 58ms","service":"public-opinion-system","timestamp":"2026-02-12T09:32:48.457Z"}
{"level":"info","message":"增强Agent risk 完成，置信度: 0.66，用时: 12ms","service":"public-opinion-system","timestamp":"2026-02-12T09:32:48.457Z"}
{"level":"info","message":"第 1 轮增强分析完成，平均置信度: 0.72","service":"public-opinion-system","timestamp":"2026-02-12T09:32:48.458Z"}
{"level":"info","message":"第 1 轮智能数据增强","service":"public-opinion-system","timestamp":"2026-02-12T09:32:48.458Z"}
{"level":"info","message":"数据增强完成，原始 24 条 → 增强 24 条","service":"public-opinion-system","timestamp":"2026-02-12T09:32:48.459Z"}
{"level":"info","message":"第 2 轮增强分析开始","service":"public-opinion-system","timestamp":"2026-02-12T09:32:48.459Z"}
{"level":"info","message":"运行增强Agent: sentiment","service":"public-opinion-system","timestamp":"2026-02-12T09:32:48.460Z"}
{"level":"info","message":"深度学习情感分析开始处理 24 条数据","service":"public-opinion-system","timestamp":"2026-02-12T09:32:48.460Z"}
{"level":"info","message":"运行增强Agent: topic","service":"public-opinion-system","timestamp":"2026-02-12T09:32:48.460Z"}
{"level":"info","message":"主题建模Agent开始处理 24 条数据","service":"public-opinion-system","timestamp":"2026-02-12T09:32:48.461Z"}
{"level":"info","message":"运行增强Agent: risk","service":"public-opinion-system","timestamp":"2026-02-12T09:32:48.461Z"}
{"level":"info","message":"神经网络风险评估Agent开始处理 24 条数据","service":"public-opinion-system","timestamp":"2026-02-12T09:32:48.461Z"}
{"level":"info","message":"主题建模完成，发现 5 个主题，26 个关键词","service":"public-opinion-system","timestamp":"2026-02-12T09:32:48.463Z"}
{"level":"info","message":"增强Agent topic 完成，置信度: 0.84，用时: 3ms","service":"public-opinion-system","timestamp":"2026-02-12T09:32:48.464Z"}
{"level":"info","message":"深度学习情感分析完成，整体情感得分: 0.00，置信度: 0.65","service":"public-opinion-system","timestamp":"2026-02-12T09:32:48.465Z"}
{"level":"info","message":"神经网络风险评估完成，整体风险等级: low, 风险评分: 0.00","service":"public-opinion-system","timestamp":"2026-02-12T09:32:48.466Z"}
{"level":"info","message":"增强Agent sentiment 完成，置信度: 0.65，用时: 6ms","service":"public-opinion-system","timestamp":"2026-02-12T09:32:48.466Z"}
{"level":"info","message":"增强Agent risk 完成，置信度: 0.66，用时: 5ms","service":"public-opinion-system","timestamp":"2026-02-12T09:32:48.466Z"}
{"level":"info","message":"第 2 轮增强分析完成，平均置信度: 0.72","service":"public-opinion-system","timestamp":"2026-02-12T09:32:48.467Z"}
{"level":"info","message":"第 2 轮智能数据增强","service":"public-opinion-system","timestamp":"2026-02-12T09:32:48.467Z"}
{"level":"info","message":"数据增强完成，原始 24 条 → 增强 24 条","service":"public-opinion-system","timestamp":"2026-02-12T09:32:48.467Z"}
{"level":"info","message":"第 3 轮增强分析开始","service":"public-opinion-system","timestamp":"2026-02-12T09:32:48.468Z"}
{"level":"info","message":"运行增强Agent: sentiment","service":"public-opinion-system","timestamp":"2026-02-12T09:32:48.468Z"}
{"level":"info","message":"深度学习情感分析开始处理 24 条数据","service":"public-opinion-system","timestamp":"2026-02-12T09:32:48.468Z"}
{"level":"info","message":"运行增强Agent: topic","service":"public-opinion-system","timestamp":"2026-02-12T09:32:48.469Z"}
{"level":"info","message":"主题建模Agent开始处理 24 条数据","service":"public-opinion-system","timestamp":"2026-02-12T09:32:48.469Z"}
{"level":"info","message":"运行增强Agent: risk","service":"public-opinion-system","timestamp":"2026-02-12T09:32:48.469Z"}
{"level":"info","message":"神经网络风险评估Agent开始处理 24 条数据","service":"public-opinion-system","timestamp":"2026-02-12T09:32:48.470Z"}
{"level":"info","message":"主题建模完成，发现 5 个主题，26 个关键词","service":"public-opinion-system","timestamp":"2026-02-12T09:32:48.471Z"}
{"level":"info","message":"增强Agent topic 完成，置信度: 0.84，用时: 2ms","service":"public-opinion-system","timestamp":"2026-02-12T09:32:48.471Z"}
{"level":"info","message":"深度学习情感分析完成，整体情感得分: 0.00，置信度: 0.65","service":"public-opinion-system","timestamp":"2026-02-12T09:32:48.472Z"}
{"level":"info","message":"神经网络风险评估完成，整体风险等级: low, 风险评分: 0.00","service":"public-opinion-system","timestamp":"2026-02-12T09:32:48.472Z"}
{"level":"info","message":"增强Agent sentiment 完成，置信度: 0.65，用时: 4ms","service":"public-opinion-system","timestamp":"2026-02-12T09:32:48.472Z"}
{"level":"info","message":"增强Agent risk 完成，置信度: 0.66，用时: 4ms","service":"public-opinion-system","timestamp":"2026-02-12T09:32:48.473Z"}
{"level":"info","message":"第 3 轮增强分析完成，平均置信度: 0.72","service":"public-opinion-system","timestamp":"2026-02-12T09:32:48.473Z"}
{"level":"info","message":"第 3 轮智能数据增强","service":"public-opinion-system","timestamp":"2026-02-12T09:32:48.473Z"}
{"level":"info","message":"数据增强完成，原始 24 条 → 增强 24 条","service":"public-opinion-system","timestamp":"2026-02-12T09:32:48.474Z"}
{"level":"info","message":"第 4 轮增强分析开始","service":"public-opinion-system","timestamp":"2026-02-12T09:32:48.474Z"}
{"level":"info","message":"运行增强Agent: sentiment","service":"public-opinion-system","timestamp":"2026-02-12T09:32:48.474Z"}
{"level":"info","message":"深度学习情感分析开始处理 24 条数据","service":"public-opinion-system","timestamp":"2026-02-12T09:32:48.474Z"}
{"level":"info","message":"运行增强Agent: topic","service":"public-opinion-system","timestamp":"2026-02-12T09:32:48.474Z"}
{"level":"info","message":"主题建模Agent开始处理 24 条数据","service":"public-opinion-system","timestamp":"2026-02-12T09:32:48.475Z"}
{"level":"info","message":"运行增强Agent: risk","service":"public-opinion-system","timestamp":"2026-02-12T09:32:48.475Z"}
{"level":"info","message":"神经网络风险评估Agent开始处理 24 条数据","service":"public-opinion-system","timestamp":"2026-02-12T09:32:48.475Z"}
{"level":"info","message":"主题建模完成，发现 5 个主题，26 个关键词","service":"public-opinion-system","timestamp":"2026-02-12T09:32:48.476Z"}
{"level":"info","message":"增强Agent topic 完成，置信度: 0.84，用时: 1ms","service":"public-opinion-system","timestamp":"2026-02-12T09:32:48.476Z"}
{"level":"info","message":"深度学习情感分析完成，整体情感得分: 0.00，置信度: 0.65","service":"public-opinion-system","timestamp":"2026-02-12T09:32:48.477Z"}
{"level":"info","message":"神经网络风险评估完成，整体风险等级: low, 风险评分: 0.00","service":"public-opinion-system","timestamp":"2026-02-12T09:32:48.477Z"}
{"level":"info","message":"增强Agent sentiment 完成，置信度: 0.65，用时: 4ms","service":"public-opinion-system","timestamp":"2026-02-12T09:32:48.478Z"}
{"level":"info","message":"增强Agent risk 完成，置信度: 0.66，用时: 3ms","service":"public-opinion-system","timestamp":"2026-02-12T09:32:48.478Z"}
{"level":"info","message":"第 4 轮增强分析完成，平均置信度: 0.72","service":"public-opinion-system","timestamp":"2026-02-12T09:32:48.478Z"}
{"level":"info","message":"第 4 轮智能数据增强","service":"public-opinion-system","timestamp":"2026-02-12T09:32:48.478Z"}
{"level":"info","message":"数据增强完成，原始 24 条 → 增强 24 条","service":"public-opinion-system","timestamp":"2026-02-12T09:32:48.479Z"}
{"level":"info","message":"第 5 轮增强分析开始","service":"public-opinion-system","timestamp":"2026-02-12T09:32:48.479Z"}
{"level":"info","message":"运行增强Agent: sentiment","service":"public-opinion-system","timestamp":"2026-02-12T09:32:48.479Z"}
{"level":"info","message":"深度学习情感分析开始处理 24 条数据","service":"public-opinion-system","timestamp":"2026-02-12T09:32:48.479Z"}
{"level":"info","message":"运行增强Agent: topic","service":"public-opinion-system","timestamp":"2026-02-12T09:32:48.480Z"}
{"level":"info","message":"主题建模Agent开始处理 24 条数据","service":"public-opinion-system","timestamp":"2026-02-12T09:32:48.481Z"}
{"level":"info","message":"运行增强Agent: risk","service":"public-opinion-system","timestamp":"2026-02-12T09:32:48.482Z"}
{"level":"info","message":"神经网络风险评估Agent开始处理 24 条数据","service":"public-opinion-system","timestamp":"2026-02-12T09:32:48.485Z"}
{"level":"info","message":"主题建模完成，发现 5 个主题，26 个关键词","service":"public-opinion-system","timestamp":"2026-02-12T09:32:48.486Z"}
{"level":"info","message":"增强Agent topic 完成，置信度: 0.84，用时: 5ms","service":"public-opinion-system","timestamp":"2026-02-12T09:32:48.487Z"}
{"level":"info","message":"深度学习情感分析完成，整体情感得分: 0.00，置信度: 0.65","service":"public-opinion-system","timestamp":"2026-02-12T09:32:48.487Z"}
{"level":"info","message":"神经网络风险评估完成，整体风险等级: low, 风险评分: 0.00","service":"public-opinion-system","timestamp":"2026-02-12T09:32:48.488Z"}
{"level":"info","message":"增强Agent sentiment 完成，置信度: 0.65，用时: 9ms","service":"public-opinion-system","timestamp":"2026-02-12T09:32:48.488Z"}
{"level":"info","message":"增强Agent risk 完成，置信度: 0.66，用时: 3ms","service":"public-opinion-system","timestamp":"2026-02-12T09:32:48.488Z"}
{"level":"info","message":"第 5 轮增强分析完成，平均置信度: 0.72","service":"public-opinion-system","timestamp":"2026-02-12T09:32:48.488Z"}
{"level":"info","message":"增强AI分析任务 analysis_1770888768398_4i8lx034n 完成，共进行 5 轮分析","service":"public-opinion-system","timestamp":"2026-02-12T09:32:48.489Z"}
{"level":"info","message":"开始LLM增强分析任务 llm_analysis_1770888768490_vslg5c9r4，数据量: 24，关键词: 春节, 放假, 旅游","service":"public-opinion-system","timestamp":"2026-02-12T09:32:48.490Z"}
{"level":"error","message":"LLM增强分析任务 llm_analysis_1770888768490_vslg5c9r4 失败: this.preprocessData is not a function","service":"public-opinion-system","stack":"TypeError: this.preprocessData is not a function\n    at LLMEnhancedAnalyzer.analyze (G:\\trae\\public-opinion-system\\src\\ai-analysis\\llm-enhanced-analyzer.js:126:40)\n    at compareAnalyzers (G:\\trae\\public-opinion-system\\compare-analyzers.js:49:41)","timestamp":"2026-02-12T09:32:48.490Z"}
{"context":{"analysisId":"llm_analysis_1770888768490_vslg5c9r4","dataSize":24,"keywords":["春节","放假","旅游"],"source":"llm_enhanced_analysis"},"error":{"code":"UNKNOWN_ERROR","message":"this.preprocessData is not a function","severity":"medium"},"level":"warn","message":"中级错误:","service":"public-opinion-system","timestamp":"2026-02-12T09:32:48.491Z"}
{"level":"info","message":"错误类型 undefined 不可恢复","service":"public-opinion-system","timestamp":"2026-02-12T09:32:48.491Z"}
{"level":"warn","message":"使用回退分析方案","service":"public-opinion-system","timestamp":"2026-02-12T09:32:48.491Z"}
{"level":"info","message":"初始化增强AI分析引擎V2...","service":"public-opinion-system","timestamp":"2026-02-12T09:32:48.492Z"}
{"level":"info","message":"初始化Agent: DeepLearningSentimentAgent","service":"public-opinion-system","timestamp":"2026-02-12T09:32:48.492Z"}
{"level":"info","message":"加载深度学习情感分析模型...","service":"public-opinion-system","timestamp":"2026-02-12T09:32:48.492Z"}
{"level":"info","message":"深度学习模型加载完成","service":"public-opinion-system","timestamp":"2026-02-12T09:32:48.492Z"}
{"level":"info","message":"增强Agent sentiment 初始化完成","service":"public-opinion-system","timestamp":"2026-02-12T09:32:48.493Z"}
{"level":"info","message":"初始化Agent: TopicModelingAgent","service":"public-opinion-system","timestamp":"2026-02-12T09:32:48.493Z"}
{"level":"info","message":"加载主题建模模型...","service":"public-opinion-system","timestamp":"2026-02-12T09:32:48.493Z"}
{"level":"info","message":"主题建模模型加载完成","service":"public-opinion-system","timestamp":"2026-02-12T09:32:48.493Z"}
{"level":"info","message":"增强Agent topic 初始化完成","service":"public-opinion-system","timestamp":"2026-02-12T09:32:48.494Z"}
{"level":"info","message":"初始化Agent: NeuralRiskAssessmentAgent","service":"public-opinion-system","timestamp":"2026-02-12T09:32:48.494Z"}
{"level":"info","message":"加载神经网络风险评估模型...","service":"public-opinion-system","timestamp":"2026-02-12T09:32:48.494Z"}
{"level":"info","message":"神经网络风险评估模型加载完成","service":"public-opinion-system","timestamp":"2026-02-12T09:32:48.495Z"}
{"level":"info","message":"增强Agent risk 初始化完成","service":"public-opinion-system","timestamp":"2026-02-12T09:32:48.495Z"}
{"level":"info","message":"增强AI分析引擎V2初始化完成","service":"public-opinion-system","timestamp":"2026-02-12T09:32:48.495Z"}
{"level":"info","message":"开始增强AI分析任务 analysis_1770888768495_td0lop5dl，数据量: 24，关键词: 春节, 放假, 旅游","service":"public-opinion-system","timestamp":"2026-02-12T09:32:48.495Z"}
{"level":"info","message":"第 1 轮增强分析开始","service":"public-opinion-system","timestamp":"2026-02-12T09:32:48.515Z"}
{"level":"info","message":"运行增强Agent: sentiment","service":"public-opinion-system","timestamp":"2026-02-12T09:32:48.516Z"}
{"level":"info","message":"深度学习情感分析开始处理 24 条数据","service":"public-opinion-system","timestamp":"2026-02-12T09:32:48.516Z"}
{"level":"info","message":"运行增强Agent: topic","service":"public-opinion-system","timestamp":"2026-02-12T09:32:48.516Z"}
{"level":"info","message":"主题建模Agent开始处理 24 条数据","service":"public-opinion-system","timestamp":"2026-02-12T09:32:48.517Z"}
{"level":"info","message":"运行增强Agent: risk","service":"public-opinion-system","timestamp":"2026-02-12T09:32:48.520Z"}
{"level":"info","message":"神经网络风险评估Agent开始处理 24 条数据","service":"public-opinion-system","timestamp":"2026-02-12T09:32:48.520Z"}
{"level":"info","message":"主题建模完成，发现 5 个主题，26 个关键词","service":"public-opinion-system","timestamp":"2026-02-12T09:32:48.521Z"}
{"level":"info","message":"增强Agent topic 完成，置信度: 0.84，用时: 5ms","service":"public-opinion-system","timestamp":"2026-02-12T09:32:48.522Z"}
{"level":"info","message":"深度学习情感分析完成，整体情感得分: 0.00，置信度: 0.65","service":"public-opinion-system","timestamp":"2026-02-12T09:32:48.522Z"}
{"level":"info","message":"神经网络风险评估完成，整体风险等级: low, 风险评分: 0.00","service":"public-opinion-system","timestamp":"2026-02-12T09:32:48.523Z"}
{"level":"info","message":"增强Agent sentiment 完成，置信度: 0.65，用时: 7ms","service":"public-opinion-system","timestamp":"2026-02-12T09:32:48.523Z"}
{"level":"info","message":"增强Agent risk 完成，置信度: 0.66，用时: 3ms","service":"public-opinion-system","timestamp":"2026-02-12T09:32:48.523Z"}
{"level":"info","message":"第 1 轮增强分析完成，平均置信度: 0.72","service":"public-opinion-system","timestamp":"2026-02-12T09:32:48.523Z"}
{"level":"info","message":"第 1 轮智能数据增强","service":"public-opinion-system","timestamp":"2026-02-12T09:32:48.524Z"}
{"level":"info","message":"数据增强完成，原始 24 条 → 增强 24 条","service":"public-opinion-system","timestamp":"2026-02-12T09:32:48.524Z"}
{"level":"info","message":"第 2 轮增强分析开始","service":"public-opinion-system","timestamp":"2026-02-12T09:32:48.524Z"}
{"level":"info","message":"运行增强Agent: sentiment","service":"public-opinion-system","timestamp":"2026-02-12T09:32:48.524Z"}
{"level":"info","message":"深度学习情感分析开始处理 24 条数据","service":"public-opinion-system","timestamp":"2026-02-12T09:32:48.524Z"}
{"level":"info","message":"运行增强Agent: topic","service":"public-opinion-system","timestamp":"2026-02-12T09:32:48.525Z"}
{"level":"info","message":"主题建模Agent开始处理 24 条数据","service":"public-opinion-system","timestamp":"2026-02-12T09:32:48.525Z"}
{"level":"info","message":"运行增强Agent: risk","service":"public-opinion-system","timestamp":"2026-02-12T09:32:48.525Z"}
{"level":"info","message":"神经网络风险评估Agent开始处理 24 条数据","service":"public-opinion-system","timestamp":"2026-02-12T09:32:48.525Z"}
{"level":"info","message":"主题建模完成，发现 5 个主题，26 个关键词","service":"public-opinion-system","timestamp":"2026-02-12T09:32:48.526Z"}
{"level":"info","message":"增强Agent topic 完成，置信度: 0.84，用时: 1ms","service":"public-opinion-system","timestamp":"2026-02-12T09:32:48.526Z"}
{"level":"info","message":"深度学习情感分析完成，整体情感得分: 0.00，置信度: 0.65","service":"public-opinion-system","timestamp":"2026-02-12T09:32:48.527Z"}
{"level":"info","message":"神经网络风险评估完成，整体风险等级: low, 风险评分: 0.00","service":"public-opinion-system","timestamp":"2026-02-12T09:32:48.528Z"}
{"level":"info","message":"增强Agent sentiment 完成，置信度: 0.65，用时: 4ms","service":"public-opinion-system","timestamp":"2026-02-12T09:32:48.528Z"}
{"level":"info","message":"增强Agent risk 完成，置信度: 0.66，用时: 3ms","service":"public-opinion-system","timestamp":"2026-02-12T09:32:48.528Z"}
{"level":"info","message":"第 2 轮增强分析完成，平均置信度: 0.72","service":"public-opinion-system","timestamp":"2026-02-12T09:32:48.528Z"}
{"level":"info","message":"第 2 轮智能数据增强","service":"public-opinion-system","timestamp":"2026-02-12T09:32:48.531Z"}
{"level":"info","message":"数据增强完成，原始 24 条 → 增强 24 条","service":"public-opinion-system","timestamp":"2026-02-12T09:32:48.532Z"}
{"level":"info","message":"第 3 轮增强分析开始","service":"public-opinion-system","timestamp":"2026-02-12T09:32:48.532Z"}
{"level":"info","message":"运行增强Agent: sentiment","service":"public-opinion-system","timestamp":"2026-02-12T09:32:48.532Z"}
{"level":"info","message":"深度学习情感分析开始处理 24 条数据","service":"public-opinion-system","timestamp":"2026-02-12T09:32:48.532Z"}
{"level":"info","message":"运行增强Agent: topic","service":"public-opinion-system","timestamp":"2026-02-12T09:32:48.533Z"}
{"level":"info","message":"主题建模Agent开始处理 24 条数据","service":"public-opinion-system","timestamp":"2026-02-12T09:32:48.533Z"}
{"level":"info","message":"运行增强Agent: risk","service":"public-opinion-system","timestamp":"2026-02-12T09:32:48.533Z"}
{"level":"info","message":"神经网络风险评估Agent开始处理 24 条数据","service":"public-opinion-system","timestamp":"2026-02-12T09:32:48.533Z"}
{"level":"info","message":"主题建模完成，发现 5 个主题，26 个关键词","service":"public-opinion-system","timestamp":"2026-02-12T09:32:48.534Z"}
{"level":"info","message":"增强Agent topic 完成，置信度: 0.84，用时: 1ms","service":"public-opinion-system","timestamp":"2026-02-12T09:32:48.534Z"}
{"level":"info","message":"深度学习情感分析完成，整体情感得分: 0.00，置信度: 0.65","service":"public-opinion-system","timestamp":"2026-02-12T09:32:48.535Z"}
{"level":"info","message":"神经网络风险评估完成，整体风险等级: low, 风险评分: 0.00","service":"public-opinion-system","timestamp":"2026-02-12T09:32:48.536Z"}
{"level":"info","message":"增强Agent sentiment 完成，置信度: 0.65，用时: 4ms","service":"public-opinion-system","timestamp":"2026-02-12T09:32:48.536Z"}
{"level":"info","message":"增强Agent risk 完成，置信度: 0.66，用时: 3ms","service":"public-opinion-system","timestamp":"2026-02-12T09:32:48.536Z"}
{"level":"info","message":"第 3 轮增强分析完成，平均置信度: 0.72","service":"public-opinion-system","timestamp":"2026-02-12T09:32:48.536Z"}
{"level":"info","message":"第 3 轮智能数据增强","service":"public-opinion-system","timestamp":"2026-02-12T09:32:48.537Z"}
{"level":"info","message":"数据增强完成，原始 24 条 → 增强 24 条","service":"public-opinion-system","timestamp":"2026-02-12T09:32:48.537Z"}
{"level":"info","message":"第 4 轮增强分析开始","service":"public-opinion-system","timestamp":"2026-02-12T09:32:48.537Z"}
{"level":"info","message":"运行增强Agent: sentiment","service":"public-opinion-system","timestamp":"2026-02-12T09:32:48.538Z"}
{"level":"info","message":"深度学习情感分析开始处理 24 条数据","service":"public-opinion-system","timestamp":"2026-02-12T09:32:48.538Z"}
{"level":"info","message":"运行增强Agent: topic","service":"public-opinion-system","timestamp":"2026-02-12T09:32:48.538Z"}
{"level":"info","message":"主题建模Agent开始处理 24 条数据","service":"public-opinion-system","timestamp":"2026-02-12T09:32:48.538Z"}
{"level":"info","message":"运行增强Agent: risk","service":"public-opinion-system","timestamp":"2026-02-12T09:32:48.538Z"}
{"level":"info","message":"神经网络风险评估Agent开始处理 24 条数据","service":"public-opinion-system","timestamp":"2026-02-12T09:32:48.539Z"}
{"level":"info","message":"主题建模完成，发现 5 个主题，26 个关键词","service":"public-opinion-system","timestamp":"2026-02-12T09:32:48.539Z"}
{"level":"info","message":"增强Agent topic 完成，置信度: 0.84，用时: 2ms","service":"public-opinion-system","timestamp":"2026-02-12T09:32:48.540Z"}
{"level":"info","message":"深度学习情感分析完成，整体情感得分: 0.00，置信度: 0.65","service":"public-opinion-system","timestamp":"2026-02-12T09:32:48.540Z"}
{"level":"info","message":"神经网络风险评估完成，整体风险等级: low, 风险评分: 0.00","service":"public-opinion-system","timestamp":"2026-02-12T09:32:48.540Z"}
{"level":"info","message":"增强Agent sentiment 完成，置信度: 0.65，用时: 3ms","service":"public-opinion-system","timestamp":"2026-02-12T09:32:48.541Z"}
{"level":"info","message":"增强Agent risk 完成，置信度: 0.66，用时: 2ms","service":"public-opinion-system","timestamp":"2026-02-12T09:32:48.541Z"}
{"level":"info","message":"第 4 轮增强分析完成，平均置信度: 0.72","service":"public-opinion-system","timestamp":"2026-02-12T09:32:48.541Z"}
{"level":"info","message":"第 4 轮智能数据增强","service":"public-opinion-system","timestamp":"2026-02-12T09:32:48.541Z"}
{"level":"info","message":"数据增强完成，原始 24 条 → 增强 24 条","service":"public-opinion-system","timestamp":"2026-02-12T09:32:48.541Z"}
{"level":"info","message":"第 5 轮增强分析开始","service":"public-opinion-system","timestamp":"2026-02-12T09:32:48.542Z"}
{"level":"info","message":"运行增强Agent: sentiment","service":"public-opinion-system","timestamp":"2026-02-12T09:32:48.542Z"}
{"level":"info","message":"深度学习情感分析开始处理 24 条数据","service":"public-opinion-system","timestamp":"2026-02-12T09:32:48.542Z"}
{"level":"info","message":"运行增强Agent: topic","service":"public-opinion-system","timestamp":"2026-02-12T09:32:48.542Z"}
{"level":"info","message":"主题建模Agent开始处理 24 条数据","service":"public-opinion-system","timestamp":"2026-02-12T09:32:48.543Z"}
{"level":"info","message":"运行增强Agent: risk","service":"public-opinion-system","timestamp":"2026-02-12T09:32:48.543Z"}
{"level":"info","message":"神经网络风险评估Agent开始处理 24 条数据","service":"public-opinion-system","timestamp":"2026-02-12T09:32:48.543Z"}
{"level":"info","message":"主题建模完成，发现 5 个主题，26 个关键词","service":"public-opinion-system","timestamp":"2026-02-12T09:32:48.544Z"}
{"level":"info","message":"增强Agent topic 完成，置信度: 0.84，用时: 1ms","service":"public-opinion-system","timestamp":"2026-02-12T09:32:48.544Z"}
{"level":"info","message":"深度学习情感分析完成，整体情感得分: 0.00，置信度: 0.65","service":"public-opinion-system","timestamp":"2026-02-12T09:32:48.545Z"}
{"level":"info","message":"神经网络风险评估完成，整体风险等级: low, 风险评分: 0.00","service":"public-opinion-system","timestamp":"2026-02-12T09:32:48.545Z"}
{"level":"info","message":"增强Agent sentiment 完成，置信度: 0.65，用时: 3ms","service":"public-opinion-system","timestamp":"2026-02-12T09:32:48.545Z"}
{"level":"info","message":"增强Agent risk 完成，置信度: 0.66，用时: 2ms","service":"public-opinion-system","timestamp":"2026-02-12T09:32:48.545Z"}
{"level":"info","message":"第 5 轮增强分析完成，平均置信度: 0.72","service":"public-opinion-system","timestamp":"2026-02-12T09:32:48.545Z"}
{"level":"info","message":"增强AI分析任务 analysis_1770888768495_td0lop5dl 完成，共进行 5 轮分析","service":"public-opinion-system","timestamp":"2026-02-12T09:32:48.546Z"}
{"code":"MODULE_NOT_FOUND","level":"error","message":"未捕获的异常: Cannot find module '../utils/error-manager'\nRequire stack:\n- G:\\trae\\public-opinion-system\\src\\ai-analysis\\skills-manager.js\n- G:\\trae\\public-opinion-system\\src\\ai-analysis\\llm-enhanced-analyzer-skills.js\n- G:\\trae\\public-opinion-system\\demonstrate-llm-system.js","requireStack":["G:\\trae\\public-opinion-system\\src\\ai-analysis\\skills-manager.js","G:\\trae\\public-opinion-system\\src\\ai-analysis\\llm-enhanced-analyzer-skills.js","G:\\trae\\public-opinion-system\\demonstrate-llm-system.js"],"service":"public-opinion-system","stack":"Error: Cannot find module '../utils/error-manager'\nRequire stack:\n- G:\\trae\\public-opinion-system\\src\\ai-analysis\\skills-manager.js\n- G:\\trae\\public-opinion-system\\src\\ai-analysis\\llm-enhanced-analyzer-skills.js\n- G:\\trae\\public-opinion-system\\demonstrate-llm-system.js\n    at Module._resolveFilename (node:internal/modules/cjs/loader:1421:15)\n    at defaultResolveImpl (node:internal/modules/cjs/loader:1059:19)\n    at resolveForCJSWithHooks (node:internal/modules/cjs/loader:1064:22)\n    at Module._load (node:internal/modules/cjs/loader:1227:37)\n    at TracingChannel.traceSync (node:diagnostics_channel:328:14)\n    at wrapModuleLoad (node:internal/modules/cjs/loader:245:24)\n    at Module.require (node:internal/modules/cjs/loader:1504:12)\n    at require (node:internal/modules/helpers:152:16)\n    at Object.<anonymous> (G:\\trae\\public-opinion-system\\src\\ai-analysis\\skills-manager.js:7:22)\n    at Module._compile (node:internal/modules/cjs/loader:1761:14)","timestamp":"2026-02-12T09:59:16.656Z"}
{"level":"info","message":"V2真实数据收集开始，关键词: 人工智能, 就业影响, 技术发展, 平台: social","service":"public-opinion-system","timestamp":"2026-02-12T09:59:37.845Z"}
{"level":"info","message":"社交媒体收集开始: 人工智能","service":"public-opinion-system","timestamp":"2026-02-12T09:59:37.848Z"}
{"level":"info","message":"从 social 收集关键词 \"人工智能\" 获得 6 条真实数据","service":"public-opinion-system","timestamp":"2026-02-12T09:59:37.849Z"}
{"level":"info","message":"社交媒体收集开始: 就业影响","service":"public-opinion-system","timestamp":"2026-02-12T09:59:38.850Z"}
{"level":"info","message":"从 social 收集关键词 \"就业影响\" 获得 6 条真实数据","service":"public-opinion-system","timestamp":"2026-02-12T09:59:38.851Z"}
{"level":"info","message":"社交媒体收集开始: 技术发展","service":"public-opinion-system","timestamp":"2026-02-12T09:59:39.854Z"}
{"level":"info","message":"从 social 收集关键词 \"技术发展\" 获得 6 条真实数据","service":"public-opinion-system","timestamp":"2026-02-12T09:59:39.856Z"}
{"level":"info","message":"V2真实数据收集完成，共获得 18 条数据","service":"public-opinion-system","timestamp":"2026-02-12T09:59:40.857Z"}
{"level":"info","message":"初始化LLM增强分析引擎 (Skills集成版)...","service":"public-opinion-system","timestamp":"2026-02-12T09:59:40.859Z"}
{"level":"info","message":"初始化LLM Agent...","service":"public-opinion-system","timestamp":"2026-02-12T09:59:40.860Z"}
{"level":"info","message":"初始化LLM Agent: sentiment","service":"public-opinion-system","timestamp":"2026-02-12T09:59:40.861Z"}
{"level":"info","message":"初始化Agent: LLMSentimentAgent","service":"public-opinion-system","timestamp":"2026-02-12T09:59:40.861Z"}
{"level":"warn","message":"LLMSentimentAgent 未配置API密钥，将使用模拟模式","service":"public-opinion-system","timestamp":"2026-02-12T09:59:40.862Z"}
{"level":"info","message":"初始化LLM Agent: topic","service":"public-opinion-system","timestamp":"2026-02-12T09:59:40.862Z"}
{"level":"info","message":"初始化Agent: LLMTopicAgent","service":"public-opinion-system","timestamp":"2026-02-12T09:59:40.862Z"}
{"level":"warn","message":"LLMTopicAgent 未配置API密钥，将使用模拟模式","service":"public-opinion-system","timestamp":"2026-02-12T09:59:40.863Z"}
{"level":"info","message":"初始化LLM Agent: risk","service":"public-opinion-system","timestamp":"2026-02-12T09:59:40.863Z"}
{"level":"info","message":"初始化Agent: LLMRiskAgent","service":"public-opinion-system","timestamp":"2026-02-12T09:59:40.863Z"}
{"level":"warn","message":"LLMRiskAgent 未配置API密钥，将使用模拟模式","service":"public-opinion-system","timestamp":"2026-02-12T09:59:40.863Z"}
{"level":"info","message":"所有LLM Agent初始化完成","service":"public-opinion-system","timestamp":"2026-02-12T09:59:40.864Z"}
{"level":"info","message":"初始化Skills管理器...","service":"public-opinion-system","timestamp":"2026-02-12T09:59:40.864Z"}
{"level":"info","message":"Skills管理器初始化完成","service":"public-opinion-system","timestamp":"2026-02-12T09:59:40.865Z"}
{"level":"info","message":"LLM增强分析引擎 (Skills集成版) 初始化完成","service":"public-opinion-system","timestamp":"2026-02-12T09:59:40.876Z"}
{"level":"info","message":"开始LLM增强分析任务 llm_skills_analysis_1770890380878_t3v8qqhtv (Skills集成版)，数据量: 18，关键词: 人工智能, 就业影响, 技术发展","service":"public-opinion-system","timestamp":"2026-02-12T09:59:40.878Z"}
{"level":"info","message":"开始多轮验证分析，最大轮数: 3","service":"public-opinion-system","timestamp":"2026-02-12T09:59:40.878Z"}
{"level":"info","message":"第 1 轮分析开始","service":"public-opinion-system","timestamp":"2026-02-12T09:59:40.879Z"}
{"level":"info","message":"应用数据预处理Skills","service":"public-opinion-system","timestamp":"2026-02-12T09:59:40.879Z"}
{"level":"info","message":"应用技能: dataValidation","service":"public-opinion-system","timestamp":"2026-02-12T09:59:40.879Z"}
{"level":"info","message":"技能 dataValidation 未应用，原因: 数据已有效","service":"public-opinion-system","timestamp":"2026-02-12T09:59:40.880Z"}
{"level":"info","message":"应用技能: biasDetection","service":"public-opinion-system","timestamp":"2026-02-12T09:59:40.880Z"}
{"level":"info","message":"技能 biasDetection 应用成功，改进: 偏见检测完成","service":"public-opinion-system","timestamp":"2026-02-12T09:59:40.880Z"}
{"level":"info","message":"并行运行LLM Agent分析...","service":"public-opinion-system","timestamp":"2026-02-12T09:59:40.881Z"}
{"level":"info","message":"LLM情感分析开始处理 18 条数据","service":"public-opinion-system","timestamp":"2026-02-12T09:59:40.881Z"}
{"level":"info","message":"处理第 1/4 批数据 (5 条)","service":"public-opinion-system","timestamp":"2026-02-12T09:59:40.882Z"}
{"level":"warn","message":"LLMSentimentAgent 未配置LLM，使用模拟响应","service":"public-opinion-system","timestamp":"2026-02-12T09:59:40.882Z"}
{"level":"info","message":"LLM主题建模开始处理 18 条数据","service":"public-opinion-system","timestamp":"2026-02-12T09:59:40.883Z"}
{"level":"warn","message":"LLMTopicAgent 未配置LLM，使用模拟响应","service":"public-opinion-system","timestamp":"2026-02-12T09:59:40.883Z"}
{"level":"info","message":"LLM风险评估开始处理 18 条数据","service":"public-opinion-system","timestamp":"2026-02-12T09:59:40.884Z"}
{"level":"warn","message":"LLMRiskAgent 未配置LLM，使用模拟响应","service":"public-opinion-system","timestamp":"2026-02-12T09:59:40.884Z"}
{"level":"warn","message":"LLM响应解析失败，使用备用解析: 无法解析LLM响应格式","service":"public-opinion-system","timestamp":"2026-02-12T09:59:40.885Z"}
{"level":"info","message":"处理第 2/4 批数据 (5 条)","service":"public-opinion-system","timestamp":"2026-02-12T09:59:40.886Z"}
{"level":"warn","message":"LLMSentimentAgent 未配置LLM，使用模拟响应","service":"public-opinion-system","timestamp":"2026-02-12T09:59:40.886Z"}
{"level":"warn","message":"LLMTopicAgent 未配置LLM，使用模拟响应","service":"public-opinion-system","timestamp":"2026-02-12T09:59:40.886Z"}
{"level":"warn","message":"LLMRiskAgent 未配置LLM，使用模拟响应","service":"public-opinion-system","timestamp":"2026-02-12T09:59:40.887Z"}
{"level":"warn","message":"LLM响应解析失败，使用备用解析: 无法解析LLM响应格式","service":"public-opinion-system","timestamp":"2026-02-12T09:59:40.903Z"}
{"level":"info","message":"处理第 3/4 批数据 (5 条)","service":"public-opinion-system","timestamp":"2026-02-12T09:59:40.904Z"}
{"level":"warn","message":"LLMSentimentAgent 未配置LLM，使用模拟响应","service":"public-opinion-system","timestamp":"2026-02-12T09:59:40.904Z"}
{"level":"warn","message":"LLMTopicAgent 未配置LLM，使用模拟响应","service":"public-opinion-system","timestamp":"2026-02-12T09:59:40.906Z"}
{"level":"warn","message":"LLMRiskAgent 未配置LLM，使用模拟响应","service":"public-opinion-system","timestamp":"2026-02-12T09:59:40.906Z"}
{"level":"warn","message":"LLM响应解析失败，使用备用解析: 无法解析LLM响应格式","service":"public-opinion-system","timestamp":"2026-02-12T09:59:40.910Z"}
{"level":"info","message":"处理第 4/4 批数据 (3 条)","service":"public-opinion-system","timestamp":"2026-02-12T09:59:40.911Z"}
{"level":"warn","message":"LLMSentimentAgent 未配置LLM，使用模拟响应","service":"public-opinion-system","timestamp":"2026-02-12T09:59:40.911Z"}
{"level":"warn","message":"LLMTopicAgent 未配置LLM，使用模拟响应","service":"public-opinion-system","timestamp":"2026-02-12T09:59:40.911Z"}
{"level":"warn","message":"LLMRiskAgent 未配置LLM，使用模拟响应","service":"public-opinion-system","timestamp":"2026-02-12T09:59:40.911Z"}
{"level":"warn","message":"LLM响应解析失败，使用备用解析: 无法解析LLM响应格式","service":"public-opinion-system","timestamp":"2026-02-12T09:59:40.912Z"}
{"level":"info","message":"LLM情感分析完成，整体情感得分: 0.34，置信度: 0.50","service":"public-opinion-system","timestamp":"2026-02-12T09:59:40.912Z"}
{"level":"info","message":"LLM主题建模完成，发现 5 个主题，3 个关键词","service":"public-opinion-system","timestamp":"2026-02-12T09:59:40.912Z"}
{"level":"warn","message":"LLMRiskAgent 未配置LLM，使用模拟响应","service":"public-opinion-system","timestamp":"2026-02-12T09:59:40.913Z"}
{"level":"warn","message":"LLMRiskAgent 未配置LLM，使用模拟响应","service":"public-opinion-system","timestamp":"2026-02-12T09:59:40.913Z"}
{"level":"warn","message":"LLMRiskAgent 未配置LLM，使用模拟响应","service":"public-opinion-system","timestamp":"2026-02-12T09:59:40.915Z"}
{"level":"info","message":"LLM风险评估完成，整体风险等级: medium, 评分: 0.08","service":"public-opinion-system","timestamp":"2026-02-12T09:59:40.916Z"}
{"level":"info","message":"LLM Agent sentiment 分析完成，置信度: 50.0%","service":"public-opinion-system","timestamp":"2026-02-12T09:59:40.917Z"}
{"level":"info","message":"LLM Agent topic 分析完成，置信度: 87.1%","service":"public-opinion-system","timestamp":"2026-02-12T09:59:40.917Z"}
{"level":"info","message":"LLM Agent risk 分析完成，置信度: 64.9%","service":"public-opinion-system","timestamp":"2026-02-12T09:59:40.917Z"}
{"level":"info","message":"应用结果验证和增强Skills","service":"public-opinion-system","timestamp":"2026-02-12T09:59:40.917Z"}
{"level":"info","message":"应用技能: resultVerification","service":"public-opinion-system","timestamp":"2026-02-12T09:59:40.918Z"}
{"level":"info","message":"技能 resultVerification 未应用，原因: 结果一致","service":"public-opinion-system","timestamp":"2026-02-12T09:59:40.918Z"}
{"level":"info","message":"应用技能: confidenceCalibration","service":"public-opinion-system","timestamp":"2026-02-12T09:59:40.918Z"}
{"level":"info","message":"技能 confidenceCalibration 应用成功，改进: 置信度校准完成","service":"public-opinion-system","timestamp":"2026-02-12T09:59:40.919Z"}
{"level":"info","message":"应用技能: qualityEnhancement","service":"public-opinion-system","timestamp":"2026-02-12T09:59:40.919Z"}
{"level":"info","message":"技能 qualityEnhancement 未应用，原因: 增强失败","service":"public-opinion-system","timestamp":"2026-02-12T09:59:40.920Z"}
{"level":"info","message":"执行交叉验证...","service":"public-opinion-system","timestamp":"2026-02-12T09:59:40.920Z"}
{"level":"warn","message":"没有可用的LLM配置，使用模拟分析","service":"public-opinion-system","timestamp":"2026-02-12T09:59:40.921Z"}
{"level":"info","message":"构建分析共识...","service":"public-opinion-system","timestamp":"2026-02-12T09:59:40.921Z"}
{"level":"warn","message":"没有可用的LLM配置，使用模拟分析","service":"public-opinion-system","timestamp":"2026-02-12T09:59:40.922Z"}
{"level":"info","message":"第 1 轮分析完成，置信度: 80.0%，共识达成: true","service":"public-opinion-system","timestamp":"2026-02-12T09:59:40.922Z"}
{"level":"info","message":"多轮验证分析完成，共进行 1 轮，最终置信度: 80.0%","service":"public-opinion-system","timestamp":"2026-02-12T09:59:40.922Z"}
{"level":"info","message":"LLM增强分析任务 llm_skills_analysis_1770890380878_t3v8qqhtv (Skills集成版) 完成，平均置信度: 80.0%","service":"public-opinion-system","timestamp":"2026-02-12T09:59:40.924Z"}
{"level":"info","message":"初始化增强AI分析引擎V2...","service":"public-opinion-system","timestamp":"2026-02-12T10:26:40.826Z"}
{"level":"info","message":"初始化Agent: DeepLearningSentimentAgent","service":"public-opinion-system","timestamp":"2026-02-12T10:26:40.829Z"}
{"level":"info","message":"加载深度学习情感分析模型...","service":"public-opinion-system","timestamp":"2026-02-12T10:26:40.831Z"}
{"level":"info","message":"深度学习模型加载完成","service":"public-opinion-system","timestamp":"2026-02-12T10:26:40.831Z"}
{"level":"info","message":"增强Agent sentiment 初始化完成","service":"public-opinion-system","timestamp":"2026-02-12T10:26:40.832Z"}
{"level":"info","message":"初始化Agent: TopicModelingAgent","service":"public-opinion-system","timestamp":"2026-02-12T10:26:40.832Z"}
{"level":"info","message":"加载主题建模模型...","service":"public-opinion-system","timestamp":"2026-02-12T10:26:40.832Z"}
{"level":"info","message":"主题建模模型加载完成","service":"public-opinion-system","timestamp":"2026-02-12T10:26:40.833Z"}
{"level":"info","message":"增强Agent topic 初始化完成","service":"public-opinion-system","timestamp":"2026-02-12T10:26:40.835Z"}
{"level":"info","message":"初始化Agent: NeuralRiskAssessmentAgent","service":"public-opinion-system","timestamp":"2026-02-12T10:26:40.836Z"}
{"level":"info","message":"加载神经网络风险评估模型...","service":"public-opinion-system","timestamp":"2026-02-12T10:26:40.837Z"}
{"level":"info","message":"神经网络风险评估模型加载完成","service":"public-opinion-system","timestamp":"2026-02-12T10:26:40.837Z"}
{"level":"info","message":"增强Agent risk 初始化完成","service":"public-opinion-system","timestamp":"2026-02-12T10:26:40.837Z"}
{"level":"info","message":"增强AI分析引擎V2初始化完成","service":"public-opinion-system","timestamp":"2026-02-12T10:26:40.838Z"}
{"level":"info","message":"启动技能管理器...","service":"public-opinion-system","timestamp":"2026-02-12T10:26:40.838Z"}
{"level":"info","message":"加载技能: DataCleaningSkill v1.0.0","service":"public-opinion-system","timestamp":"2026-02-12T10:26:40.841Z"}
{"level":"info","message":"技能管理器启动完成","service":"public-opinion-system","timestamp":"2026-02-12T10:26:40.842Z"}
{"level":"info","message":"V2真实数据收集开始，关键词: 测试, 平台: news","service":"public-opinion-system","timestamp":"2026-02-12T10:26:40.844Z"}
{"level":"info","message":"新闻API开始收集: 测试","service":"public-opinion-system","timestamp":"2026-02-12T10:26:40.844Z"}
{"level":"warn","message":"NewsAPI获取失败: timeout of 10000ms exceeded","service":"public-opinion-system","timestamp":"2026-02-12T10:26:50.876Z"}
{"level":"warn","message":"GNews API获取失败: Request failed with status code 400","service":"public-opinion-system","timestamp":"2026-02-12T10:26:51.690Z"}
{"level":"info","message":"备用API成功获取 0 条数据","service":"public-opinion-system","timestamp":"2026-02-12T10:26:51.691Z"}
{"level":"info","message":"从 news 收集关键词 \"测试\" 获得 0 条真实数据","service":"public-opinion-system","timestamp":"2026-02-12T10:26:51.691Z"}
{"level":"info","message":"V2真实数据收集完成，共获得 0 条数据","service":"public-opinion-system","timestamp":"2026-02-12T10:26:52.692Z"}
{"level":"info","message":"V2真实数据收集开始，关键词: 测试, 平台: social","service":"public-opinion-system","timestamp":"2026-02-12T10:32:31.432Z"}
{"level":"info","message":"社交媒体收集开始: 测试","service":"public-opinion-system","timestamp":"2026-02-12T10:32:31.435Z"}
{"level":"info","message":"从 social 收集关键词 \"测试\" 获得 6 条真实数据","service":"public-opinion-system","timestamp":"2026-02-12T10:32:31.436Z"}
{"level":"info","message":"V2真实数据收集完成，共获得 6 条数据","service":"public-opinion-system","timestamp":"2026-02-12T10:32:32.438Z"}
{"level":"info","message":"V2真实数据收集开始，关键词: , 平台: invalid_platform","service":"public-opinion-system","timestamp":"2026-02-12T10:32:32.440Z"}
{"level":"warn","message":"不支持的数据源: invalid_platform","service":"public-opinion-system","timestamp":"2026-02-12T10:32:32.440Z"}
{"level":"info","message":"V2真实数据收集完成，共获得 0 条数据","service":"public-opinion-system","timestamp":"2026-02-12T10:32:32.441Z"}
{"level":"info","message":"初始化增强AI分析引擎V2...","service":"public-opinion-system","timestamp":"2026-02-12T10:32:32.442Z"}
{"level":"info","message":"初始化Agent: DeepLearningSentimentAgent","service":"public-opinion-system","timestamp":"2026-02-12T10:32:32.442Z"}
{"level":"info","message":"加载深度学习情感分析模型...","service":"public-opinion-system","timestamp":"2026-02-12T10:32:32.443Z"}
{"level":"info","message":"深度学习模型加载完成","service":"public-opinion-system","timestamp":"2026-02-12T10:32:32.443Z"}
{"level":"info","message":"增强Agent sentiment 初始化完成","service":"public-opinion-system","timestamp":"2026-02-12T10:32:32.443Z"}
{"level":"info","message":"初始化Agent: TopicModelingAgent","service":"public-opinion-system","timestamp":"2026-02-12T10:32:32.444Z"}
{"level":"info","message":"加载主题建模模型...","service":"public-opinion-system","timestamp":"2026-02-12T10:32:32.444Z"}
{"level":"info","message":"主题建模模型加载完成","service":"public-opinion-system","timestamp":"2026-02-12T10:32:32.444Z"}
{"level":"info","message":"增强Agent topic 初始化完成","service":"public-opinion-system","timestamp":"2026-02-12T10:32:32.445Z"}
{"level":"info","message":"初始化Agent: NeuralRiskAssessmentAgent","service":"public-opinion-system","timestamp":"2026-02-12T10:32:32.445Z"}
{"level":"info","message":"加载神经网络风险评估模型...","service":"public-opinion-system","timestamp":"2026-02-12T10:32:32.446Z"}
{"level":"info","message":"神经网络风险评估模型加载完成","service":"public-opinion-system","timestamp":"2026-02-12T10:32:32.446Z"}
{"level":"info","message":"增强Agent risk 初始化完成","service":"public-opinion-system","timestamp":"2026-02-12T10:32:32.446Z"}
{"level":"info","message":"增强AI分析引擎V2初始化完成","service":"public-opinion-system","timestamp":"2026-02-12T10:32:32.447Z"}
{"level":"info","message":"开始增强AI分析任务 analysis_1770892352447_sirr4zo9n，数据量: 3，关键词: 人工智能, 就业影响","service":"public-opinion-system","timestamp":"2026-02-12T10:32:32.447Z"}
{"level":"info","message":"第 1 轮增强分析开始","service":"public-opinion-system","timestamp":"2026-02-12T10:32:32.448Z"}
{"level":"info","message":"运行增强Agent: sentiment","service":"public-opinion-system","timestamp":"2026-02-12T10:32:32.448Z"}
{"level":"info","message":"深度学习情感分析开始处理 3 条数据","service":"public-opinion-system","timestamp":"2026-02-12T10:32:32.449Z"}
{"level":"info","message":"运行增强Agent: topic","service":"public-opinion-system","timestamp":"2026-02-12T10:32:32.449Z"}
{"level":"info","message":"主题建模Agent开始处理 3 条数据","service":"public-opinion-system","timestamp":"2026-02-12T10:32:32.450Z"}
{"level":"info","message":"运行增强Agent: risk","service":"public-opinion-system","timestamp":"2026-02-12T10:32:32.450Z"}
{"level":"info","message":"神经网络风险评估Agent开始处理 3 条数据","service":"public-opinion-system","timestamp":"2026-02-12T10:32:32.451Z"}
{"level":"info","message":"主题建模完成，发现 5 个主题，9 个关键词","service":"public-opinion-system","timestamp":"2026-02-12T10:32:32.453Z"}
{"level":"info","message":"增强Agent topic 完成，置信度: 0.62，用时: 3ms","service":"public-opinion-system","timestamp":"2026-02-12T10:32:32.453Z"}
{"level":"info","message":"深度学习情感分析完成，整体情感得分: 0.00，置信度: 0.67","service":"public-opinion-system","timestamp":"2026-02-12T10:32:32.454Z"}
{"level":"info","message":"神经网络风险评估完成，整体风险等级: low, 风险评分: 0.09","service":"public-opinion-system","timestamp":"2026-02-12T10:32:32.455Z"}
{"level":"info","message":"增强Agent sentiment 完成，置信度: 0.67，用时: 7ms","service":"public-opinion-system","timestamp":"2026-02-12T10:32:32.455Z"}
{"level":"info","message":"增强Agent risk 完成，置信度: 0.70，用时: 4ms","service":"public-opinion-system","timestamp":"2026-02-12T10:32:32.455Z"}
{"level":"info","message":"第 1 轮增强分析完成，平均置信度: 0.66","service":"public-opinion-system","timestamp":"2026-02-12T10:32:32.456Z"}
{"level":"info","message":"第 1 轮智能数据增强","service":"public-opinion-system","timestamp":"2026-02-12T10:32:32.456Z"}
{"level":"info","message":"数据增强完成，原始 3 条 → 增强 3 条","service":"public-opinion-system","timestamp":"2026-02-12T10:32:32.457Z"}
{"level":"info","message":"第 2 轮增强分析开始","service":"public-opinion-system","timestamp":"2026-02-12T10:32:32.457Z"}
{"level":"info","message":"运行增强Agent: sentiment","service":"public-opinion-system","timestamp":"2026-02-12T10:32:32.457Z"}
{"level":"info","message":"深度学习情感分析开始处理 3 条数据","service":"public-opinion-system","timestamp":"2026-02-12T10:32:32.458Z"}
{"level":"info","message":"运行增强Agent: topic","service":"public-opinion-system","timestamp":"2026-02-12T10:32:32.458Z"}
{"level":"info","message":"主题建模Agent开始处理 3 条数据","service":"public-opinion-system","timestamp":"2026-02-12T10:32:32.458Z"}
{"level":"info","message":"运行增强Agent: risk","service":"public-opinion-system","timestamp":"2026-02-12T10:32:32.459Z"}
{"level":"info","message":"神经网络风险评估Agent开始处理 3 条数据","service":"public-opinion-system","timestamp":"2026-02-12T10:32:32.459Z"}
{"level":"info","message":"主题建模完成，发现 5 个主题，9 个关键词","service":"public-opinion-system","timestamp":"2026-02-12T10:32:32.459Z"}
{"level":"info","message":"增强Agent topic 完成，置信度: 0.62，用时: 2ms","service":"public-opinion-system","timestamp":"2026-02-12T10:32:32.460Z"}
{"level":"info","message":"深度学习情感分析完成，整体情感得分: 0.00，置信度: 0.67","service":"public-opinion-system","timestamp":"2026-02-12T10:32:32.460Z"}
{"level":"info","message":"神经网络风险评估完成，整体风险等级: low, 风险评分: 0.09","service":"public-opinion-system","timestamp":"2026-02-12T10:32:32.460Z"}
{"level":"info","message":"增强Agent sentiment 完成，置信度: 0.67，用时: 3ms","service":"public-opinion-system","timestamp":"2026-02-12T10:32:32.461Z"}
{"level":"info","message":"增强Agent risk 完成，置信度: 0.70，用时: 2ms","service":"public-opinion-system","timestamp":"2026-02-12T10:32:32.461Z"}
{"level":"info","message":"第 2 轮增强分析完成，平均置信度: 0.66","service":"public-opinion-system","timestamp":"2026-02-12T10:32:32.461Z"}
{"level":"info","message":"第 2 轮智能数据增强","service":"public-opinion-system","timestamp":"2026-02-12T10:32:32.461Z"}
{"level":"info","message":"数据增强完成，原始 3 条 → 增强 3 条","service":"public-opinion-system","timestamp":"2026-02-12T10:32:32.462Z"}
{"level":"info","message":"第 3 轮增强分析开始","service":"public-opinion-system","timestamp":"2026-02-12T10:32:32.462Z"}
{"level":"info","message":"运行增强Agent: sentiment","service":"public-opinion-system","timestamp":"2026-02-12T10:32:32.462Z"}
{"level":"info","message":"深度学习情感分析开始处理 3 条数据","service":"public-opinion-system","timestamp":"2026-02-12T10:32:32.462Z"}
{"level":"info","message":"运行增强Agent: topic","service":"public-opinion-system","timestamp":"2026-02-12T10:32:32.463Z"}
{"level":"info","message":"主题建模Agent开始处理 3 条数据","service":"public-opinion-system","timestamp":"2026-02-12T10:32:32.463Z"}
{"level":"info","message":"运行增强Agent: risk","service":"public-opinion-system","timestamp":"2026-02-12T10:32:32.463Z"}
{"level":"info","message":"神经网络风险评估Agent开始处理 3 条数据","service":"public-opinion-system","timestamp":"2026-02-12T10:32:32.464Z"}
{"level":"info","message":"主题建模完成，发现 5 个主题，9 个关键词","service":"public-opinion-system","timestamp":"2026-02-12T10:32:32.464Z"}
{"level":"info","message":"增强Agent topic 完成，置信度: 0.62，用时: 1ms","service":"public-opinion-system","timestamp":"2026-02-12T10:32:32.464Z"}
{"level":"info","message":"深度学习情感分析完成，整体情感得分: 0.00，置信度: 0.67","service":"public-opinion-system","timestamp":"2026-02-12T10:32:32.465Z"}
{"level":"info","message":"神经网络风险评估完成，整体风险等级: low, 风险评分: 0.09","service":"public-opinion-system","timestamp":"2026-02-12T10:32:32.465Z"}
{"level":"info","message":"增强Agent sentiment 完成，置信度: 0.67，用时: 3ms","service":"public-opinion-system","timestamp":"2026-02-12T10:32:32.465Z"}
{"level":"info","message":"增强Agent risk 完成，置信度: 0.70，用时: 3ms","service":"public-opinion-system","timestamp":"2026-02-12T10:32:32.466Z"}
{"level":"info","message":"第 3 轮增强分析完成，平均置信度: 0.66","service":"public-opinion-system","timestamp":"2026-02-12T10:32:32.466Z"}
{"level":"info","message":"第 3 轮智能数据增强","service":"public-opinion-system","timestamp":"2026-02-12T10:32:32.466Z"}
{"level":"info","message":"数据增强完成，原始 3 条 → 增强 3 条","service":"public-opinion-system","timestamp":"2026-02-12T10:32:32.466Z"}
{"level":"info","message":"第 4 轮增强分析开始","service":"public-opinion-system","timestamp":"2026-02-12T10:32:32.467Z"}
{"level":"info","message":"运行增强Agent: sentiment","service":"public-opinion-system","timestamp":"2026-02-12T10:32:32.467Z"}
{"level":"info","message":"深度学习情感分析开始处理 3 条数据","service":"public-opinion-system","timestamp":"2026-02-12T10:32:32.467Z"}
{"level":"info","message":"运行增强Agent: topic","service":"public-opinion-system","timestamp":"2026-02-12T10:32:32.467Z"}
{"level":"info","message":"主题建模Agent开始处理 3 条数据","service":"public-opinion-system","timestamp":"2026-02-12T10:32:32.468Z"}
{"level":"info","message":"运行增强Agent: risk","service":"public-opinion-system","timestamp":"2026-02-12T10:32:32.468Z"}
{"level":"info","message":"神经网络风险评估Agent开始处理 3 条数据","service":"public-opinion-system","timestamp":"2026-02-12T10:32:32.468Z"}
{"level":"info","message":"主题建模完成，发现 5 个主题，9 个关键词","service":"public-opinion-system","timestamp":"2026-02-12T10:32:32.469Z"}
{"level":"info","message":"增强Agent topic 完成，置信度: 0.62，用时: 1ms","service":"public-opinion-system","timestamp":"2026-02-12T10:32:32.469Z"}
{"level":"info","message":"深度学习情感分析完成，整体情感得分: 0.00，置信度: 0.67","service":"public-opinion-system","timestamp":"2026-02-12T10:32:32.469Z"}
{"level":"info","message":"神经网络风险评估完成，整体风险等级: low, 风险评分: 0.09","service":"public-opinion-system","timestamp":"2026-02-12T10:32:32.469Z"}
{"level":"info","message":"增强Agent sentiment 完成，置信度: 0.67，用时: 3ms","service":"public-opinion-system","timestamp":"2026-02-12T10:32:32.470Z"}
{"level":"info","message":"增强Agent risk 完成，置信度: 0.70，用时: 2ms","service":"public-opinion-system","timestamp":"2026-02-12T10:32:32.470Z"}
{"level":"info","message":"第 4 轮增强分析完成，平均置信度: 0.66","service":"public-opinion-system","timestamp":"2026-02-12T10:32:32.470Z"}
{"level":"info","message":"第 4 轮智能数据增强","service":"public-opinion-system","timestamp":"2026-02-12T10:32:32.471Z"}
{"level":"info","message":"数据增强完成，原始 3 条 → 增强 3 条","service":"public-opinion-system","timestamp":"2026-02-12T10:32:32.471Z"}
{"level":"info","message":"第 5 轮增强分析开始","service":"public-opinion-system","timestamp":"2026-02-12T10:32:32.471Z"}
{"level":"info","message":"运行增强Agent: sentiment","service":"public-opinion-system","timestamp":"2026-02-12T10:32:32.471Z"}
{"level":"info","message":"深度学习情感分析开始处理 3 条数据","service":"public-opinion-system","timestamp":"2026-02-12T10:32:32.472Z"}
{"level":"info","message":"运行增强Agent: topic","service":"public-opinion-system","timestamp":"2026-02-12T10:32:32.472Z"}
{"level":"info","message":"主题建模Agent开始处理 3 条数据","service":"public-opinion-system","timestamp":"2026-02-12T10:32:32.472Z"}
{"level":"info","message":"运行增强Agent: risk","service":"public-opinion-system","timestamp":"2026-02-12T10:32:32.473Z"}
{"level":"info","message":"神经网络风险评估Agent开始处理 3 条数据","service":"public-opinion-system","timestamp":"2026-02-12T10:32:32.473Z"}
{"level":"info","message":"主题建模完成，发现 5 个主题，9 个关键词","service":"public-opinion-system","timestamp":"2026-02-12T10:32:32.473Z"}
{"level":"info","message":"增强Agent topic 完成，置信度: 0.62，用时: 1ms","service":"public-opinion-system","timestamp":"2026-02-12T10:32:32.473Z"}
{"level":"info","message":"深度学习情感分析完成，整体情感得分: 0.00，置信度: 0.67","service":"public-opinion-system","timestamp":"2026-02-12T10:32:32.474Z"}
{"level":"info","message":"神经网络风险评估完成，整体风险等级: low, 风险评分: 0.09","service":"public-opinion-system","timestamp":"2026-02-12T10:32:32.474Z"}
{"level":"info","message":"增强Agent sentiment 完成，置信度: 0.67，用时: 2ms","service":"public-opinion-system","timestamp":"2026-02-12T10:32:32.474Z"}
{"level":"info","message":"增强Agent risk 完成，置信度: 0.70，用时: 1ms","service":"public-opinion-system","timestamp":"2026-02-12T10:32:32.474Z"}
{"level":"info","message":"第 5 轮增强分析完成，平均置信度: 0.66","service":"public-opinion-system","timestamp":"2026-02-12T10:32:32.475Z"}
{"level":"info","message":"增强AI分析任务 analysis_1770892352447_sirr4zo9n 完成，共进行 5 轮分析","service":"public-opinion-system","timestamp":"2026-02-12T10:32:32.475Z"}
{"level":"info","message":"初始化LLM增强分析引擎 (Skills集成版)...","service":"public-opinion-system","timestamp":"2026-02-12T10:32:32.477Z"}
{"level":"info","message":"初始化LLM Agent...","service":"public-opinion-system","timestamp":"2026-02-12T10:32:32.477Z"}
{"level":"info","message":"初始化LLM Agent: sentiment","service":"public-opinion-system","timestamp":"2026-02-12T10:32:32.478Z"}
{"level":"info","message":"初始化Agent: LLMSentimentAgent","service":"public-opinion-system","timestamp":"2026-02-12T10:32:32.478Z"}
{"level":"warn","message":"LLMSentimentAgent 未配置API密钥，将使用模拟模式","service":"public-opinion-system","timestamp":"2026-02-12T10:32:32.478Z"}
{"level":"info","message":"初始化LLM Agent: topic","service":"public-opinion-system","timestamp":"2026-02-12T10:32:32.479Z"}
{"level":"info","message":"初始化Agent: LLMTopicAgent","service":"public-opinion-system","timestamp":"2026-02-12T10:32:32.479Z"}
{"level":"warn","message":"LLMTopicAgent 未配置API密钥，将使用模拟模式","service":"public-opinion-system","timestamp":"2026-02-12T10:32:32.479Z"}
{"level":"info","message":"初始化LLM Agent: risk","service":"public-opinion-system","timestamp":"2026-02-12T10:32:32.479Z"}
{"level":"info","message":"初始化Agent: LLMRiskAgent","service":"public-opinion-system","timestamp":"2026-02-12T10:32:32.479Z"}
{"level":"warn","message":"LLMRiskAgent 未配置API密钥，将使用模拟模式","service":"public-opinion-system","timestamp":"2026-02-12T10:32:32.480Z"}
{"level":"info","message":"所有LLM Agent初始化完成","service":"public-opinion-system","timestamp":"2026-02-12T10:32:32.480Z"}
{"level":"info","message":"初始化Skills管理器...","service":"public-opinion-system","timestamp":"2026-02-12T10:32:32.480Z"}
{"level":"info","message":"Skills管理器初始化完成","service":"public-opinion-system","timestamp":"2026-02-12T10:32:32.480Z"}
{"level":"info","message":"LLM增强分析引擎 (Skills集成版) 初始化完成","service":"public-opinion-system","timestamp":"2026-02-12T10:32:32.481Z"}
{"level":"info","message":"开始LLM增强分析任务 llm_skills_analysis_1770892352481_jopgckmud (Skills集成版)，数据量: 3，关键词: 人工智能, 就业影响","service":"public-opinion-system","timestamp":"2026-02-12T10:32:32.481Z"}
{"level":"info","message":"开始多轮验证分析，最大轮数: 2","service":"public-opinion-system","timestamp":"2026-02-12T10:32:32.481Z"}
{"level":"info","message":"第 1 轮分析开始","service":"public-opinion-system","timestamp":"2026-02-12T10:32:32.482Z"}
{"level":"info","message":"应用数据预处理Skills","service":"public-opinion-system","timestamp":"2026-02-12T10:32:32.482Z"}
{"level":"info","message":"应用技能: dataValidation","service":"public-opinion-system","timestamp":"2026-02-12T10:32:32.482Z"}
{"level":"info","message":"技能 dataValidation 未应用，原因: 数据已有效","service":"public-opinion-system","timestamp":"2026-02-12T10:32:32.482Z"}
{"level":"info","message":"应用技能: biasDetection","service":"public-opinion-system","timestamp":"2026-02-12T10:32:32.483Z"}
{"level":"info","message":"技能 biasDetection 应用成功，改进: 偏见检测完成","service":"public-opinion-system","timestamp":"2026-02-12T10:32:32.483Z"}
{"level":"info","message":"并行运行LLM Agent分析...","service":"public-opinion-system","timestamp":"2026-02-12T10:32:32.483Z"}
{"level":"info","message":"LLM情感分析开始处理 3 条数据","service":"public-opinion-system","timestamp":"2026-02-12T10:32:32.484Z"}
{"level":"info","message":"处理第 1/1 批数据 (3 条)","service":"public-opinion-system","timestamp":"2026-02-12T10:32:32.484Z"}
{"level":"warn","message":"LLMSentimentAgent 未配置LLM，使用模拟响应","service":"public-opinion-system","timestamp":"2026-02-12T10:32:32.484Z"}
{"level":"info","message":"LLM主题建模开始处理 3 条数据","service":"public-opinion-system","timestamp":"2026-02-12T10:32:32.485Z"}
{"level":"warn","message":"LLMTopicAgent 未配置LLM，使用模拟响应","service":"public-opinion-system","timestamp":"2026-02-12T10:32:32.485Z"}
{"level":"info","message":"LLM风险评估开始处理 3 条数据","service":"public-opinion-system","timestamp":"2026-02-12T10:32:32.486Z"}
{"level":"warn","message":"LLMRiskAgent 未配置LLM，使用模拟响应","service":"public-opinion-system","timestamp":"2026-02-12T10:32:32.486Z"}
{"level":"warn","message":"LLM响应解析失败，使用备用解析: 无法解析LLM响应格式","service":"public-opinion-system","timestamp":"2026-02-12T10:32:32.487Z"}
{"level":"info","message":"LLM情感分析完成，整体情感得分: -0.82，置信度: 0.50","service":"public-opinion-system","timestamp":"2026-02-12T10:32:32.493Z"}
{"level":"warn","message":"LLMTopicAgent 未配置LLM，使用模拟响应","service":"public-opinion-system","timestamp":"2026-02-12T10:32:32.493Z"}
{"level":"warn","message":"LLMRiskAgent 未配置LLM，使用模拟响应","service":"public-opinion-system","timestamp":"2026-02-12T10:32:32.494Z"}
{"level":"warn","message":"LLMTopicAgent 未配置LLM，使用模拟响应","service":"public-opinion-system","timestamp":"2026-02-12T10:32:32.494Z"}
{"level":"warn","message":"LLMRiskAgent 未配置LLM，使用模拟响应","service":"public-opinion-system","timestamp":"2026-02-12T10:32:32.494Z"}
{"level":"warn","message":"LLMTopicAgent 未配置LLM，使用模拟响应","service":"public-opinion-system","timestamp":"2026-02-12T10:32:32.497Z"}
{"level":"warn","message":"LLMRiskAgent 未配置LLM，使用模拟响应","service":"public-opinion-system","timestamp":"2026-02-12T10:32:32.497Z"}
{"level":"info","message":"LLM主题建模完成，发现 5 个主题，3 个关键词","service":"public-opinion-system","timestamp":"2026-02-12T10:32:32.497Z"}
{"level":"warn","message":"LLMRiskAgent 未配置LLM，使用模拟响应","service":"public-opinion-system","timestamp":"2026-02-12T10:32:32.498Z"}
{"level":"warn","message":"LLMRiskAgent 未配置LLM，使用模拟响应","service":"public-opinion-system","timestamp":"2026-02-12T10:32:32.498Z"}
{"level":"warn","message":"LLMRiskAgent 未配置LLM，使用模拟响应","service":"public-opinion-system","timestamp":"2026-02-12T10:32:32.498Z"}
{"level":"info","message":"LLM风险评估完成，整体风险等级: high, 评分: 0.43","service":"public-opinion-system","timestamp":"2026-02-12T10:32:32.499Z"}
{"level":"info","message":"LLM Agent sentiment 分析完成，置信度: 50.0%","service":"public-opinion-system","timestamp":"2026-02-12T10:32:32.499Z"}
{"level":"info","message":"LLM Agent topic 分析完成，置信度: 86.2%","service":"public-opinion-system","timestamp":"2026-02-12T10:32:32.500Z"}
{"level":"info","message":"LLM Agent risk 分析完成，置信度: 67.6%","service":"public-opinion-system","timestamp":"2026-02-12T10:32:32.500Z"}
{"level":"info","message":"应用结果验证和增强Skills","service":"public-opinion-system","timestamp":"2026-02-12T10:32:32.500Z"}
{"level":"info","message":"应用技能: resultVerification","service":"public-opinion-system","timestamp":"2026-02-12T10:32:32.500Z"}
{"level":"info","message":"技能 resultVerification 未应用，原因: 结果一致","service":"public-opinion-system","timestamp":"2026-02-12T10:32:32.501Z"}
{"level":"info","message":"应用技能: confidenceCalibration","service":"public-opinion-system","timestamp":"2026-02-12T10:32:32.501Z"}
{"level":"info","message":"技能 confidenceCalibration 应用成功，改进: 置信度校准完成","service":"public-opinion-system","timestamp":"2026-02-12T10:32:32.501Z"}
{"level":"info","message":"应用技能: qualityEnhancement","service":"public-opinion-system","timestamp":"2026-02-12T10:32:32.502Z"}
{"level":"info","message":"技能 qualityEnhancement 未应用，原因: 增强失败","service":"public-opinion-system","timestamp":"2026-02-12T10:32:32.503Z"}
{"level":"info","message":"执行交叉验证...","service":"public-opinion-system","timestamp":"2026-02-12T10:32:32.503Z"}
{"level":"warn","message":"没有可用的LLM配置，使用模拟分析","service":"public-opinion-system","timestamp":"2026-02-12T10:32:32.504Z"}
{"level":"info","message":"构建分析共识...","service":"public-opinion-system","timestamp":"2026-02-12T10:32:32.504Z"}
{"level":"warn","message":"没有可用的LLM配置，使用模拟分析","service":"public-opinion-system","timestamp":"2026-02-12T10:32:32.504Z"}
{"level":"info","message":"第 1 轮分析完成，置信度: 80.0%，共识达成: true","service":"public-opinion-system","timestamp":"2026-02-12T10:32:32.505Z"}
{"level":"info","message":"多轮验证分析完成，共进行 1 轮，最终置信度: 80.0%","service":"public-opinion-system","timestamp":"2026-02-12T10:32:32.506Z"}
{"level":"info","message":"LLM增强分析任务 llm_skills_analysis_1770892352481_jopgckmud (Skills集成版) 完成，平均置信度: 80.0%","service":"public-opinion-system","timestamp":"2026-02-12T10:32:32.507Z"}
{"level":"info","message":"V2真实数据收集开始，关键词: 人工智能, 平台: social","service":"public-opinion-system","timestamp":"2026-02-12T10:34:57.951Z"}
{"level":"info","message":"社交媒体收集开始: 人工智能","service":"public-opinion-system","timestamp":"2026-02-12T10:34:57.954Z"}
{"level":"info","message":"从 social 收集关键词 \"人工智能\" 获得 6 条真实数据","service":"public-opinion-system","timestamp":"2026-02-12T10:34:57.955Z"}
{"level":"info","message":"V2真实数据收集完成，共获得 6 条数据","service":"public-opinion-system","timestamp":"2026-02-12T10:34:58.955Z"}
{"level":"info","message":"初始化增强AI分析引擎V2...","service":"public-opinion-system","timestamp":"2026-02-12T10:34:58.957Z"}
{"level":"info","message":"初始化Agent: DeepLearningSentimentAgent","service":"public-opinion-system","timestamp":"2026-02-12T10:34:58.957Z"}
{"level":"info","message":"加载深度学习情感分析模型...","service":"public-opinion-system","timestamp":"2026-02-12T10:34:58.958Z"}
{"level":"info","message":"深度学习模型加载完成","service":"public-opinion-system","timestamp":"2026-02-12T10:34:58.958Z"}
{"level":"info","message":"增强Agent sentiment 初始化完成","service":"public-opinion-system","timestamp":"2026-02-12T10:34:58.958Z"}
{"level":"info","message":"初始化Agent: TopicModelingAgent","service":"public-opinion-system","timestamp":"2026-02-12T10:34:58.959Z"}
{"level":"info","message":"加载主题建模模型...","service":"public-opinion-system","timestamp":"2026-02-12T10:34:58.959Z"}
{"level":"info","message":"主题建模模型加载完成","service":"public-opinion-system","timestamp":"2026-02-12T10:34:58.960Z"}
{"level":"info","message":"增强Agent topic 初始化完成","service":"public-opinion-system","timestamp":"2026-02-12T10:34:58.960Z"}
{"level":"info","message":"初始化Agent: NeuralRiskAssessmentAgent","service":"public-opinion-system","timestamp":"2026-02-12T10:34:58.960Z"}
{"level":"info","message":"加载神经网络风险评估模型...","service":"public-opinion-system","timestamp":"2026-02-12T10:34:58.961Z"}
{"level":"info","message":"神经网络风险评估模型加载完成","service":"public-opinion-system","timestamp":"2026-02-12T10:34:58.961Z"}
{"level":"info","message":"增强Agent risk 初始化完成","service":"public-opinion-system","timestamp":"2026-02-12T10:34:58.961Z"}
{"level":"info","message":"增强AI分析引擎V2初始化完成","service":"public-opinion-system","timestamp":"2026-02-12T10:34:58.962Z"}
{"level":"info","message":"开始增强AI分析任务 analysis_1770892498962_zc08x5k56，数据量: 6，关键词: 人工智能","service":"public-opinion-system","timestamp":"2026-02-12T10:34:58.962Z"}
{"level":"info","message":"第 1 轮增强分析开始","service":"public-opinion-system","timestamp":"2026-02-12T10:34:58.962Z"}
{"level":"info","message":"运行增强Agent: sentiment","service":"public-opinion-system","timestamp":"2026-02-12T10:34:58.963Z"}
{"level":"info","message":"深度学习情感分析开始处理 6 条数据","service":"public-opinion-system","timestamp":"2026-02-12T10:34:58.963Z"}
{"level":"info","message":"运行增强Agent: topic","service":"public-opinion-system","timestamp":"2026-02-12T10:34:58.964Z"}
{"level":"info","message":"主题建模Agent开始处理 6 条数据","service":"public-opinion-system","timestamp":"2026-02-12T10:34:58.966Z"}
{"level":"info","message":"运行增强Agent: risk","service":"public-opinion-system","timestamp":"2026-02-12T10:34:58.967Z"}
{"level":"info","message":"神经网络风险评估Agent开始处理 6 条数据","service":"public-opinion-system","timestamp":"2026-02-12T10:34:58.967Z"}
{"level":"info","message":"主题建模完成，发现 5 个主题，8 个关键词","service":"public-opinion-system","timestamp":"2026-02-12T10:34:58.970Z"}
{"level":"info","message":"增强Agent topic 完成，置信度: 0.60，用时: 5ms","service":"public-opinion-system","timestamp":"2026-02-12T10:34:58.971Z"}
{"level":"info","message":"深度学习情感分析完成，整体情感得分: 0.00，置信度: 0.65","service":"public-opinion-system","timestamp":"2026-02-12T10:34:58.972Z"}
{"level":"info","message":"神经网络风险评估完成，整体风险等级: low, 风险评分: 0.00","service":"public-opinion-system","timestamp":"2026-02-12T10:34:58.985Z"}
{"level":"info","message":"增强Agent sentiment 完成，置信度: 0.65，用时: 22ms","service":"public-opinion-system","timestamp":"2026-02-12T10:34:58.985Z"}
{"level":"info","message":"增强Agent risk 完成，置信度: 0.67，用时: 18ms","service":"public-opinion-system","timestamp":"2026-02-12T10:34:58.985Z"}
{"level":"info","message":"第 1 轮增强分析完成，平均置信度: 0.64","service":"public-opinion-system","timestamp":"2026-02-12T10:34:58.986Z"}
{"level":"info","message":"第 1 轮智能数据增强","service":"public-opinion-system","timestamp":"2026-02-12T10:34:58.986Z"}
{"level":"info","message":"数据增强完成，原始 6 条 → 增强 6 条","service":"public-opinion-system","timestamp":"2026-02-12T10:34:58.986Z"}
{"level":"info","message":"第 2 轮增强分析开始","service":"public-opinion-system","timestamp":"2026-02-12T10:34:58.987Z"}
{"level":"info","message":"运行增强Agent: sentiment","service":"public-opinion-system","timestamp":"2026-02-12T10:34:58.987Z"}
{"level":"info","message":"深度学习情感分析开始处理 6 条数据","service":"public-opinion-system","timestamp":"2026-02-12T10:34:58.987Z"}
{"level":"info","message":"运行增强Agent: topic","service":"public-opinion-system","timestamp":"2026-02-12T10:34:58.987Z"}
{"level":"info","message":"主题建模Agent开始处理 6 条数据","service":"public-opinion-system","timestamp":"2026-02-12T10:34:58.988Z"}
{"level":"info","message":"运行增强Agent: risk","service":"public-opinion-system","timestamp":"2026-02-12T10:34:58.988Z"}
{"level":"info","message":"神经网络风险评估Agent开始处理 6 条数据","service":"public-opinion-system","timestamp":"2026-02-12T10:34:58.988Z"}
{"level":"info","message":"主题建模完成，发现 5 个主题，8 个关键词","service":"public-opinion-system","timestamp":"2026-02-12T10:34:58.989Z"}
{"level":"info","message":"增强Agent topic 完成，置信度: 0.60，用时: 2ms","service":"public-opinion-system","timestamp":"2026-02-12T10:34:58.990Z"}
{"level":"info","message":"深度学习情感分析完成，整体情感得分: 0.00，置信度: 0.65","service":"public-opinion-system","timestamp":"2026-02-12T10:34:58.990Z"}
{"level":"info","message":"神经网络风险评估完成，整体风险等级: low, 风险评分: 0.00","service":"public-opinion-system","timestamp":"2026-02-12T10:34:58.991Z"}
{"level":"info","message":"增强Agent sentiment 完成，置信度: 0.65，用时: 4ms","service":"public-opinion-system","timestamp":"2026-02-12T10:34:58.991Z"}
{"level":"info","message":"增强Agent risk 完成，置信度: 0.67，用时: 5ms","service":"public-opinion-system","timestamp":"2026-02-12T10:34:58.993Z"}
{"level":"info","message":"第 2 轮增强分析完成，平均置信度: 0.64","service":"public-opinion-system","timestamp":"2026-02-12T10:34:58.993Z"}
{"level":"info","message":"第 2 轮智能数据增强","service":"public-opinion-system","timestamp":"2026-02-12T10:34:58.994Z"}
{"level":"info","message":"数据增强完成，原始 6 条 → 增强 6 条","service":"public-opinion-system","timestamp":"2026-02-12T10:34:58.994Z"}
{"level":"info","message":"第 3 轮增强分析开始","service":"public-opinion-system","timestamp":"2026-02-12T10:34:58.994Z"}
{"level":"info","message":"运行增强Agent: sentiment","service":"public-opinion-system","timestamp":"2026-02-12T10:34:58.994Z"}
{"level":"info","message":"深度学习情感分析开始处理 6 条数据","service":"public-opinion-system","timestamp":"2026-02-12T10:34:58.995Z"}
{"level":"info","message":"运行增强Agent: topic","service":"public-opinion-system","timestamp":"2026-02-12T10:34:58.995Z"}
{"level":"info","message":"主题建模Agent开始处理 6 条数据","service":"public-opinion-system","timestamp":"2026-02-12T10:34:58.995Z"}
{"level":"info","message":"运行增强Agent: risk","service":"public-opinion-system","timestamp":"2026-02-12T10:34:58.995Z"}
{"level":"info","message":"神经网络风险评估Agent开始处理 6 条数据","service":"public-opinion-system","timestamp":"2026-02-12T10:34:58.995Z"}
{"level":"info","message":"主题建模完成，发现 5 个主题，8 个关键词","service":"public-opinion-system","timestamp":"2026-02-12T10:34:58.996Z"}
{"level":"info","message":"增强Agent topic 完成，置信度: 0.60，用时: 1ms","service":"public-opinion-system","timestamp":"2026-02-12T10:34:58.996Z"}
{"level":"info","message":"深度学习情感分析完成，整体情感得分: 0.00，置信度: 0.65","service":"public-opinion-system","timestamp":"2026-02-12T10:34:58.997Z"}
{"level":"info","message":"神经网络风险评估完成，整体风险等级: low, 风险评分: 0.00","service":"public-opinion-system","timestamp":"2026-02-12T10:34:58.997Z"}
{"level":"info","message":"增强Agent sentiment 完成，置信度: 0.65，用时: 2ms","service":"public-opinion-system","timestamp":"2026-02-12T10:34:58.997Z"}
{"level":"info","message":"增强Agent risk 完成，置信度: 0.67，用时: 2ms","service":"public-opinion-system","timestamp":"2026-02-12T10:34:58.997Z"}
{"level":"info","message":"第 3 轮增强分析完成，平均置信度: 0.64","service":"public-opinion-system","timestamp":"2026-02-12T10:34:58.998Z"}
{"level":"info","message":"第 3 轮智能数据增强","service":"public-opinion-system","timestamp":"2026-02-12T10:34:58.998Z"}
{"level":"info","message":"数据增强完成，原始 6 条 → 增强 6 条","service":"public-opinion-system","timestamp":"2026-02-12T10:34:58.998Z"}
{"level":"info","message":"第 4 轮增强分析开始","service":"public-opinion-system","timestamp":"2026-02-12T10:34:58.998Z"}
{"level":"info","message":"运行增强Agent: sentiment","service":"public-opinion-system","timestamp":"2026-02-12T10:34:58.999Z"}
{"level":"info","message":"深度学习情感分析开始处理 6 条数据","service":"public-opinion-system","timestamp":"2026-02-12T10:34:58.999Z"}
{"level":"info","message":"运行增强Agent: topic","service":"public-opinion-system","timestamp":"2026-02-12T10:34:58.999Z"}
{"level":"info","message":"主题建模Agent开始处理 6 条数据","service":"public-opinion-system","timestamp":"2026-02-12T10:34:58.999Z"}
{"level":"info","message":"运行增强Agent: risk","service":"public-opinion-system","timestamp":"2026-02-12T10:34:58.999Z"}
{"level":"info","message":"神经网络风险评估Agent开始处理 6 条数据","service":"public-opinion-system","timestamp":"2026-02-12T10:34:59.000Z"}
{"level":"info","message":"主题建模完成，发现 5 个主题，8 个关键词","service":"public-opinion-system","timestamp":"2026-02-12T10:34:59.000Z"}
{"level":"info","message":"增强Agent topic 完成，置信度: 0.60，用时: 2ms","service":"public-opinion-system","timestamp":"2026-02-12T10:34:59.001Z"}
{"level":"info","message":"深度学习情感分析完成，整体情感得分: 0.00，置信度: 0.65","service":"public-opinion-system","timestamp":"2026-02-12T10:34:59.001Z"}
{"level":"info","message":"神经网络风险评估完成，整体风险等级: low, 风险评分: 0.00","service":"public-opinion-system","timestamp":"2026-02-12T10:34:59.001Z"}
{"level":"info","message":"增强Agent sentiment 完成，置信度: 0.65，用时: 2ms","service":"public-opinion-system","timestamp":"2026-02-12T10:34:59.001Z"}
{"level":"info","message":"增强Agent risk 完成，置信度: 0.67，用时: 2ms","service":"public-opinion-system","timestamp":"2026-02-12T10:34:59.002Z"}
{"level":"info","message":"第 4 轮增强分析完成，平均置信度: 0.64","service":"public-opinion-system","timestamp":"2026-02-12T10:34:59.002Z"}
{"level":"info","message":"第 4 轮智能数据增强","service":"public-opinion-system","timestamp":"2026-02-12T10:34:59.002Z"}
{"level":"info","message":"数据增强完成，原始 6 条 → 增强 6 条","service":"public-opinion-system","timestamp":"2026-02-12T10:34:59.002Z"}
{"level":"info","message":"第 5 轮增强分析开始","service":"public-opinion-system","timestamp":"2026-02-12T10:34:59.003Z"}
{"level":"info","message":"运行增强Agent: sentiment","service":"public-opinion-system","timestamp":"2026-02-12T10:34:59.003Z"}
{"level":"info","message":"深度学习情感分析开始处理 6 条数据","service":"public-opinion-system","timestamp":"2026-02-12T10:34:59.003Z"}
{"level":"info","message":"运行增强Agent: topic","service":"public-opinion-system","timestamp":"2026-02-12T10:34:59.004Z"}
{"level":"info","message":"主题建模Agent开始处理 6 条数据","service":"public-opinion-system","timestamp":"2026-02-12T10:34:59.004Z"}
{"level":"info","message":"运行增强Agent: risk","service":"public-opinion-system","timestamp":"2026-02-12T10:34:59.004Z"}
{"level":"info","message":"神经网络风险评估Agent开始处理 6 条数据","service":"public-opinion-system","timestamp":"2026-02-12T10:34:59.004Z"}
{"level":"info","message":"主题建模完成，发现 5 个主题，8 个关键词","service":"public-opinion-system","timestamp":"2026-02-12T10:34:59.005Z"}
{"level":"info","message":"增强Agent topic 完成，置信度: 0.60，用时: 1ms","service":"public-opinion-system","timestamp":"2026-02-12T10:34:59.005Z"}
{"level":"info","message":"深度学习情感分析完成，整体情感得分: 0.00，置信度: 0.65","service":"public-opinion-system","timestamp":"2026-02-12T10:34:59.006Z"}
{"level":"info","message":"神经网络风险评估完成，整体风险等级: low, 风险评分: 0.00","service":"public-opinion-system","timestamp":"2026-02-12T10:34:59.006Z"}
{"level":"info","message":"增强Agent sentiment 完成，置信度: 0.65，用时: 3ms","service":"public-opinion-system","timestamp":"2026-02-12T10:34:59.006Z"}
{"level":"info","message":"增强Agent risk 完成，置信度: 0.67，用时: 3ms","service":"public-opinion-system","timestamp":"2026-02-12T10:34:59.007Z"}
{"level":"info","message":"第 5 轮增强分析完成，平均置信度: 0.64","service":"public-opinion-system","timestamp":"2026-02-12T10:34:59.007Z"}
{"level":"info","message":"增强AI分析任务 analysis_1770892498962_zc08x5k56 完成，共进行 5 轮分析","service":"public-opinion-system","timestamp":"2026-02-12T10:34:59.008Z"}
{"level":"info","message":"初始化LLM增强分析引擎 (Skills集成版)...","service":"public-opinion-system","timestamp":"2026-02-12T10:34:59.008Z"}
{"level":"info","message":"初始化LLM Agent...","service":"public-opinion-system","timestamp":"2026-02-12T10:34:59.009Z"}
{"level":"info","message":"初始化LLM Agent: sentiment","service":"public-opinion-system","timestamp":"2026-02-12T10:34:59.009Z"}
{"level":"info","message":"初始化Agent: LLMSentimentAgent","service":"public-opinion-system","timestamp":"2026-02-12T10:34:59.010Z"}
{"level":"warn","message":"LLMSentimentAgent 未配置API密钥，将使用模拟模式","service":"public-opinion-system","timestamp":"2026-02-12T10:34:59.010Z"}
{"level":"info","message":"初始化LLM Agent: topic","service":"public-opinion-system","timestamp":"2026-02-12T10:34:59.010Z"}
{"level":"info","message":"初始化Agent: LLMTopicAgent","service":"public-opinion-system","timestamp":"2026-02-12T10:34:59.010Z"}
{"level":"warn","message":"LLMTopicAgent 未配置API密钥，将使用模拟模式","service":"public-opinion-system","timestamp":"2026-02-12T10:34:59.011Z"}
{"level":"info","message":"初始化LLM Agent: risk","service":"public-opinion-system","timestamp":"2026-02-12T10:34:59.011Z"}
{"level":"info","message":"初始化Agent: LLMRiskAgent","service":"public-opinion-system","timestamp":"2026-02-12T10:34:59.011Z"}
{"level":"warn","message":"LLMRiskAgent 未配置API密钥，将使用模拟模式","service":"public-opinion-system","timestamp":"2026-02-12T10:34:59.011Z"}
{"level":"info","message":"所有LLM Agent初始化完成","service":"public-opinion-system","timestamp":"2026-02-12T10:34:59.011Z"}
{"level":"info","message":"初始化Skills管理器...","service":"public-opinion-system","timestamp":"2026-02-12T10:34:59.012Z"}
{"level":"info","message":"Skills管理器初始化完成","service":"public-opinion-system","timestamp":"2026-02-12T10:34:59.012Z"}
{"level":"info","message":"LLM增强分析引擎 (Skills集成版) 初始化完成","service":"public-opinion-system","timestamp":"2026-02-12T10:34:59.012Z"}
{"level":"info","message":"开始LLM增强分析任务 llm_skills_analysis_1770892499012_dl3pd5tph (Skills集成版)，数据量: 6，关键词: 人工智能","service":"public-opinion-system","timestamp":"2026-02-12T10:34:59.012Z"}
{"level":"info","message":"开始多轮验证分析，最大轮数: 2","service":"public-opinion-system","timestamp":"2026-02-12T10:34:59.013Z"}
{"level":"info","message":"第 1 轮分析开始","service":"public-opinion-system","timestamp":"2026-02-12T10:34:59.013Z"}
{"level":"info","message":"应用数据预处理Skills","service":"public-opinion-system","timestamp":"2026-02-12T10:34:59.013Z"}
{"level":"info","message":"应用技能: dataValidation","service":"public-opinion-system","timestamp":"2026-02-12T10:34:59.014Z"}
{"level":"info","message":"技能 dataValidation 未应用，原因: 数据已有效","service":"public-opinion-system","timestamp":"2026-02-12T10:34:59.014Z"}
{"level":"info","message":"应用技能: biasDetection","service":"public-opinion-system","timestamp":"2026-02-12T10:34:59.014Z"}
{"level":"info","message":"技能 biasDetection 应用成功，改进: 偏见检测完成","service":"public-opinion-system","timestamp":"2026-02-12T10:34:59.014Z"}
{"level":"info","message":"并行运行LLM Agent分析...","service":"public-opinion-system","timestamp":"2026-02-12T10:34:59.015Z"}
{"level":"info","message":"LLM情感分析开始处理 6 条数据","service":"public-opinion-system","timestamp":"2026-02-12T10:34:59.015Z"}
{"level":"info","message":"处理第 1/2 批数据 (5 条)","service":"public-opinion-system","timestamp":"2026-02-12T10:34:59.015Z"}
{"level":"warn","message":"LLMSentimentAgent 未配置LLM，使用模拟响应","service":"public-opinion-system","timestamp":"2026-02-12T10:34:59.016Z"}
{"level":"info","message":"LLM主题建模开始处理 6 条数据","service":"public-opinion-system","timestamp":"2026-02-12T10:34:59.016Z"}
{"level":"warn","message":"LLMTopicAgent 未配置LLM，使用模拟响应","service":"public-opinion-system","timestamp":"2026-02-12T10:34:59.017Z"}
{"level":"info","message":"LLM风险评估开始处理 6 条数据","service":"public-opinion-system","timestamp":"2026-02-12T10:34:59.017Z"}
{"level":"warn","message":"LLMRiskAgent 未配置LLM，使用模拟响应","service":"public-opinion-system","timestamp":"2026-02-12T10:34:59.018Z"}
{"level":"warn","message":"LLM响应解析失败，使用备用解析: 无法解析LLM响应格式","service":"public-opinion-system","timestamp":"2026-02-12T10:34:59.019Z"}
{"level":"info","message":"处理第 2/2 批数据 (1 条)","service":"public-opinion-system","timestamp":"2026-02-12T10:34:59.020Z"}
{"level":"warn","message":"LLMSentimentAgent 未配置LLM，使用模拟响应","service":"public-opinion-system","timestamp":"2026-02-12T10:34:59.024Z"}
{"level":"warn","message":"LLMTopicAgent 未配置LLM，使用模拟响应","service":"public-opinion-system","timestamp":"2026-02-12T10:34:59.025Z"}
{"level":"warn","message":"LLMRiskAgent 未配置LLM，使用模拟响应","service":"public-opinion-system","timestamp":"2026-02-12T10:34:59.025Z"}
{"level":"warn","message":"LLM响应解析失败，使用备用解析: 无法解析LLM响应格式","service":"public-opinion-system","timestamp":"2026-02-12T10:34:59.025Z"}
{"level":"info","message":"LLM情感分析完成，整体情感得分: 0.53，置信度: 0.50","service":"public-opinion-system","timestamp":"2026-02-12T10:34:59.026Z"}
{"level":"warn","message":"LLMTopicAgent 未配置LLM，使用模拟响应","service":"public-opinion-system","timestamp":"2026-02-12T10:34:59.026Z"}
{"level":"warn","message":"LLMRiskAgent 未配置LLM，使用模拟响应","service":"public-opinion-system","timestamp":"2026-02-12T10:34:59.026Z"}
{"level":"warn","message":"LLMTopicAgent 未配置LLM，使用模拟响应","service":"public-opinion-system","timestamp":"2026-02-12T10:34:59.027Z"}
{"level":"warn","message":"LLMRiskAgent 未配置LLM，使用模拟响应","service":"public-opinion-system","timestamp":"2026-02-12T10:34:59.027Z"}
{"level":"info","message":"LLM主题建模完成，发现 5 个主题，3 个关键词","service":"public-opinion-system","timestamp":"2026-02-12T10:34:59.027Z"}
{"level":"warn","message":"LLMRiskAgent 未配置LLM，使用模拟响应","service":"public-opinion-system","timestamp":"2026-02-12T10:34:59.030Z"}
{"level":"warn","message":"LLMRiskAgent 未配置LLM，使用模拟响应","service":"public-opinion-system","timestamp":"2026-02-12T10:34:59.031Z"}
{"level":"warn","message":"LLMRiskAgent 未配置LLM，使用模拟响应","service":"public-opinion-system","timestamp":"2026-02-12T10:34:59.031Z"}
{"level":"info","message":"LLM风险评估完成，整体风险等级: high, 评分: 0.61","service":"public-opinion-system","timestamp":"2026-02-12T10:34:59.032Z"}
{"level":"info","message":"LLM Agent sentiment 分析完成，置信度: 50.0%","service":"public-opinion-system","timestamp":"2026-02-12T10:34:59.032Z"}
{"level":"info","message":"LLM Agent topic 分析完成，置信度: 87.4%","service":"public-opinion-system","timestamp":"2026-02-12T10:34:59.032Z"}
{"level":"info","message":"LLM Agent risk 分析完成，置信度: 64.4%","service":"public-opinion-system","timestamp":"2026-02-12T10:34:59.033Z"}
{"level":"info","message":"应用结果验证和增强Skills","service":"public-opinion-system","timestamp":"2026-02-12T10:34:59.033Z"}
{"level":"info","message":"应用技能: resultVerification","service":"public-opinion-system","timestamp":"2026-02-12T10:34:59.033Z"}
{"level":"info","message":"技能 resultVerification 未应用，原因: 结果一致","service":"public-opinion-system","timestamp":"2026-02-12T10:34:59.034Z"}
{"level":"info","message":"应用技能: confidenceCalibration","service":"public-opinion-system","timestamp":"2026-02-12T10:34:59.034Z"}
{"level":"info","message":"技能 confidenceCalibration 应用成功，改进: 置信度校准完成","service":"public-opinion-system","timestamp":"2026-02-12T10:34:59.035Z"}
{"level":"info","message":"应用技能: qualityEnhancement","service":"public-opinion-system","timestamp":"2026-02-12T10:34:59.035Z"}
{"level":"info","message":"技能 qualityEnhancement 未应用，原因: 增强失败","service":"public-opinion-system","timestamp":"2026-02-12T10:34:59.035Z"}
{"level":"info","message":"执行交叉验证...","service":"public-opinion-system","timestamp":"2026-02-12T10:34:59.036Z"}
{"level":"warn","message":"没有可用的LLM配置，使用模拟分析","service":"public-opinion-system","timestamp":"2026-02-12T10:34:59.036Z"}
{"level":"info","message":"构建分析共识...","service":"public-opinion-system","timestamp":"2026-02-12T10:34:59.036Z"}
{"level":"warn","message":"没有可用的LLM配置，使用模拟分析","service":"public-opinion-system","timestamp":"2026-02-12T10:34:59.037Z"}
{"level":"info","message":"第 1 轮分析完成，置信度: 80.0%，共识达成: true","service":"public-opinion-system","timestamp":"2026-02-12T10:34:59.037Z"}
{"level":"info","message":"多轮验证分析完成，共进行 1 轮，最终置信度: 80.0%","service":"public-opinion-system","timestamp":"2026-02-12T10:34:59.038Z"}
{"level":"info","message":"LLM增强分析任务 llm_skills_analysis_1770892499012_dl3pd5tph (Skills集成版) 完成，平均置信度: 80.0%","service":"public-opinion-system","timestamp":"2026-02-12T10:34:59.039Z"}
{"level":"info","message":"V2真实数据收集开始，关键词: 人工智能, 平台: social","service":"public-opinion-system","timestamp":"2026-02-12T10:38:04.531Z"}
{"level":"info","message":"社交媒体收集开始: 人工智能","service":"public-opinion-system","timestamp":"2026-02-12T10:38:04.533Z"}
{"level":"info","message":"从 social 收集关键词 \"人工智能\" 获得 10 条真实数据","service":"public-opinion-system","timestamp":"2026-02-12T10:38:04.534Z"}
{"level":"info","message":"V2真实数据收集完成，共获得 10 条数据","service":"public-opinion-system","timestamp":"2026-02-12T10:38:05.549Z"}
{"level":"info","message":"初始化增强AI分析引擎V2...","service":"public-opinion-system","timestamp":"2026-02-13T00:56:02.965Z"}
{"level":"info","message":"初始化Agent: DeepLearningSentimentAgent","service":"public-opinion-system","timestamp":"2026-02-13T00:56:02.967Z"}
{"level":"info","message":"加载深度学习情感分析模型...","service":"public-opinion-system","timestamp":"2026-02-13T00:56:02.968Z"}
{"level":"info","message":"深度学习模型加载完成","service":"public-opinion-system","timestamp":"2026-02-13T00:56:02.969Z"}
{"level":"info","message":"增强Agent sentiment 初始化完成","service":"public-opinion-system","timestamp":"2026-02-13T00:56:02.969Z"}
{"level":"info","message":"初始化Agent: TopicModelingAgent","service":"public-opinion-system","timestamp":"2026-02-13T00:56:02.969Z"}
{"level":"info","message":"加载主题建模模型...","service":"public-opinion-system","timestamp":"2026-02-13T00:56:02.969Z"}
{"level":"info","message":"主题建模模型加载完成","service":"public-opinion-system","timestamp":"2026-02-13T00:56:02.969Z"}
{"level":"info","message":"增强Agent topic 初始化完成","service":"public-opinion-system","timestamp":"2026-02-13T00:56:02.969Z"}
{"level":"info","message":"初始化Agent: NeuralRiskAssessmentAgent","service":"public-opinion-system","timestamp":"2026-02-13T00:56:02.970Z"}
{"level":"info","message":"加载神经网络风险评估模型...","service":"public-opinion-system","timestamp":"2026-02-13T00:56:02.970Z"}
{"level":"info","message":"神经网络风险评估模型加载完成","service":"public-opinion-system","timestamp":"2026-02-13T00:56:02.970Z"}
{"level":"info","message":"增强Agent risk 初始化完成","service":"public-opinion-system","timestamp":"2026-02-13T00:56:02.970Z"}
{"level":"info","message":"增强AI分析引擎V2初始化完成","service":"public-opinion-system","timestamp":"2026-02-13T00:56:02.970Z"}
{"level":"info","message":"启动技能管理器...","service":"public-opinion-system","timestamp":"2026-02-13T00:56:02.971Z"}
{"level":"info","message":"加载技能: DataCleaningSkill v1.0.0","service":"public-opinion-system","timestamp":"2026-02-13T00:56:02.976Z"}
{"level":"info","message":"技能管理器启动完成","service":"public-opinion-system","timestamp":"2026-02-13T00:56:02.977Z"}
{"level":"info","message":"V2真实数据收集开始，关键词: 测试, 平台: news","service":"public-opinion-system","timestamp":"2026-02-13T00:56:02.977Z"}
{"level":"info","message":"新闻API开始收集: 测试","service":"public-opinion-system","timestamp":"2026-02-13T00:56:02.977Z"}
{"level":"warn","message":"NewsAPI获取失败: timeout of 10000ms exceeded","service":"public-opinion-system","timestamp":"2026-02-13T00:56:13.006Z"}
{"level":"warn","message":"GNews API获取失败: Request failed with status code 400","service":"public-opinion-system","timestamp":"2026-02-13T00:56:13.774Z"}
{"level":"info","message":"备用API成功获取 0 条数据","service":"public-opinion-system","timestamp":"2026-02-13T00:56:13.774Z"}
{"level":"info","message":"从 news 收集关键词 \"测试\" 获得 0 条真实数据","service":"public-opinion-system","timestamp":"2026-02-13T00:56:13.774Z"}
{"level":"info","message":"V2真实数据收集完成，共获得 0 条数据","service":"public-opinion-system","timestamp":"2026-02-13T00:56:14.787Z"}
{"level":"info","message":"初始化增强AI分析引擎V2...","service":"public-opinion-system","timestamp":"2026-02-13T00:56:15.451Z"}
{"level":"info","message":"初始化Agent: DeepLearningSentimentAgent","service":"public-opinion-system","timestamp":"2026-02-13T00:56:15.453Z"}
{"level":"info","message":"加载深度学习情感分析模型...","service":"public-opinion-system","timestamp":"2026-02-13T00:56:15.455Z"}
{"level":"info","message":"深度学习模型加载完成","service":"public-opinion-system","timestamp":"2026-02-13T00:56:15.455Z"}
{"level":"info","message":"增强Agent sentiment 初始化完成","service":"public-opinion-system","timestamp":"2026-02-13T00:56:15.455Z"}
{"level":"info","message":"初始化Agent: TopicModelingAgent","service":"public-opinion-system","timestamp":"2026-02-13T00:56:15.455Z"}
{"level":"info","message":"加载主题建模模型...","service":"public-opinion-system","timestamp":"2026-02-13T00:56:15.456Z"}
{"level":"info","message":"主题建模模型加载完成","service":"public-opinion-system","timestamp":"2026-02-13T00:56:15.456Z"}
{"level":"info","message":"增强Agent topic 初始化完成","service":"public-opinion-system","timestamp":"2026-02-13T00:56:15.456Z"}
{"level":"info","message":"初始化Agent: NeuralRiskAssessmentAgent","service":"public-opinion-system","timestamp":"2026-02-13T00:56:15.456Z"}
{"level":"info","message":"加载神经网络风险评估模型...","service":"public-opinion-system","timestamp":"2026-02-13T00:56:15.459Z"}
{"level":"info","message":"神经网络风险评估模型加载完成","service":"public-opinion-system","timestamp":"2026-02-13T00:56:15.459Z"}
{"level":"info","message":"增强Agent risk 初始化完成","service":"public-opinion-system","timestamp":"2026-02-13T00:56:15.459Z"}
{"level":"info","message":"增强AI分析引擎V2初始化完成","service":"public-opinion-system","timestamp":"2026-02-13T00:56:15.460Z"}
{"level":"info","message":"启动技能管理器...","service":"public-opinion-system","timestamp":"2026-02-13T00:56:15.460Z"}
{"level":"info","message":"加载技能: DataCleaningSkill v1.0.0","service":"public-opinion-system","timestamp":"2026-02-13T00:56:15.463Z"}
{"level":"info","message":"技能管理器启动完成","service":"public-opinion-system","timestamp":"2026-02-13T00:56:15.463Z"}
{"level":"info","message":"V2真实数据收集开始，关键词: 科技, 平台: social","service":"public-opinion-system","timestamp":"2026-02-13T00:56:15.463Z"}
{"level":"info","message":"社交媒体收集开始: 科技","service":"public-opinion-system","timestamp":"2026-02-13T00:56:15.464Z"}
{"level":"info","message":"从 social 收集关键词 \"科技\" 获得 6 条真实数据","service":"public-opinion-system","timestamp":"2026-02-13T00:56:15.464Z"}
{"level":"info","message":"V2真实数据收集完成，共获得 6 条数据","service":"public-opinion-system","timestamp":"2026-02-13T00:56:16.466Z"}
{"level":"info","message":"初始化增强AI分析引擎V2...","service":"public-opinion-system","timestamp":"2026-02-13T00:56:17.130Z"}
{"level":"info","message":"初始化Agent: DeepLearningSentimentAgent","service":"public-opinion-system","timestamp":"2026-02-13T00:56:17.133Z"}
{"level":"info","message":"加载深度学习情感分析模型...","service":"public-opinion-system","timestamp":"2026-02-13T00:56:17.134Z"}
{"level":"info","message":"深度学习模型加载完成","service":"public-opinion-system","timestamp":"2026-02-13T00:56:17.134Z"}
{"level":"info","message":"增强Agent sentiment 初始化完成","service":"public-opinion-system","timestamp":"2026-02-13T00:56:17.134Z"}
{"level":"info","message":"初始化Agent: TopicModelingAgent","service":"public-opinion-system","timestamp":"2026-02-13T00:56:17.134Z"}
{"level":"info","message":"加载主题建模模型...","service":"public-opinion-system","timestamp":"2026-02-13T00:56:17.135Z"}
{"level":"info","message":"主题建模模型加载完成","service":"public-opinion-system","timestamp":"2026-02-13T00:56:17.135Z"}
{"level":"info","message":"增强Agent topic 初始化完成","service":"public-opinion-system","timestamp":"2026-02-13T00:56:17.135Z"}
{"level":"info","message":"初始化Agent: NeuralRiskAssessmentAgent","service":"public-opinion-system","timestamp":"2026-02-13T00:56:17.135Z"}
{"level":"info","message":"加载神经网络风险评估模型...","service":"public-opinion-system","timestamp":"2026-02-13T00:56:17.135Z"}
{"level":"info","message":"神经网络风险评估模型加载完成","service":"public-opinion-system","timestamp":"2026-02-13T00:56:17.135Z"}
{"level":"info","message":"增强Agent risk 初始化完成","service":"public-opinion-system","timestamp":"2026-02-13T00:56:17.135Z"}
{"level":"info","message":"增强AI分析引擎V2初始化完成","service":"public-opinion-system","timestamp":"2026-02-13T00:56:17.136Z"}
{"level":"info","message":"启动技能管理器...","service":"public-opinion-system","timestamp":"2026-02-13T00:56:17.136Z"}
{"level":"info","message":"加载技能: DataCleaningSkill v1.0.0","service":"public-opinion-system","timestamp":"2026-02-13T00:56:17.142Z"}
{"level":"info","message":"技能管理器启动完成","service":"public-opinion-system","timestamp":"2026-02-13T00:56:17.142Z"}
{"level":"info","message":"V2真实数据收集开始，关键词: 人工智能, 平台: news","service":"public-opinion-system","timestamp":"2026-02-13T00:56:17.143Z"}
{"level":"info","message":"新闻API开始收集: 人工智能","service":"public-opinion-system","timestamp":"2026-02-13T00:56:17.143Z"}
{"level":"warn","message":"NewsAPI获取失败: timeout of 10000ms exceeded","service":"public-opinion-system","timestamp":"2026-02-13T00:56:27.173Z"}
{"level":"warn","message":"GNews API获取失败: Request failed with status code 400","service":"public-opinion-system","timestamp":"2026-02-13T00:56:27.851Z"}
{"level":"info","message":"备用API成功获取 0 条数据","service":"public-opinion-system","timestamp":"2026-02-13T00:56:27.851Z"}
{"level":"info","message":"从 news 收集关键词 \"人工智能\" 获得 0 条真实数据","service":"public-opinion-system","timestamp":"2026-02-13T00:56:27.852Z"}
{"level":"info","message":"V2真实数据收集完成，共获得 0 条数据","service":"public-opinion-system","timestamp":"2026-02-13T00:56:28.853Z"}
{"level":"info","message":"开始增强AI分析任务 analysis_1770944188854_gbb891cab，数据量: 0，关键词: 人工智能","service":"public-opinion-system","timestamp":"2026-02-13T00:56:28.854Z"}
{"level":"info","message":"第 1 轮增强分析开始","service":"public-opinion-system","timestamp":"2026-02-13T00:56:28.854Z"}
{"level":"info","message":"运行增强Agent: sentiment","service":"public-opinion-system","timestamp":"2026-02-13T00:56:28.854Z"}
{"level":"info","message":"深度学习情感分析开始处理 0 条数据","service":"public-opinion-system","timestamp":"2026-02-13T00:56:28.854Z"}
{"level":"info","message":"深度学习情感分析完成，整体情感得分: 0.00，置信度: 0.00","service":"public-opinion-system","timestamp":"2026-02-13T00:56:28.855Z"}
{"level":"info","message":"运行增强Agent: topic","service":"public-opinion-system","timestamp":"2026-02-13T00:56:28.855Z"}
{"level":"info","message":"主题建模Agent开始处理 0 条数据","service":"public-opinion-system","timestamp":"2026-02-13T00:56:28.855Z"}
{"level":"info","message":"运行增强Agent: risk","service":"public-opinion-system","timestamp":"2026-02-13T00:56:28.855Z"}
{"level":"info","message":"神经网络风险评估Agent开始处理 0 条数据","service":"public-opinion-system","timestamp":"2026-02-13T00:56:28.855Z"}
{"level":"info","message":"神经网络风险评估完成，整体风险等级: low, 风险评分: 0.00","service":"public-opinion-system","timestamp":"2026-02-13T00:56:28.856Z"}
{"level":"info","message":"增强Agent sentiment 完成，置信度: 0.00，用时: 2ms","service":"public-opinion-system","timestamp":"2026-02-13T00:56:28.856Z"}
{"level":"info","message":"增强Agent risk 完成，置信度: 0.00，用时: 1ms","service":"public-opinion-system","timestamp":"2026-02-13T00:56:28.856Z"}
{"level":"info","message":"主题建模完成，发现 5 个主题，0 个关键词","service":"public-opinion-system","timestamp":"2026-02-13T00:56:28.857Z"}
{"level":"info","message":"增强Agent topic 完成，置信度: 0.00，用时: 2ms","service":"public-opinion-system","timestamp":"2026-02-13T00:56:28.857Z"}
{"level":"info","message":"第 1 轮增强分析完成，平均置信度: 0.00","service":"public-opinion-system","timestamp":"2026-02-13T00:56:28.857Z"}
{"level":"info","message":"第 1 轮智能数据增强","service":"public-opinion-system","timestamp":"2026-02-13T00:56:28.857Z"}
{"level":"info","message":"数据增强完成，原始 0 条 → 增强 0 条","service":"public-opinion-system","timestamp":"2026-02-13T00:56:28.857Z"}
{"level":"info","message":"第 2 轮增强分析开始","service":"public-opinion-system","timestamp":"2026-02-13T00:56:28.858Z"}
{"level":"info","message":"运行增强Agent: sentiment","service":"public-opinion-system","timestamp":"2026-02-13T00:56:28.858Z"}
{"level":"info","message":"深度学习情感分析开始处理 0 条数据","service":"public-opinion-system","timestamp":"2026-02-13T00:56:28.858Z"}
{"level":"info","message":"深度学习情感分析完成，整体情感得分: 0.00，置信度: 0.00","service":"public-opinion-system","timestamp":"2026-02-13T00:56:28.858Z"}
{"level":"info","message":"运行增强Agent: topic","service":"public-opinion-system","timestamp":"2026-02-13T00:56:28.858Z"}
{"level":"info","message":"主题建模Agent开始处理 0 条数据","service":"public-opinion-system","timestamp":"2026-02-13T00:56:28.858Z"}
{"level":"info","message":"运行增强Agent: risk","service":"public-opinion-system","timestamp":"2026-02-13T00:56:28.858Z"}
{"level":"info","message":"神经网络风险评估Agent开始处理 0 条数据","service":"public-opinion-system","timestamp":"2026-02-13T00:56:28.858Z"}
{"level":"info","message":"神经网络风险评估完成，整体风险等级: low, 风险评分: 0.00","service":"public-opinion-system","timestamp":"2026-02-13T00:56:28.858Z"}
{"level":"info","message":"增强Agent sentiment 完成，置信度: 0.00，用时: 0ms","service":"public-opinion-system","timestamp":"2026-02-13T00:56:28.858Z"}
{"level":"info","message":"增强Agent risk 完成，置信度: 0.00，用时: 0ms","service":"public-opinion-system","timestamp":"2026-02-13T00:56:28.858Z"}
{"level":"info","message":"主题建模完成，发现 5 个主题，0 个关键词","service":"public-opinion-system","timestamp":"2026-02-13T00:56:28.858Z"}
{"level":"info","message":"增强Agent topic 完成，置信度: 0.00，用时: 0ms","service":"public-opinion-system","timestamp":"2026-02-13T00:56:28.858Z"}
{"level":"info","message":"第 2 轮增强分析完成，平均置信度: 0.00","service":"public-opinion-system","timestamp":"2026-02-13T00:56:28.859Z"}
{"level":"info","message":"第 2 轮智能数据增强","service":"public-opinion-system","timestamp":"2026-02-13T00:56:28.859Z"}
{"level":"info","message":"数据增强完成，原始 0 条 → 增强 0 条","service":"public-opinion-system","timestamp":"2026-02-13T00:56:28.859Z"}
{"level":"info","message":"第 3 轮增强分析开始","service":"public-opinion-system","timestamp":"2026-02-13T00:56:28.859Z"}
{"level":"info","message":"运行增强Agent: sentiment","service":"public-opinion-system","timestamp":"2026-02-13T00:56:28.859Z"}
{"level":"info","message":"深度学习情感分析开始处理 0 条数据","service":"public-opinion-system","timestamp":"2026-02-13T00:56:28.859Z"}
{"level":"info","message":"深度学习情感分析完成，整体情感得分: 0.00，置信度: 0.00","service":"public-opinion-system","timestamp":"2026-02-13T00:56:28.859Z"}
{"level":"info","message":"运行增强Agent: topic","service":"public-opinion-system","timestamp":"2026-02-13T00:56:28.859Z"}
{"level":"info","message":"主题建模Agent开始处理 0 条数据","service":"public-opinion-system","timestamp":"2026-02-13T00:56:28.859Z"}
{"level":"info","message":"运行增强Agent: risk","service":"public-opinion-system","timestamp":"2026-02-13T00:56:28.859Z"}
{"level":"info","message":"神经网络风险评估Agent开始处理 0 条数据","service":"public-opinion-system","timestamp":"2026-02-13T00:56:28.859Z"}
{"level":"info","message":"神经网络风险评估完成，整体风险等级: low, 风险评分: 0.00","service":"public-opinion-system","timestamp":"2026-02-13T00:56:28.859Z"}
{"level":"info","message":"增强Agent sentiment 完成，置信度: 0.00，用时: 0ms","service":"public-opinion-system","timestamp":"2026-02-13T00:56:28.859Z"}
{"level":"info","message":"增强Agent risk 完成，置信度: 0.00，用时: 0ms","service":"public-opinion-system","timestamp":"2026-02-13T00:56:28.859Z"}
{"level":"info","message":"主题建模完成，发现 5 个主题，0 个关键词","service":"public-opinion-system","timestamp":"2026-02-13T00:56:28.860Z"}
{"level":"info","message":"增强Agent topic 完成，置信度: 0.00，用时: 1ms","service":"public-opinion-system","timestamp":"2026-02-13T00:56:28.860Z"}
{"level":"info","message":"第 3 轮增强分析完成，平均置信度: 0.00","service":"public-opinion-system","timestamp":"2026-02-13T00:56:28.860Z"}
{"level":"info","message":"第 3 轮智能数据增强","service":"public-opinion-system","timestamp":"2026-02-13T00:56:28.860Z"}
{"level":"info","message":"数据增强完成，原始 0 条 → 增强 0 条","service":"public-opinion-system","timestamp":"2026-02-13T00:56:28.860Z"}
{"level":"info","message":"第 4 轮增强分析开始","service":"public-opinion-system","timestamp":"2026-02-13T00:56:28.860Z"}
{"level":"info","message":"运行增强Agent: sentiment","service":"public-opinion-system","timestamp":"2026-02-13T00:56:28.860Z"}
{"level":"info","message":"深度学习情感分析开始处理 0 条数据","service":"public-opinion-system","timestamp":"2026-02-13T00:56:28.860Z"}
{"level":"info","message":"深度学习情感分析完成，整体情感得分: 0.00，置信度: 0.00","service":"public-opinion-system","timestamp":"2026-02-13T00:56:28.860Z"}
{"level":"info","message":"运行增强Agent: topic","service":"public-opinion-system","timestamp":"2026-02-13T00:56:28.860Z"}
{"level":"info","message":"主题建模Agent开始处理 0 条数据","service":"public-opinion-system","timestamp":"2026-02-13T00:56:28.860Z"}
{"level":"info","message":"运行增强Agent: risk","service":"public-opinion-system","timestamp":"2026-02-13T00:56:28.860Z"}
{"level":"info","message":"神经网络风险评估Agent开始处理 0 条数据","service":"public-opinion-system","timestamp":"2026-02-13T00:56:28.860Z"}
{"level":"info","message":"神经网络风险评估完成，整体风险等级: low, 风险评分: 0.00","service":"public-opinion-system","timestamp":"2026-02-13T00:56:28.861Z"}
{"level":"info","message":"增强Agent sentiment 完成，置信度: 0.00，用时: 1ms","service":"public-opinion-system","timestamp":"2026-02-13T00:56:28.861Z"}
{"level":"info","message":"增强Agent risk 完成，置信度: 0.00，用时: 1ms","service":"public-opinion-system","timestamp":"2026-02-13T00:56:28.861Z"}
{"level":"info","message":"主题建模完成，发现 5 个主题，0 个关键词","service":"public-opinion-system","timestamp":"2026-02-13T00:56:28.861Z"}
{"level":"info","message":"增强Agent topic 完成，置信度: 0.00，用时: 1ms","service":"public-opinion-system","timestamp":"2026-02-13T00:56:28.861Z"}
{"level":"info","message":"第 4 轮增强分析完成，平均置信度: 0.00","service":"public-opinion-system","timestamp":"2026-02-13T00:56:28.861Z"}
{"level":"info","message":"第 4 轮智能数据增强","service":"public-opinion-system","timestamp":"2026-02-13T00:56:28.861Z"}
{"level":"info","message":"数据增强完成，原始 0 条 → 增强 0 条","service":"public-opinion-system","timestamp":"2026-02-13T00:56:28.861Z"}
{"level":"info","message":"第 5 轮增强分析开始","service":"public-opinion-system","timestamp":"2026-02-13T00:56:28.861Z"}
{"level":"info","message":"运行增强Agent: sentiment","service":"public-opinion-system","timestamp":"2026-02-13T00:56:28.862Z"}
{"level":"info","message":"深度学习情感分析开始处理 0 条数据","service":"public-opinion-system","timestamp":"2026-02-13T00:56:28.862Z"}
{"level":"info","message":"深度学习情感分析完成，整体情感得分: 0.00，置信度: 0.00","service":"public-opinion-system","timestamp":"2026-02-13T00:56:28.862Z"}
{"level":"info","message":"运行增强Agent: topic","service":"public-opinion-system","timestamp":"2026-02-13T00:56:28.862Z"}
{"level":"info","message":"主题建模Agent开始处理 0 条数据","service":"public-opinion-system","timestamp":"2026-02-13T00:56:28.862Z"}
{"level":"info","message":"运行增强Agent: risk","service":"public-opinion-system","timestamp":"2026-02-13T00:56:28.862Z"}
{"level":"info","message":"神经网络风险评估Agent开始处理 0 条数据","service":"public-opinion-system","timestamp":"2026-02-13T00:56:28.862Z"}
{"level":"info","message":"神经网络风险评估完成，整体风险等级: low, 风险评分: 0.00","service":"public-opinion-system","timestamp":"2026-02-13T00:56:28.862Z"}
{"level":"info","message":"增强Agent sentiment 完成，置信度: 0.00，用时: 0ms","service":"public-opinion-system","timestamp":"2026-02-13T00:56:28.862Z"}
{"level":"info","message":"增强Agent risk 完成，置信度: 0.00，用时: 0ms","service":"public-opinion-system","timestamp":"2026-02-13T00:56:28.862Z"}
{"level":"info","message":"主题建模完成，发现 5 个主题，0 个关键词","service":"public-opinion-system","timestamp":"2026-02-13T00:56:28.862Z"}
{"level":"info","message":"增强Agent topic 完成，置信度: 0.00，用时: 0ms","service":"public-opinion-system","timestamp":"2026-02-13T00:56:28.862Z"}
{"level":"info","message":"第 5 轮增强分析完成，平均置信度: 0.00","service":"public-opinion-system","timestamp":"2026-02-13T00:56:28.862Z"}
{"level":"info","message":"运行增强Agent: sentiment","service":"public-opinion-system","timestamp":"2026-02-13T00:56:28.863Z"}
{"level":"info","message":"深度学习情感分析开始处理 0 条数据","service":"public-opinion-system","timestamp":"2026-02-13T00:56:28.863Z"}
{"level":"info","message":"深度学习情感分析完成，整体情感得分: 0.00，置信度: 0.00","service":"public-opinion-system","timestamp":"2026-02-13T00:56:28.864Z"}
{"level":"info","message":"运行增强Agent: topic","service":"public-opinion-system","timestamp":"2026-02-13T00:56:28.864Z"}
{"level":"info","message":"主题建模Agent开始处理 0 条数据","service":"public-opinion-system","timestamp":"2026-02-13T00:56:28.864Z"}
{"level":"info","message":"运行增强Agent: risk","service":"public-opinion-system","timestamp":"2026-02-13T00:56:28.864Z"}
{"level":"info","message":"神经网络风险评估Agent开始处理 0 条数据","service":"public-opinion-system","timestamp":"2026-02-13T00:56:28.864Z"}
{"level":"info","message":"神经网络风险评估完成，整体风险等级: low, 风险评分: 0.00","service":"public-opinion-system","timestamp":"2026-02-13T00:56:28.864Z"}
{"level":"info","message":"增强Agent sentiment 完成，置信度: 0.00，用时: 1ms","service":"public-opinion-system","timestamp":"2026-02-13T00:56:28.864Z"}
{"level":"info","message":"增强Agent risk 完成，置信度: 0.00，用时: 0ms","service":"public-opinion-system","timestamp":"2026-02-13T00:56:28.864Z"}
{"level":"info","message":"主题建模完成，发现 5 个主题，0 个关键词","service":"public-opinion-system","timestamp":"2026-02-13T00:56:28.864Z"}
{"level":"info","message":"增强Agent topic 完成，置信度: 0.00，用时: 0ms","service":"public-opinion-system","timestamp":"2026-02-13T00:56:28.864Z"}
{"level":"info","message":"增强AI分析任务 analysis_1770944188854_gbb891cab 完成，共进行 5 轮分析","service":"public-opinion-system","timestamp":"2026-02-13T00:56:28.865Z"}
{"level":"info","message":"初始化增强AI分析引擎V2...","service":"public-opinion-system","timestamp":"2026-02-13T00:56:29.539Z"}
{"level":"info","message":"初始化Agent: DeepLearningSentimentAgent","service":"public-opinion-system","timestamp":"2026-02-13T00:56:29.542Z"}
{"level":"info","message":"加载深度学习情感分析模型...","service":"public-opinion-system","timestamp":"2026-02-13T00:56:29.543Z"}
{"level":"info","message":"深度学习模型加载完成","service":"public-opinion-system","timestamp":"2026-02-13T00:56:29.543Z"}
{"level":"info","message":"增强Agent sentiment 初始化完成","service":"public-opinion-system","timestamp":"2026-02-13T00:56:29.543Z"}
{"level":"info","message":"初始化Agent: TopicModelingAgent","service":"public-opinion-system","timestamp":"2026-02-13T00:56:29.544Z"}
{"level":"info","message":"加载主题建模模型...","service":"public-opinion-system","timestamp":"2026-02-13T00:56:29.544Z"}
{"level":"info","message":"主题建模模型加载完成","service":"public-opinion-system","timestamp":"2026-02-13T00:56:29.544Z"}
{"level":"info","message":"增强Agent topic 初始化完成","service":"public-opinion-system","timestamp":"2026-02-13T00:56:29.544Z"}
{"level":"info","message":"初始化Agent: NeuralRiskAssessmentAgent","service":"public-opinion-system","timestamp":"2026-02-13T00:56:29.544Z"}
{"level":"info","message":"加载神经网络风险评估模型...","service":"public-opinion-system","timestamp":"2026-02-13T00:56:29.544Z"}
{"level":"info","message":"神经网络风险评估模型加载完成","service":"public-opinion-system","timestamp":"2026-02-13T00:56:29.545Z"}
{"level":"info","message":"增强Agent risk 初始化完成","service":"public-opinion-system","timestamp":"2026-02-13T00:56:29.545Z"}
{"level":"info","message":"增强AI分析引擎V2初始化完成","service":"public-opinion-system","timestamp":"2026-02-13T00:56:29.545Z"}
{"level":"info","message":"启动技能管理器...","service":"public-opinion-system","timestamp":"2026-02-13T00:56:29.545Z"}
{"level":"info","message":"加载技能: DataCleaningSkill v1.0.0","service":"public-opinion-system","timestamp":"2026-02-13T00:56:29.550Z"}
{"level":"info","message":"技能管理器启动完成","service":"public-opinion-system","timestamp":"2026-02-13T00:56:29.550Z"}
{"level":"info","message":"V2真实数据收集开始，关键词: 春节, 放假, 平台: social","service":"public-opinion-system","timestamp":"2026-02-13T00:56:29.551Z"}
{"level":"info","message":"社交媒体收集开始: 春节","service":"public-opinion-system","timestamp":"2026-02-13T00:56:29.551Z"}
{"level":"info","message":"从 social 收集关键词 \"春节\" 获得 6 条真实数据","service":"public-opinion-system","timestamp":"2026-02-13T00:56:29.552Z"}
{"level":"info","message":"社交媒体收集开始: 放假","service":"public-opinion-system","timestamp":"2026-02-13T00:56:30.553Z"}
{"level":"info","message":"从 social 收集关键词 \"放假\" 获得 6 条真实数据","service":"public-opinion-system","timestamp":"2026-02-13T00:56:30.554Z"}
{"level":"info","message":"V2真实数据收集完成，共获得 12 条数据","service":"public-opinion-system","timestamp":"2026-02-13T00:56:31.554Z"}
{"level":"info","message":"开始增强AI分析任务 analysis_1770944191556_col508l4i，数据量: 12，关键词: 春节, 放假","service":"public-opinion-system","timestamp":"2026-02-13T00:56:31.556Z"}
{"level":"info","message":"第 1 轮增强分析开始","service":"public-opinion-system","timestamp":"2026-02-13T00:56:31.556Z"}
{"level":"info","message":"运行增强Agent: sentiment","service":"public-opinion-system","timestamp":"2026-02-13T00:56:31.557Z"}
{"level":"info","message":"深度学习情感分析开始处理 12 条数据","service":"public-opinion-system","timestamp":"2026-02-13T00:56:31.557Z"}
{"level":"info","message":"运行增强Agent: topic","service":"public-opinion-system","timestamp":"2026-02-13T00:56:31.558Z"}
{"level":"info","message":"主题建模Agent开始处理 12 条数据","service":"public-opinion-system","timestamp":"2026-02-13T00:56:31.558Z"}
{"level":"info","message":"运行增强Agent: risk","service":"public-opinion-system","timestamp":"2026-02-13T00:56:31.559Z"}
{"level":"info","message":"神经网络风险评估Agent开始处理 12 条数据","service":"public-opinion-system","timestamp":"2026-02-13T00:56:31.559Z"}
{"level":"info","message":"主题建模完成，发现 5 个主题，14 个关键词","service":"public-opinion-system","timestamp":"2026-02-13T00:56:31.562Z"}
{"level":"info","message":"增强Agent topic 完成，置信度: 0.72，用时: 4ms","service":"public-opinion-system","timestamp":"2026-02-13T00:56:31.562Z"}
{"level":"info","message":"深度学习情感分析完成，整体情感得分: 0.00，置信度: 0.65","service":"public-opinion-system","timestamp":"2026-02-13T00:56:31.563Z"}
{"level":"info","message":"神经网络风险评估完成，整体风险等级: low, 风险评分: 0.00","service":"public-opinion-system","timestamp":"2026-02-13T00:56:31.564Z"}
{"level":"info","message":"增强Agent sentiment 完成，置信度: 0.65，用时: 7ms","service":"public-opinion-system","timestamp":"2026-02-13T00:56:31.564Z"}
{"level":"info","message":"增强Agent risk 完成，置信度: 0.67，用时: 5ms","service":"public-opinion-system","timestamp":"2026-02-13T00:56:31.564Z"}
{"level":"info","message":"第 1 轮增强分析完成，平均置信度: 0.68","service":"public-opinion-system","timestamp":"2026-02-13T00:56:31.564Z"}
{"level":"info","message":"第 1 轮智能数据增强","service":"public-opinion-system","timestamp":"2026-02-13T00:56:31.564Z"}
{"level":"info","message":"数据增强完成，原始 12 条 → 增强 12 条","service":"public-opinion-system","timestamp":"2026-02-13T00:56:31.564Z"}
{"level":"info","message":"第 2 轮增强分析开始","service":"public-opinion-system","timestamp":"2026-02-13T00:56:31.564Z"}
{"level":"info","message":"运行增强Agent: sentiment","service":"public-opinion-system","timestamp":"2026-02-13T00:56:31.565Z"}
{"level":"info","message":"深度学习情感分析开始处理 12 条数据","service":"public-opinion-system","timestamp":"2026-02-13T00:56:31.565Z"}
{"level":"info","message":"运行增强Agent: topic","service":"public-opinion-system","timestamp":"2026-02-13T00:56:31.565Z"}
{"level":"info","message":"主题建模Agent开始处理 12 条数据","service":"public-opinion-system","timestamp":"2026-02-13T00:56:31.565Z"}
{"level":"info","message":"运行增强Agent: risk","service":"public-opinion-system","timestamp":"2026-02-13T00:56:31.565Z"}
{"level":"info","message":"神经网络风险评估Agent开始处理 12 条数据","service":"public-opinion-system","timestamp":"2026-02-13T00:56:31.565Z"}
{"level":"info","message":"主题建模完成，发现 5 个主题，14 个关键词","service":"public-opinion-system","timestamp":"2026-02-13T00:56:31.566Z"}
{"level":"info","message":"增强Agent topic 完成，置信度: 0.72，用时: 1ms","service":"public-opinion-system","timestamp":"2026-02-13T00:56:31.566Z"}
{"level":"info","message":"深度学习情感分析完成，整体情感得分: 0.00，置信度: 0.65","service":"public-opinion-system","timestamp":"2026-02-13T00:56:31.566Z"}
{"level":"info","message":"神经网络风险评估完成，整体风险等级: low, 风险评分: 0.00","service":"public-opinion-system","timestamp":"2026-02-13T00:56:31.566Z"}
{"level":"info","message":"增强Agent sentiment 完成，置信度: 0.65，用时: 1ms","service":"public-opinion-system","timestamp":"2026-02-13T00:56:31.566Z"}
{"level":"info","message":"增强Agent risk 完成，置信度: 0.67，用时: 1ms","service":"public-opinion-system","timestamp":"2026-02-13T00:56:31.566Z"}
{"level":"info","message":"第 2 轮增强分析完成，平均置信度: 0.68","service":"public-opinion-system","timestamp":"2026-02-13T00:56:31.566Z"}
{"level":"info","message":"第 2 轮智能数据增强","service":"public-opinion-system","timestamp":"2026-02-13T00:56:31.566Z"}
{"level":"info","message":"数据增强完成，原始 12 条 → 增强 12 条","service":"public-opinion-system","timestamp":"2026-02-13T00:56:31.566Z"}
{"level":"info","message":"第 3 轮增强分析开始","service":"public-opinion-system","timestamp":"2026-02-13T00:56:31.567Z"}
{"level":"info","message":"运行增强Agent: sentiment","service":"public-opinion-system","timestamp":"2026-02-13T00:56:31.567Z"}
{"level":"info","message":"深度学习情感分析开始处理 12 条数据","service":"public-opinion-system","timestamp":"2026-02-13T00:56:31.567Z"}
{"level":"info","message":"运行增强Agent: topic","service":"public-opinion-system","timestamp":"2026-02-13T00:56:31.567Z"}
{"level":"info","message":"主题建模Agent开始处理 12 条数据","service":"public-opinion-system","timestamp":"2026-02-13T00:56:31.567Z"}
{"level":"info","message":"运行增强Agent: risk","service":"public-opinion-system","timestamp":"2026-02-13T00:56:31.567Z"}
{"level":"info","message":"神经网络风险评估Agent开始处理 12 条数据","service":"public-opinion-system","timestamp":"2026-02-13T00:56:31.567Z"}
{"level":"info","message":"主题建模完成，发现 5 个主题，14 个关键词","service":"public-opinion-system","timestamp":"2026-02-13T00:56:31.567Z"}
{"level":"info","message":"增强Agent topic 完成，置信度: 0.72，用时: 1ms","service":"public-opinion-system","timestamp":"2026-02-13T00:56:31.568Z"}
{"level":"info","message":"深度学习情感分析完成，整体情感得分: 0.00，置信度: 0.65","service":"public-opinion-system","timestamp":"2026-02-13T00:56:31.568Z"}
{"level":"info","message":"神经网络风险评估完成，整体风险等级: low, 风险评分: 0.00","service":"public-opinion-system","timestamp":"2026-02-13T00:56:31.568Z"}
{"level":"info","message":"增强Agent sentiment 完成，置信度: 0.65，用时: 1ms","service":"public-opinion-system","timestamp":"2026-02-13T00:56:31.568Z"}
{"level":"info","message":"增强Agent risk 完成，置信度: 0.67，用时: 1ms","service":"public-opinion-system","timestamp":"2026-02-13T00:56:31.568Z"}
{"level":"info","message":"第 3 轮增强分析完成，平均置信度: 0.68","service":"public-opinion-system","timestamp":"2026-02-13T00:56:31.568Z"}
{"level":"info","message":"第 3 轮智能数据增强","service":"public-opinion-system","timestamp":"2026-02-13T00:56:31.568Z"}
{"level":"info","message":"数据增强完成，原始 12 条 → 增强 12 条","service":"public-opinion-system","timestamp":"2026-02-13T00:56:31.568Z"}
{"level":"info","message":"第 4 轮增强分析开始","service":"public-opinion-system","timestamp":"2026-02-13T00:56:31.568Z"}
{"level":"info","message":"运行增强Agent: sentiment","service":"public-opinion-system","timestamp":"2026-02-13T00:56:31.569Z"}
{"level":"info","message":"深度学习情感分析开始处理 12 条数据","service":"public-opinion-system","timestamp":"2026-02-13T00:56:31.569Z"}
{"level":"info","message":"运行增强Agent: topic","service":"public-opinion-system","timestamp":"2026-02-13T00:56:31.569Z"}
{"level":"info","message":"主题建模Agent开始处理 12 条数据","service":"public-opinion-system","timestamp":"2026-02-13T00:56:31.569Z"}
{"level":"info","message":"运行增强Agent: risk","service":"public-opinion-system","timestamp":"2026-02-13T00:56:31.569Z"}
{"level":"info","message":"神经网络风险评估Agent开始处理 12 条数据","service":"public-opinion-system","timestamp":"2026-02-13T00:56:31.569Z"}
{"level":"info","message":"主题建模完成，发现 5 个主题，14 个关键词","service":"public-opinion-system","timestamp":"2026-02-13T00:56:31.569Z"}
{"level":"info","message":"增强Agent topic 完成，置信度: 0.72，用时: 0ms","service":"public-opinion-system","timestamp":"2026-02-13T00:56:31.569Z"}
{"level":"info","message":"深度学习情感分析完成，整体情感得分: 0.00，置信度: 0.65","service":"public-opinion-system","timestamp":"2026-02-13T00:56:31.570Z"}
{"level":"info","message":"神经网络风险评估完成，整体风险等级: low, 风险评分: 0.00","service":"public-opinion-system","timestamp":"2026-02-13T00:56:31.570Z"}
{"level":"info","message":"增强Agent sentiment 完成，置信度: 0.65，用时: 1ms","service":"public-opinion-system","timestamp":"2026-02-13T00:56:31.570Z"}
{"level":"info","message":"增强Agent risk 完成，置信度: 0.67，用时: 1ms","service":"public-opinion-system","timestamp":"2026-02-13T00:56:31.570Z"}
{"level":"info","message":"第 4 轮增强分析完成，平均置信度: 0.68","service":"public-opinion-system","timestamp":"2026-02-13T00:56:31.570Z"}
{"level":"info","message":"第 4 轮智能数据增强","service":"public-opinion-system","timestamp":"2026-02-13T00:56:31.570Z"}
{"level":"info","message":"数据增强完成，原始 12 条 → 增强 12 条","service":"public-opinion-system","timestamp":"2026-02-13T00:56:31.570Z"}
{"level":"info","message":"第 5 轮增强分析开始","service":"public-opinion-system","timestamp":"2026-02-13T00:56:31.570Z"}
{"level":"info","message":"运行增强Agent: sentiment","service":"public-opinion-system","timestamp":"2026-02-13T00:56:31.570Z"}
{"level":"info","message":"深度学习情感分析开始处理 12 条数据","service":"public-opinion-system","timestamp":"2026-02-13T00:56:31.570Z"}
{"level":"info","message":"运行增强Agent: topic","service":"public-opinion-system","timestamp":"2026-02-13T00:56:31.570Z"}
{"level":"info","message":"主题建模Agent开始处理 12 条数据","service":"public-opinion-system","timestamp":"2026-02-13T00:56:31.570Z"}
{"level":"info","message":"运行增强Agent: risk","service":"public-opinion-system","timestamp":"2026-02-13T00:56:31.571Z"}
{"level":"info","message":"神经网络风险评估Agent开始处理 12 条数据","service":"public-opinion-system","timestamp":"2026-02-13T00:56:31.571Z"}
{"level":"info","message":"主题建模完成，发现 5 个主题，14 个关键词","service":"public-opinion-system","timestamp":"2026-02-13T00:56:31.571Z"}
{"level":"info","message":"增强Agent topic 完成，置信度: 0.72，用时: 1ms","service":"public-opinion-system","timestamp":"2026-02-13T00:56:31.571Z"}
{"level":"info","message":"深度学习情感分析完成，整体情感得分: 0.00，置信度: 0.65","service":"public-opinion-system","timestamp":"2026-02-13T00:56:31.572Z"}
{"level":"info","message":"神经网络风险评估完成，整体风险等级: low, 风险评分: 0.00","service":"public-opinion-system","timestamp":"2026-02-13T00:56:31.572Z"}
{"level":"info","message":"增强Agent sentiment 完成，置信度: 0.65，用时: 2ms","service":"public-opinion-system","timestamp":"2026-02-13T00:56:31.572Z"}
{"level":"info","message":"增强Agent risk 完成，置信度: 0.67，用时: 2ms","service":"public-opinion-system","timestamp":"2026-02-13T00:56:31.573Z"}
{"level":"info","message":"第 5 轮增强分析完成，平均置信度: 0.68","service":"public-opinion-system","timestamp":"2026-02-13T00:56:31.573Z"}
{"level":"info","message":"增强AI分析任务 analysis_1770944191556_col508l4i 完成，共进行 5 轮分析","service":"public-opinion-system","timestamp":"2026-02-13T00:56:31.573Z"}
{"level":"info","message":"初始化增强AI分析引擎V2...","service":"public-opinion-system","timestamp":"2026-02-13T00:56:32.253Z"}
{"level":"info","message":"初始化Agent: DeepLearningSentimentAgent","service":"public-opinion-system","timestamp":"2026-02-13T00:56:32.256Z"}
{"level":"info","message":"加载深度学习情感分析模型...","service":"public-opinion-system","timestamp":"2026-02-13T00:56:32.257Z"}
{"level":"info","message":"深度学习模型加载完成","service":"public-opinion-system","timestamp":"2026-02-13T00:56:32.258Z"}
{"level":"info","message":"增强Agent sentiment 初始化完成","service":"public-opinion-system","timestamp":"2026-02-13T00:56:32.258Z"}
{"level":"info","message":"初始化Agent: TopicModelingAgent","service":"public-opinion-system","timestamp":"2026-02-13T00:56:32.258Z"}
{"level":"info","message":"加载主题建模模型...","service":"public-opinion-system","timestamp":"2026-02-13T00:56:32.258Z"}
{"level":"info","message":"主题建模模型加载完成","service":"public-opinion-system","timestamp":"2026-02-13T00:56:32.258Z"}
{"level":"info","message":"增强Agent topic 初始化完成","service":"public-opinion-system","timestamp":"2026-02-13T00:56:32.258Z"}
{"level":"info","message":"初始化Agent: NeuralRiskAssessmentAgent","service":"public-opinion-system","timestamp":"2026-02-13T00:56:32.259Z"}
{"level":"info","message":"加载神经网络风险评估模型...","service":"public-opinion-system","timestamp":"2026-02-13T00:56:32.259Z"}
{"level":"info","message":"神经网络风险评估模型加载完成","service":"public-opinion-system","timestamp":"2026-02-13T00:56:32.261Z"}
{"level":"info","message":"增强Agent risk 初始化完成","service":"public-opinion-system","timestamp":"2026-02-13T00:56:32.261Z"}
{"level":"info","message":"增强AI分析引擎V2初始化完成","service":"public-opinion-system","timestamp":"2026-02-13T00:56:32.262Z"}
{"level":"info","message":"启动技能管理器...","service":"public-opinion-system","timestamp":"2026-02-13T00:56:32.262Z"}
{"level":"info","message":"加载技能: DataCleaningSkill v1.0.0","service":"public-opinion-system","timestamp":"2026-02-13T00:56:32.265Z"}
{"level":"info","message":"技能管理器启动完成","service":"public-opinion-system","timestamp":"2026-02-13T00:56:32.265Z"}
{"level":"info","message":"V2真实数据收集开始，关键词: 科技发展, 平台: news, weibo","service":"public-opinion-system","timestamp":"2026-02-13T00:56:32.265Z"}
{"level":"info","message":"新闻API开始收集: 科技发展","service":"public-opinion-system","timestamp":"2026-02-13T00:56:32.266Z"}
{"level":"warn","message":"NewsAPI获取失败: timeout of 10000ms exceeded","service":"public-opinion-system","timestamp":"2026-02-13T00:56:42.299Z"}
{"level":"warn","message":"GNews API获取失败: Request failed with status code 400","service":"public-opinion-system","timestamp":"2026-02-13T00:56:42.990Z"}
{"level":"info","message":"备用API成功获取 0 条数据","service":"public-opinion-system","timestamp":"2026-02-13T00:56:42.990Z"}
{"level":"info","message":"从 news 收集关键词 \"科技发展\" 获得 0 条真实数据","service":"public-opinion-system","timestamp":"2026-02-13T00:56:42.990Z"}
{"level":"warn","message":"不支持的数据源: weibo","service":"public-opinion-system","timestamp":"2026-02-13T00:56:43.990Z"}
{"level":"info","message":"V2真实数据收集完成，共获得 0 条数据","service":"public-opinion-system","timestamp":"2026-02-13T00:56:43.990Z"}
{"level":"info","message":"初始化增强AI分析引擎V2...","service":"public-opinion-system","timestamp":"2026-02-13T00:56:44.719Z"}
{"level":"info","message":"初始化Agent: DeepLearningSentimentAgent","service":"public-opinion-system","timestamp":"2026-02-13T00:56:44.722Z"}
{"level":"info","message":"加载深度学习情感分析模型...","service":"public-opinion-system","timestamp":"2026-02-13T00:56:44.723Z"}
{"level":"info","message":"深度学习模型加载完成","service":"public-opinion-system","timestamp":"2026-02-13T00:56:44.723Z"}
{"level":"info","message":"增强Agent sentiment 初始化完成","service":"public-opinion-system","timestamp":"2026-02-13T00:56:44.724Z"}
{"level":"info","message":"初始化Agent: TopicModelingAgent","service":"public-opinion-system","timestamp":"2026-02-13T00:56:44.724Z"}
{"level":"info","message":"加载主题建模模型...","service":"public-opinion-system","timestamp":"2026-02-13T00:56:44.724Z"}
{"level":"info","message":"主题建模模型加载完成","service":"public-opinion-system","timestamp":"2026-02-13T00:56:44.724Z"}
{"level":"info","message":"增强Agent topic 初始化完成","service":"public-opinion-system","timestamp":"2026-02-13T00:56:44.724Z"}
{"level":"info","message":"初始化Agent: NeuralRiskAssessmentAgent","service":"public-opinion-system","timestamp":"2026-02-13T00:56:44.724Z"}
{"level":"info","message":"加载神经网络风险评估模型...","service":"public-opinion-system","timestamp":"2026-02-13T00:56:44.725Z"}
{"level":"info","message":"神经网络风险评估模型加载完成","service":"public-opinion-system","timestamp":"2026-02-13T00:56:44.725Z"}
{"level":"info","message":"增强Agent risk 初始化完成","service":"public-opinion-system","timestamp":"2026-02-13T00:56:44.725Z"}
{"level":"info","message":"增强AI分析引擎V2初始化完成","service":"public-opinion-system","timestamp":"2026-02-13T00:56:44.725Z"}
{"level":"info","message":"启动技能管理器...","service":"public-opinion-system","timestamp":"2026-02-13T00:56:44.725Z"}
{"level":"info","message":"加载技能: DataCleaningSkill v1.0.0","service":"public-opinion-system","timestamp":"2026-02-13T00:56:44.730Z"}
{"level":"info","message":"技能管理器启动完成","service":"public-opinion-system","timestamp":"2026-02-13T00:56:44.731Z"}
{"level":"info","message":"初始化增强AI分析引擎V2...","service":"public-opinion-system","timestamp":"2026-02-13T00:56:45.403Z"}
{"level":"info","message":"初始化Agent: DeepLearningSentimentAgent","service":"public-opinion-system","timestamp":"2026-02-13T00:56:45.406Z"}
{"level":"info","message":"加载深度学习情感分析模型...","service":"public-opinion-system","timestamp":"2026-02-13T00:56:45.407Z"}
{"level":"info","message":"深度学习模型加载完成","service":"public-opinion-system","timestamp":"2026-02-13T00:56:45.408Z"}
{"level":"info","message":"增强Agent sentiment 初始化完成","service":"public-opinion-system","timestamp":"2026-02-13T00:56:45.408Z"}
{"level":"info","message":"初始化Agent: TopicModelingAgent","service":"public-opinion-system","timestamp":"2026-02-13T00:56:45.408Z"}
{"level":"info","message":"加载主题建模模型...","service":"public-opinion-system","timestamp":"2026-02-13T00:56:45.408Z"}
{"level":"info","message":"主题建模模型加载完成","service":"public-opinion-system","timestamp":"2026-02-13T00:56:45.408Z"}
{"level":"info","message":"增强Agent topic 初始化完成","service":"public-opinion-system","timestamp":"2026-02-13T00:56:45.408Z"}
{"level":"info","message":"初始化Agent: NeuralRiskAssessmentAgent","service":"public-opinion-system","timestamp":"2026-02-13T00:56:45.409Z"}
{"level":"info","message":"加载神经网络风险评估模型...","service":"public-opinion-system","timestamp":"2026-02-13T00:56:45.409Z"}
{"level":"info","message":"神经网络风险评估模型加载完成","service":"public-opinion-system","timestamp":"2026-02-13T00:56:45.411Z"}
{"level":"info","message":"增强Agent risk 初始化完成","service":"public-opinion-system","timestamp":"2026-02-13T00:56:45.411Z"}
{"level":"info","message":"增强AI分析引擎V2初始化完成","service":"public-opinion-system","timestamp":"2026-02-13T00:56:45.412Z"}
{"level":"info","message":"启动技能管理器...","service":"public-opinion-system","timestamp":"2026-02-13T00:56:45.412Z"}
{"level":"info","message":"加载技能: DataCleaningSkill v1.0.0","service":"public-opinion-system","timestamp":"2026-02-13T00:56:45.415Z"}
{"level":"info","message":"技能管理器启动完成","service":"public-opinion-system","timestamp":"2026-02-13T00:56:45.415Z"}
{"level":"info","message":"V2真实数据收集开始，关键词: , 平台: ","service":"public-opinion-system","timestamp":"2026-02-13T00:56:45.415Z"}
{"level":"warn","message":"不支持的数据源: ","service":"public-opinion-system","timestamp":"2026-02-13T00:56:45.416Z"}
{"level":"info","message":"V2真实数据收集完成，共获得 0 条数据","service":"public-opinion-system","timestamp":"2026-02-13T00:56:45.416Z"}
{"level":"info","message":"初始化增强AI分析引擎V2...","service":"public-opinion-system","timestamp":"2026-02-13T00:56:46.746Z"}
{"level":"info","message":"初始化Agent: DeepLearningSentimentAgent","service":"public-opinion-system","timestamp":"2026-02-13T00:56:46.748Z"}
{"level":"info","message":"加载深度学习情感分析模型...","service":"public-opinion-system","timestamp":"2026-02-13T00:56:46.750Z"}
{"level":"info","message":"深度学习模型加载完成","service":"public-opinion-system","timestamp":"2026-02-13T00:56:46.750Z"}
{"level":"info","message":"增强Agent sentiment 初始化完成","service":"public-opinion-system","timestamp":"2026-02-13T00:56:46.750Z"}
{"level":"info","message":"初始化Agent: TopicModelingAgent","service":"public-opinion-system","timestamp":"2026-02-13T00:56:46.750Z"}
{"level":"info","message":"加载主题建模模型...","service":"public-opinion-system","timestamp":"2026-02-13T00:56:46.750Z"}
{"level":"info","message":"主题建模模型加载完成","service":"public-opinion-system","timestamp":"2026-02-13T00:56:46.750Z"}
{"level":"info","message":"增强Agent topic 初始化完成","service":"public-opinion-system","timestamp":"2026-02-13T00:56:46.751Z"}
{"level":"info","message":"初始化Agent: NeuralRiskAssessmentAgent","service":"public-opinion-system","timestamp":"2026-02-13T00:56:46.751Z"}
{"level":"info","message":"加载神经网络风险评估模型...","service":"public-opinion-system","timestamp":"2026-02-13T00:56:46.751Z"}
{"level":"info","message":"神经网络风险评估模型加载完成","service":"public-opinion-system","timestamp":"2026-02-13T00:56:46.751Z"}
{"level":"info","message":"增强Agent risk 初始化完成","service":"public-opinion-system","timestamp":"2026-02-13T00:56:46.751Z"}
{"level":"info","message":"增强AI分析引擎V2初始化完成","service":"public-opinion-system","timestamp":"2026-02-13T00:56:46.751Z"}
{"level":"info","message":"启动技能管理器...","service":"public-opinion-system","timestamp":"2026-02-13T00:56:46.752Z"}
{"level":"info","message":"加载技能: DataCleaningSkill v1.0.0","service":"public-opinion-system","timestamp":"2026-02-13T00:56:46.754Z"}
{"level":"info","message":"技能管理器启动完成","service":"public-opinion-system","timestamp":"2026-02-13T00:56:46.755Z"}
{"level":"info","message":"V2真实数据收集开始，关键词: 测试, 平台: news","service":"public-opinion-system","timestamp":"2026-02-13T00:56:46.755Z"}
{"level":"info","message":"新闻API开始收集: 测试","service":"public-opinion-system","timestamp":"2026-02-13T00:56:46.755Z"}
{"level":"warn","message":"NewsAPI获取失败: timeout of 10000ms exceeded","service":"public-opinion-system","timestamp":"2026-02-13T00:56:56.786Z"}
{"level":"warn","message":"GNews API获取失败: Request failed with status code 400","service":"public-opinion-system","timestamp":"2026-02-13T00:56:57.482Z"}
{"level":"info","message":"备用API成功获取 0 条数据","service":"public-opinion-system","timestamp":"2026-02-13T00:56:57.482Z"}
{"level":"info","message":"从 news 收集关键词 \"测试\" 获得 0 条真实数据","service":"public-opinion-system","timestamp":"2026-02-13T00:56:57.482Z"}
{"level":"info","message":"V2真实数据收集完成，共获得 0 条数据","service":"public-opinion-system","timestamp":"2026-02-13T00:56:58.482Z"}
{"level":"info","message":"初始化增强AI分析引擎V2...","service":"public-opinion-system","timestamp":"2026-02-13T01:00:42.971Z"}
{"level":"info","message":"初始化Agent: DeepLearningSentimentAgent","service":"public-opinion-system","timestamp":"2026-02-13T01:00:42.973Z"}
{"level":"info","message":"加载深度学习情感分析模型...","service":"public-opinion-system","timestamp":"2026-02-13T01:00:42.975Z"}
{"level":"info","message":"深度学习模型加载完成","service":"public-opinion-system","timestamp":"2026-02-13T01:00:42.975Z"}
{"level":"info","message":"增强Agent sentiment 初始化完成","service":"public-opinion-system","timestamp":"2026-02-13T01:00:42.975Z"}
{"level":"info","message":"初始化Agent: TopicModelingAgent","service":"public-opinion-system","timestamp":"2026-02-13T01:00:42.975Z"}
{"level":"info","message":"加载主题建模模型...","service":"public-opinion-system","timestamp":"2026-02-13T01:00:42.976Z"}
{"level":"info","message":"主题建模模型加载完成","service":"public-opinion-system","timestamp":"2026-02-13T01:00:42.976Z"}
{"level":"info","message":"增强Agent topic 初始化完成","service":"public-opinion-system","timestamp":"2026-02-13T01:00:42.976Z"}
{"level":"info","message":"初始化Agent: NeuralRiskAssessmentAgent","service":"public-opinion-system","timestamp":"2026-02-13T01:00:42.976Z"}
{"level":"info","message":"加载神经网络风险评估模型...","service":"public-opinion-system","timestamp":"2026-02-13T01:00:42.976Z"}
{"level":"info","message":"神经网络风险评估模型加载完成","service":"public-opinion-system","timestamp":"2026-02-13T01:00:42.979Z"}
{"level":"info","message":"增强Agent risk 初始化完成","service":"public-opinion-system","timestamp":"2026-02-13T01:00:42.979Z"}
{"level":"info","message":"增强AI分析引擎V2初始化完成","service":"public-opinion-system","timestamp":"2026-02-13T01:00:42.979Z"}
{"level":"info","message":"启动技能管理器...","service":"public-opinion-system","timestamp":"2026-02-13T01:00:42.980Z"}
{"level":"info","message":"加载技能: DataCleaningSkill v1.0.0","service":"public-opinion-system","timestamp":"2026-02-13T01:00:42.983Z"}
{"level":"info","message":"技能管理器启动完成","service":"public-opinion-system","timestamp":"2026-02-13T01:00:42.983Z"}
{"level":"info","message":"V2真实数据收集开始，关键词: 测试, 平台: news","service":"public-opinion-system","timestamp":"2026-02-13T01:00:42.984Z"}
{"level":"info","message":"新闻API开始收集: 测试","service":"public-opinion-system","timestamp":"2026-02-13T01:00:42.984Z"}
{"level":"warn","message":"NewsAPI获取失败: timeout of 10000ms exceeded","service":"public-opinion-system","timestamp":"2026-02-13T01:00:53.012Z"}
{"level":"warn","message":"GNews API获取失败: Request failed with status code 400","service":"public-opinion-system","timestamp":"2026-02-13T01:00:53.697Z"}
{"level":"info","message":"备用API成功获取 0 条数据","service":"public-opinion-system","timestamp":"2026-02-13T01:00:53.697Z"}
{"level":"info","message":"从 news 收集关键词 \"测试\" 获得 0 条真实数据","service":"public-opinion-system","timestamp":"2026-02-13T01:00:53.697Z"}
{"level":"info","message":"V2真实数据收集完成，共获得 0 条数据","service":"public-opinion-system","timestamp":"2026-02-13T01:00:54.697Z"}
{"level":"info","message":"初始化增强AI分析引擎V2...","service":"public-opinion-system","timestamp":"2026-02-13T01:00:55.352Z"}
{"level":"info","message":"初始化Agent: DeepLearningSentimentAgent","service":"public-opinion-system","timestamp":"2026-02-13T01:00:55.354Z"}
{"level":"info","message":"加载深度学习情感分析模型...","service":"public-opinion-system","timestamp":"2026-02-13T01:00:55.356Z"}
{"level":"info","message":"深度学习模型加载完成","service":"public-opinion-system","timestamp":"2026-02-13T01:00:55.356Z"}
{"level":"info","message":"增强Agent sentiment 初始化完成","service":"public-opinion-system","timestamp":"2026-02-13T01:00:55.356Z"}
{"level":"info","message":"初始化Agent: TopicModelingAgent","service":"public-opinion-system","timestamp":"2026-02-13T01:00:55.356Z"}
{"level":"info","message":"加载主题建模模型...","service":"public-opinion-system","timestamp":"2026-02-13T01:00:55.356Z"}
{"level":"info","message":"主题建模模型加载完成","service":"public-opinion-system","timestamp":"2026-02-13T01:00:55.357Z"}
{"level":"info","message":"增强Agent topic 初始化完成","service":"public-opinion-system","timestamp":"2026-02-13T01:00:55.357Z"}
{"level":"info","message":"初始化Agent: NeuralRiskAssessmentAgent","service":"public-opinion-system","timestamp":"2026-02-13T01:00:55.357Z"}
{"level":"info","message":"加载神经网络风险评估模型...","service":"public-opinion-system","timestamp":"2026-02-13T01:00:55.359Z"}
{"level":"info","message":"神经网络风险评估模型加载完成","service":"public-opinion-system","timestamp":"2026-02-13T01:00:55.360Z"}
{"level":"info","message":"增强Agent risk 初始化完成","service":"public-opinion-system","timestamp":"2026-02-13T01:00:55.360Z"}
{"level":"info","message":"增强AI分析引擎V2初始化完成","service":"public-opinion-system","timestamp":"2026-02-13T01:00:55.360Z"}
{"level":"info","message":"启动技能管理器...","service":"public-opinion-system","timestamp":"2026-02-13T01:00:55.360Z"}
{"level":"info","message":"加载技能: DataCleaningSkill v1.0.0","service":"public-opinion-system","timestamp":"2026-02-13T01:00:55.363Z"}
{"level":"info","message":"技能管理器启动完成","service":"public-opinion-system","timestamp":"2026-02-13T01:00:55.363Z"}
{"level":"info","message":"V2真实数据收集开始，关键词: 人工智能, 平台: news","service":"public-opinion-system","timestamp":"2026-02-13T01:00:55.364Z"}
{"level":"info","message":"新闻API开始收集: 人工智能","service":"public-opinion-system","timestamp":"2026-02-13T01:00:55.364Z"}
{"level":"warn","message":"NewsAPI获取失败: timeout of 10000ms exceeded","service":"public-opinion-system","timestamp":"2026-02-13T01:01:05.399Z"}
{"level":"warn","message":"GNews API获取失败: Request failed with status code 400","service":"public-opinion-system","timestamp":"2026-02-13T01:01:06.082Z"}
{"level":"info","message":"备用API成功获取 0 条数据","service":"public-opinion-system","timestamp":"2026-02-13T01:01:06.082Z"}
{"level":"info","message":"从 news 收集关键词 \"人工智能\" 获得 0 条真实数据","service":"public-opinion-system","timestamp":"2026-02-13T01:01:06.082Z"}
{"level":"info","message":"V2真实数据收集完成，共获得 0 条数据","service":"public-opinion-system","timestamp":"2026-02-13T01:01:07.084Z"}
{"level":"info","message":"开始增强AI分析任务 analysis_1770944467085_64makf8gz，数据量: 0，关键词: 人工智能","service":"public-opinion-system","timestamp":"2026-02-13T01:01:07.085Z"}
{"level":"info","message":"第 1 轮增强分析开始","service":"public-opinion-system","timestamp":"2026-02-13T01:01:07.085Z"}
{"level":"info","message":"运行增强Agent: sentiment","service":"public-opinion-system","timestamp":"2026-02-13T01:01:07.085Z"}
{"level":"info","message":"深度学习情感分析开始处理 0 条数据","service":"public-opinion-system","timestamp":"2026-02-13T01:01:07.086Z"}
{"level":"info","message":"深度学习情感分析完成，整体情感得分: 0.00，置信度: 0.00","service":"public-opinion-system","timestamp":"2026-02-13T01:01:07.086Z"}
{"level":"info","message":"运行增强Agent: topic","service":"public-opinion-system","timestamp":"2026-02-13T01:01:07.086Z"}
{"level":"info","message":"主题建模Agent开始处理 0 条数据","service":"public-opinion-system","timestamp":"2026-02-13T01:01:07.086Z"}
{"level":"info","message":"运行增强Agent: risk","service":"public-opinion-system","timestamp":"2026-02-13T01:01:07.086Z"}
{"level":"info","message":"神经网络风险评估Agent开始处理 0 条数据","service":"public-opinion-system","timestamp":"2026-02-13T01:01:07.087Z"}
{"level":"info","message":"神经网络风险评估完成，整体风险等级: low, 风险评分: 0.00","service":"public-opinion-system","timestamp":"2026-02-13T01:01:07.087Z"}
{"level":"info","message":"增强Agent sentiment 完成，置信度: 0.00，用时: 2ms","service":"public-opinion-system","timestamp":"2026-02-13T01:01:07.087Z"}
{"level":"info","message":"增强Agent risk 完成，置信度: 0.00，用时: 1ms","service":"public-opinion-system","timestamp":"2026-02-13T01:01:07.087Z"}
{"level":"info","message":"主题建模完成，发现 5 个主题，0 个关键词","service":"public-opinion-system","timestamp":"2026-02-13T01:01:07.088Z"}
{"level":"info","message":"增强Agent topic 完成，置信度: 0.00，用时: 2ms","service":"public-opinion-system","timestamp":"2026-02-13T01:01:07.088Z"}
{"level":"info","message":"第 1 轮增强分析完成，平均置信度: 0.00","service":"public-opinion-system","timestamp":"2026-02-13T01:01:07.088Z"}
{"level":"info","message":"第 1 轮智能数据增强","service":"public-opinion-system","timestamp":"2026-02-13T01:01:07.088Z"}
{"level":"info","message":"数据增强完成，原始 0 条 → 增强 0 条","service":"public-opinion-system","timestamp":"2026-02-13T01:01:07.088Z"}
{"level":"info","message":"第 2 轮增强分析开始","service":"public-opinion-system","timestamp":"2026-02-13T01:01:07.088Z"}
{"level":"info","message":"运行增强Agent: sentiment","service":"public-opinion-system","timestamp":"2026-02-13T01:01:07.089Z"}
{"level":"info","message":"深度学习情感分析开始处理 0 条数据","service":"public-opinion-system","timestamp":"2026-02-13T01:01:07.089Z"}
{"level":"info","message":"深度学习情感分析完成，整体情感得分: 0.00，置信度: 0.00","service":"public-opinion-system","timestamp":"2026-02-13T01:01:07.089Z"}
{"level":"info","message":"运行增强Agent: topic","service":"public-opinion-system","timestamp":"2026-02-13T01:01:07.089Z"}
{"level":"info","message":"主题建模Agent开始处理 0 条数据","service":"public-opinion-system","timestamp":"2026-02-13T01:01:07.089Z"}
{"level":"info","message":"运行增强Agent: risk","service":"public-opinion-system","timestamp":"2026-02-13T01:01:07.089Z"}
{"level":"info","message":"神经网络风险评估Agent开始处理 0 条数据","service":"public-opinion-system","timestamp":"2026-02-13T01:01:07.089Z"}
{"level":"info","message":"神经网络风险评估完成，整体风险等级: low, 风险评分: 0.00","service":"public-opinion-system","timestamp":"2026-02-13T01:01:07.089Z"}
{"level":"info","message":"增强Agent sentiment 完成，置信度: 0.00，用时: 0ms","service":"public-opinion-system","timestamp":"2026-02-13T01:01:07.089Z"}
{"level":"info","message":"增强Agent risk 完成，置信度: 0.00，用时: 0ms","service":"public-opinion-system","timestamp":"2026-02-13T01:01:07.089Z"}
{"level":"info","message":"主题建模完成，发现 5 个主题，0 个关键词","service":"public-opinion-system","timestamp":"2026-02-13T01:01:07.089Z"}
{"level":"info","message":"增强Agent topic 完成，置信度: 0.00，用时: 0ms","service":"public-opinion-system","timestamp":"2026-02-13T01:01:07.089Z"}
{"level":"info","message":"第 2 轮增强分析完成，平均置信度: 0.00","service":"public-opinion-system","timestamp":"2026-02-13T01:01:07.090Z"}
{"level":"info","message":"第 2 轮智能数据增强","service":"public-opinion-system","timestamp":"2026-02-13T01:01:07.090Z"}
{"level":"info","message":"数据增强完成，原始 0 条 → 增强 0 条","service":"public-opinion-system","timestamp":"2026-02-13T01:01:07.090Z"}
{"level":"info","message":"第 3 轮增强分析开始","service":"public-opinion-system","timestamp":"2026-02-13T01:01:07.090Z"}
{"level":"info","message":"运行增强Agent: sentiment","service":"public-opinion-system","timestamp":"2026-02-13T01:01:07.090Z"}
{"level":"info","message":"深度学习情感分析开始处理 0 条数据","service":"public-opinion-system","timestamp":"2026-02-13T01:01:07.090Z"}
{"level":"info","message":"深度学习情感分析完成，整体情感得分: 0.00，置信度: 0.00","service":"public-opinion-system","timestamp":"2026-02-13T01:01:07.090Z"}
{"level":"info","message":"运行增强Agent: topic","service":"public-opinion-system","timestamp":"2026-02-13T01:01:07.090Z"}
{"level":"info","message":"主题建模Agent开始处理 0 条数据","service":"public-opinion-system","timestamp":"2026-02-13T01:01:07.090Z"}
{"level":"info","message":"运行增强Agent: risk","service":"public-opinion-system","timestamp":"2026-02-13T01:01:07.090Z"}
{"level":"info","message":"神经网络风险评估Agent开始处理 0 条数据","service":"public-opinion-system","timestamp":"2026-02-13T01:01:07.090Z"}
{"level":"info","message":"神经网络风险评估完成，整体风险等级: low, 风险评分: 0.00","service":"public-opinion-system","timestamp":"2026-02-13T01:01:07.090Z"}
{"level":"info","message":"增强Agent sentiment 完成，置信度: 0.00，用时: 0ms","service":"public-opinion-system","timestamp":"2026-02-13T01:01:07.090Z"}
{"level":"info","message":"增强Agent risk 完成，置信度: 0.00，用时: 0ms","service":"public-opinion-system","timestamp":"2026-02-13T01:01:07.090Z"}
{"level":"info","message":"主题建模完成，发现 5 个主题，0 个关键词","service":"public-opinion-system","timestamp":"2026-02-13T01:01:07.091Z"}
{"level":"info","message":"增强Agent topic 完成，置信度: 0.00，用时: 1ms","service":"public-opinion-system","timestamp":"2026-02-13T01:01:07.091Z"}
{"level":"info","message":"第 3 轮增强分析完成，平均置信度: 0.00","service":"public-opinion-system","timestamp":"2026-02-13T01:01:07.091Z"}
{"level":"info","message":"第 3 轮智能数据增强","service":"public-opinion-system","timestamp":"2026-02-13T01:01:07.091Z"}
{"level":"info","message":"数据增强完成，原始 0 条 → 增强 0 条","service":"public-opinion-system","timestamp":"2026-02-13T01:01:07.091Z"}
{"level":"info","message":"第 4 轮增强分析开始","service":"public-opinion-system","timestamp":"2026-02-13T01:01:07.091Z"}
{"level":"info","message":"运行增强Agent: sentiment","service":"public-opinion-system","timestamp":"2026-02-13T01:01:07.091Z"}
{"level":"info","message":"深度学习情感分析开始处理 0 条数据","service":"public-opinion-system","timestamp":"2026-02-13T01:01:07.091Z"}
{"level":"info","message":"深度学习情感分析完成，整体情感得分: 0.00，置信度: 0.00","service":"public-opinion-system","timestamp":"2026-02-13T01:01:07.091Z"}
{"level":"info","message":"运行增强Agent: topic","service":"public-opinion-system","timestamp":"2026-02-13T01:01:07.091Z"}
{"level":"info","message":"主题建模Agent开始处理 0 条数据","service":"public-opinion-system","timestamp":"2026-02-13T01:01:07.091Z"}
{"level":"info","message":"运行增强Agent: risk","service":"public-opinion-system","timestamp":"2026-02-13T01:01:07.091Z"}
{"level":"info","message":"神经网络风险评估Agent开始处理 0 条数据","service":"public-opinion-system","timestamp":"2026-02-13T01:01:07.091Z"}
{"level":"info","message":"神经网络风险评估完成，整体风险等级: low, 风险评分: 0.00","service":"public-opinion-system","timestamp":"2026-02-13T01:01:07.092Z"}
{"level":"info","message":"增强Agent sentiment 完成，置信度: 0.00，用时: 1ms","service":"public-opinion-system","timestamp":"2026-02-13T01:01:07.092Z"}
{"level":"info","message":"增强Agent risk 完成，置信度: 0.00，用时: 1ms","service":"public-opinion-system","timestamp":"2026-02-13T01:01:07.092Z"}
{"level":"info","message":"主题建模完成，发现 5 个主题，0 个关键词","service":"public-opinion-system","timestamp":"2026-02-13T01:01:07.092Z"}
{"level":"info","message":"增强Agent topic 完成，置信度: 0.00，用时: 1ms","service":"public-opinion-system","timestamp":"2026-02-13T01:01:07.092Z"}
{"level":"info","message":"第 4 轮增强分析完成，平均置信度: 0.00","service":"public-opinion-system","timestamp":"2026-02-13T01:01:07.092Z"}
{"level":"info","message":"第 4 轮智能数据增强","service":"public-opinion-system","timestamp":"2026-02-13T01:01:07.092Z"}
{"level":"info","message":"数据增强完成，原始 0 条 → 增强 0 条","service":"public-opinion-system","timestamp":"2026-02-13T01:01:07.092Z"}
{"level":"info","message":"第 5 轮增强分析开始","service":"public-opinion-system","timestamp":"2026-02-13T01:01:07.092Z"}
{"level":"info","message":"运行增强Agent: sentiment","service":"public-opinion-system","timestamp":"2026-02-13T01:01:07.092Z"}
{"level":"info","message":"深度学习情感分析开始处理 0 条数据","service":"public-opinion-system","timestamp":"2026-02-13T01:01:07.093Z"}
{"level":"info","message":"深度学习情感分析完成，整体情感得分: 0.00，置信度: 0.00","service":"public-opinion-system","timestamp":"2026-02-13T01:01:07.093Z"}
{"level":"info","message":"运行增强Agent: topic","service":"public-opinion-system","timestamp":"2026-02-13T01:01:07.093Z"}
{"level":"info","message":"主题建模Agent开始处理 0 条数据","service":"public-opinion-system","timestamp":"2026-02-13T01:01:07.093Z"}
{"level":"info","message":"运行增强Agent: risk","service":"public-opinion-system","timestamp":"2026-02-13T01:01:07.093Z"}
{"level":"info","message":"神经网络风险评估Agent开始处理 0 条数据","service":"public-opinion-system","timestamp":"2026-02-13T01:01:07.093Z"}
{"level":"info","message":"神经网络风险评估完成，整体风险等级: low, 风险评分: 0.00","service":"public-opinion-system","timestamp":"2026-02-13T01:01:07.093Z"}
{"level":"info","message":"增强Agent sentiment 完成，置信度: 0.00，用时: 0ms","service":"public-opinion-system","timestamp":"2026-02-13T01:01:07.093Z"}
{"level":"info","message":"增强Agent risk 完成，置信度: 0.00，用时: 0ms","service":"public-opinion-system","timestamp":"2026-02-13T01:01:07.093Z"}
{"level":"info","message":"主题建模完成，发现 5 个主题，0 个关键词","service":"public-opinion-system","timestamp":"2026-02-13T01:01:07.093Z"}
{"level":"info","message":"增强Agent topic 完成，置信度: 0.00，用时: 0ms","service":"public-opinion-system","timestamp":"2026-02-13T01:01:07.093Z"}
{"level":"info","message":"第 5 轮增强分析完成，平均置信度: 0.00","service":"public-opinion-system","timestamp":"2026-02-13T01:01:07.093Z"}
{"level":"info","message":"运行增强Agent: sentiment","service":"public-opinion-system","timestamp":"2026-02-13T01:01:07.094Z"}
{"level":"info","message":"深度学习情感分析开始处理 0 条数据","service":"public-opinion-system","timestamp":"2026-02-13T01:01:07.094Z"}
{"level":"info","message":"深度学习情感分析完成，整体情感得分: 0.00，置信度: 0.00","service":"public-opinion-system","timestamp":"2026-02-13T01:01:07.094Z"}
{"level":"info","message":"运行增强Agent: topic","service":"public-opinion-system","timestamp":"2026-02-13T01:01:07.094Z"}
{"level":"info","message":"主题建模Agent开始处理 0 条数据","service":"public-opinion-system","timestamp":"2026-02-13T01:01:07.094Z"}
{"level":"info","message":"运行增强Agent: risk","service":"public-opinion-system","timestamp":"2026-02-13T01:01:07.094Z"}
{"level":"info","message":"神经网络风险评估Agent开始处理 0 条数据","service":"public-opinion-system","timestamp":"2026-02-13T01:01:07.095Z"}
{"level":"info","message":"神经网络风险评估完成，整体风险等级: low, 风险评分: 0.00","service":"public-opinion-system","timestamp":"2026-02-13T01:01:07.095Z"}
{"level":"info","message":"增强Agent sentiment 完成，置信度: 0.00，用时: 1ms","service":"public-opinion-system","timestamp":"2026-02-13T01:01:07.095Z"}
{"level":"info","message":"增强Agent risk 完成，置信度: 0.00，用时: 0ms","service":"public-opinion-system","timestamp":"2026-02-13T01:01:07.095Z"}
{"level":"info","message":"主题建模完成，发现 5 个主题，0 个关键词","service":"public-opinion-system","timestamp":"2026-02-13T01:01:07.095Z"}
{"level":"info","message":"增强Agent topic 完成，置信度: 0.00，用时: 1ms","service":"public-opinion-system","timestamp":"2026-02-13T01:01:07.095Z"}
{"level":"info","message":"增强AI分析任务 analysis_1770944467085_64makf8gz 完成，共进行 5 轮分析","service":"public-opinion-system","timestamp":"2026-02-13T01:01:07.096Z"}
{"level":"info","message":"初始化增强AI分析引擎V2...","service":"public-opinion-system","timestamp":"2026-02-13T01:01:07.763Z"}
{"level":"info","message":"初始化Agent: DeepLearningSentimentAgent","service":"public-opinion-system","timestamp":"2026-02-13T01:01:07.766Z"}
{"level":"info","message":"加载深度学习情感分析模型...","service":"public-opinion-system","timestamp":"2026-02-13T01:01:07.767Z"}
{"level":"info","message":"深度学习模型加载完成","service":"public-opinion-system","timestamp":"2026-02-13T01:01:07.767Z"}
{"level":"info","message":"增强Agent sentiment 初始化完成","service":"public-opinion-system","timestamp":"2026-02-13T01:01:07.768Z"}
{"level":"info","message":"初始化Agent: TopicModelingAgent","service":"public-opinion-system","timestamp":"2026-02-13T01:01:07.768Z"}
{"level":"info","message":"加载主题建模模型...","service":"public-opinion-system","timestamp":"2026-02-13T01:01:07.768Z"}
{"level":"info","message":"主题建模模型加载完成","service":"public-opinion-system","timestamp":"2026-02-13T01:01:07.768Z"}
{"level":"info","message":"增强Agent topic 初始化完成","service":"public-opinion-system","timestamp":"2026-02-13T01:01:07.768Z"}
{"level":"info","message":"初始化Agent: NeuralRiskAssessmentAgent","service":"public-opinion-system","timestamp":"2026-02-13T01:01:07.769Z"}
{"level":"info","message":"加载神经网络风险评估模型...","service":"public-opinion-system","timestamp":"2026-02-13T01:01:07.769Z"}
{"level":"info","message":"神经网络风险评估模型加载完成","service":"public-opinion-system","timestamp":"2026-02-13T01:01:07.771Z"}
{"level":"info","message":"增强Agent risk 初始化完成","service":"public-opinion-system","timestamp":"2026-02-13T01:01:07.772Z"}
{"level":"info","message":"增强AI分析引擎V2初始化完成","service":"public-opinion-system","timestamp":"2026-02-13T01:01:07.772Z"}
{"level":"info","message":"启动技能管理器...","service":"public-opinion-system","timestamp":"2026-02-13T01:01:07.773Z"}
{"level":"info","message":"加载技能: DataCleaningSkill v1.0.0","service":"public-opinion-system","timestamp":"2026-02-13T01:01:07.775Z"}
{"level":"info","message":"技能管理器启动完成","service":"public-opinion-system","timestamp":"2026-02-13T01:01:07.776Z"}
{"level":"info","message":"V2真实数据收集开始，关键词: 科技发展, 平台: social","service":"public-opinion-system","timestamp":"2026-02-13T01:01:07.776Z"}
{"level":"info","message":"社交媒体收集开始: 科技发展","service":"public-opinion-system","timestamp":"2026-02-13T01:01:07.776Z"}
{"level":"info","message":"从 social 收集关键词 \"科技发展\" 获得 8 条真实数据","service":"public-opinion-system","timestamp":"2026-02-13T01:01:07.777Z"}
{"level":"info","message":"V2真实数据收集完成，共获得 8 条数据","service":"public-opinion-system","timestamp":"2026-02-13T01:01:08.777Z"}
{"level":"info","message":"初始化增强AI分析引擎V2...","service":"public-opinion-system","timestamp":"2026-02-13T01:01:09.491Z"}
{"level":"info","message":"初始化Agent: DeepLearningSentimentAgent","service":"public-opinion-system","timestamp":"2026-02-13T01:01:09.493Z"}
{"level":"info","message":"加载深度学习情感分析模型...","service":"public-opinion-system","timestamp":"2026-02-13T01:01:09.495Z"}
{"level":"info","message":"深度学习模型加载完成","service":"public-opinion-system","timestamp":"2026-02-13T01:01:09.495Z"}
{"level":"info","message":"增强Agent sentiment 初始化完成","service":"public-opinion-system","timestamp":"2026-02-13T01:01:09.495Z"}
{"level":"info","message":"初始化Agent: TopicModelingAgent","service":"public-opinion-system","timestamp":"2026-02-13T01:01:09.495Z"}
{"level":"info","message":"加载主题建模模型...","service":"public-opinion-system","timestamp":"2026-02-13T01:01:09.495Z"}
{"level":"info","message":"主题建模模型加载完成","service":"public-opinion-system","timestamp":"2026-02-13T01:01:09.495Z"}
{"level":"info","message":"增强Agent topic 初始化完成","service":"public-opinion-system","timestamp":"2026-02-13T01:01:09.496Z"}
{"level":"info","message":"初始化Agent: NeuralRiskAssessmentAgent","service":"public-opinion-system","timestamp":"2026-02-13T01:01:09.496Z"}
{"level":"info","message":"加载神经网络风险评估模型...","service":"public-opinion-system","timestamp":"2026-02-13T01:01:09.496Z"}
{"level":"info","message":"神经网络风险评估模型加载完成","service":"public-opinion-system","timestamp":"2026-02-13T01:01:09.499Z"}
{"level":"info","message":"增强Agent risk 初始化完成","service":"public-opinion-system","timestamp":"2026-02-13T01:01:09.500Z"}
{"level":"info","message":"增强AI分析引擎V2初始化完成","service":"public-opinion-system","timestamp":"2026-02-13T01:01:09.500Z"}
{"level":"info","message":"启动技能管理器...","service":"public-opinion-system","timestamp":"2026-02-13T01:01:09.501Z"}
{"level":"info","message":"加载技能: DataCleaningSkill v1.0.0","service":"public-opinion-system","timestamp":"2026-02-13T01:01:09.503Z"}
{"level":"info","message":"技能管理器启动完成","service":"public-opinion-system","timestamp":"2026-02-13T01:01:09.504Z"}
{"context":{"source":"unhandled_rejection"},"error":{"code":"UNKNOWN_ERROR","message":"Unhandled Promise Rejection: TypeError: Cannot read properties of null (reading 'error')","severity":"medium"},"level":"warn","message":"中级错误:","service":"public-opinion-system","timestamp":"2026-02-13T01:01:09.504Z"}
{"level":"info","message":"错误类型 undefined 不可恢复","service":"public-opinion-system","timestamp":"2026-02-13T01:01:09.505Z"}
{"level":"info","message":"初始化增强AI分析引擎V2...","service":"public-opinion-system","timestamp":"2026-02-13T01:09:54.147Z"}
{"level":"info","message":"初始化Agent: DeepLearningSentimentAgent","service":"public-opinion-system","timestamp":"2026-02-13T01:09:54.149Z"}
{"level":"info","message":"加载深度学习情感分析模型...","service":"public-opinion-system","timestamp":"2026-02-13T01:09:54.151Z"}
{"level":"info","message":"深度学习模型加载完成","service":"public-opinion-system","timestamp":"2026-02-13T01:09:54.151Z"}
{"level":"info","message":"增强Agent sentiment 初始化完成","service":"public-opinion-system","timestamp":"2026-02-13T01:09:54.151Z"}
{"level":"info","message":"初始化Agent: TopicModelingAgent","service":"public-opinion-system","timestamp":"2026-02-13T01:09:54.152Z"}
{"level":"info","message":"加载主题建模模型...","service":"public-opinion-system","timestamp":"2026-02-13T01:09:54.152Z"}
{"level":"info","message":"主题建模模型加载完成","service":"public-opinion-system","timestamp":"2026-02-13T01:09:54.152Z"}
{"level":"info","message":"增强Agent topic 初始化完成","service":"public-opinion-system","timestamp":"2026-02-13T01:09:54.152Z"}
{"level":"info","message":"初始化Agent: NeuralRiskAssessmentAgent","service":"public-opinion-system","timestamp":"2026-02-13T01:09:54.152Z"}
{"level":"info","message":"加载神经网络风险评估模型...","service":"public-opinion-system","timestamp":"2026-02-13T01:09:54.155Z"}
{"level":"info","message":"神经网络风险评估模型加载完成","service":"public-opinion-system","timestamp":"2026-02-13T01:09:54.155Z"}
{"level":"info","message":"增强Agent risk 初始化完成","service":"public-opinion-system","timestamp":"2026-02-13T01:09:54.155Z"}
{"level":"info","message":"增强AI分析引擎V2初始化完成","service":"public-opinion-system","timestamp":"2026-02-13T01:09:54.155Z"}
{"level":"info","message":"启动技能管理器...","service":"public-opinion-system","timestamp":"2026-02-13T01:09:54.156Z"}
{"level":"info","message":"加载技能: DataCleaningSkill v1.0.0","service":"public-opinion-system","timestamp":"2026-02-13T01:09:54.159Z"}
{"level":"info","message":"技能管理器启动完成","service":"public-opinion-system","timestamp":"2026-02-13T01:09:54.159Z"}
{"level":"info","message":"V2真实数据收集开始，关键词: 人工智能, 平台: news","service":"public-opinion-system","timestamp":"2026-02-13T01:09:54.159Z"}
{"level":"info","message":"新闻API开始收集: 人工智能","service":"public-opinion-system","timestamp":"2026-02-13T01:09:54.160Z"}
{"level":"warn","message":"NewsAPI获取失败: timeout of 10000ms exceeded","service":"public-opinion-system","timestamp":"2026-02-13T01:10:04.188Z"}
{"level":"warn","message":"GNews API获取失败: Request failed with status code 400","service":"public-opinion-system","timestamp":"2026-02-13T01:10:04.948Z"}
{"level":"info","message":"备用API成功获取 0 条数据","service":"public-opinion-system","timestamp":"2026-02-13T01:10:04.949Z"}
{"level":"info","message":"从 news 收集关键词 \"人工智能\" 获得 0 条真实数据","service":"public-opinion-system","timestamp":"2026-02-13T01:10:04.949Z"}
{"level":"info","message":"初始化增强AI分析引擎V2...","service":"public-opinion-system","timestamp":"2026-02-13T01:10:05.147Z"}
{"level":"info","message":"初始化Agent: DeepLearningSentimentAgent","service":"public-opinion-system","timestamp":"2026-02-13T01:10:05.149Z"}
{"level":"info","message":"加载深度学习情感分析模型...","service":"public-opinion-system","timestamp":"2026-02-13T01:10:05.151Z"}
{"level":"info","message":"深度学习模型加载完成","service":"public-opinion-system","timestamp":"2026-02-13T01:10:05.151Z"}
{"level":"info","message":"增强Agent sentiment 初始化完成","service":"public-opinion-system","timestamp":"2026-02-13T01:10:05.151Z"}
{"level":"info","message":"初始化Agent: TopicModelingAgent","service":"public-opinion-system","timestamp":"2026-02-13T01:10:05.151Z"}
{"level":"info","message":"加载主题建模模型...","service":"public-opinion-system","timestamp":"2026-02-13T01:10:05.152Z"}
{"level":"info","message":"主题建模模型加载完成","service":"public-opinion-system","timestamp":"2026-02-13T01:10:05.152Z"}
{"level":"info","message":"增强Agent topic 初始化完成","service":"public-opinion-system","timestamp":"2026-02-13T01:10:05.152Z"}
{"level":"info","message":"初始化Agent: NeuralRiskAssessmentAgent","service":"public-opinion-system","timestamp":"2026-02-13T01:10:05.152Z"}
{"level":"info","message":"加载神经网络风险评估模型...","service":"public-opinion-system","timestamp":"2026-02-13T01:10:05.152Z"}
{"level":"info","message":"神经网络风险评估模型加载完成","service":"public-opinion-system","timestamp":"2026-02-13T01:10:05.155Z"}
{"level":"info","message":"增强Agent risk 初始化完成","service":"public-opinion-system","timestamp":"2026-02-13T01:10:05.155Z"}
{"level":"info","message":"增强AI分析引擎V2初始化完成","service":"public-opinion-system","timestamp":"2026-02-13T01:10:05.156Z"}
{"level":"info","message":"启动技能管理器...","service":"public-opinion-system","timestamp":"2026-02-13T01:10:05.156Z"}
{"level":"info","message":"加载技能: DataCleaningSkill v1.0.0","service":"public-opinion-system","timestamp":"2026-02-13T01:10:05.159Z"}
{"level":"info","message":"技能管理器启动完成","service":"public-opinion-system","timestamp":"2026-02-13T01:10:05.160Z"}
{"level":"info","message":"V2真实数据收集开始，关键词: 人工智能, 就业, 平台: news","service":"public-opinion-system","timestamp":"2026-02-13T01:10:05.160Z"}
{"level":"info","message":"新闻API开始收集: 人工智能","service":"public-opinion-system","timestamp":"2026-02-13T01:10:05.161Z"}
{"level":"info","message":"V2真实数据收集完成，共获得 0 条数据","service":"public-opinion-system","timestamp":"2026-02-13T01:10:05.949Z"}
{"level":"warn","message":"NewsAPI获取失败: timeout of 10000ms exceeded","service":"public-opinion-system","timestamp":"2026-02-13T01:10:15.191Z"}
{"level":"warn","message":"GNews API获取失败: Request failed with status code 400","service":"public-opinion-system","timestamp":"2026-02-13T01:10:15.868Z"}
{"level":"info","message":"备用API成功获取 0 条数据","service":"public-opinion-system","timestamp":"2026-02-13T01:10:15.869Z"}
{"level":"info","message":"从 news 收集关键词 \"人工智能\" 获得 0 条真实数据","service":"public-opinion-system","timestamp":"2026-02-13T01:10:15.869Z"}
{"level":"info","message":"新闻API开始收集: 就业","service":"public-opinion-system","timestamp":"2026-02-13T01:10:16.883Z"}
{"level":"info","message":"初始化增强AI分析引擎V2...","service":"public-opinion-system","timestamp":"2026-02-13T01:10:21.161Z"}
{"level":"info","message":"初始化Agent: DeepLearningSentimentAgent","service":"public-opinion-system","timestamp":"2026-02-13T01:10:21.164Z"}
{"level":"info","message":"加载深度学习情感分析模型...","service":"public-opinion-system","timestamp":"2026-02-13T01:10:21.165Z"}
{"level":"info","message":"深度学习模型加载完成","service":"public-opinion-system","timestamp":"2026-02-13T01:10:21.165Z"}
{"level":"info","message":"增强Agent sentiment 初始化完成","service":"public-opinion-system","timestamp":"2026-02-13T01:10:21.165Z"}
{"level":"info","message":"初始化Agent: TopicModelingAgent","service":"public-opinion-system","timestamp":"2026-02-13T01:10:21.165Z"}
{"level":"info","message":"加载主题建模模型...","service":"public-opinion-system","timestamp":"2026-02-13T01:10:21.166Z"}
{"level":"info","message":"主题建模模型加载完成","service":"public-opinion-system","timestamp":"2026-02-13T01:10:21.166Z"}
{"level":"info","message":"增强Agent topic 初始化完成","service":"public-opinion-system","timestamp":"2026-02-13T01:10:21.166Z"}
{"level":"info","message":"初始化Agent: NeuralRiskAssessmentAgent","service":"public-opinion-system","timestamp":"2026-02-13T01:10:21.166Z"}
{"level":"info","message":"加载神经网络风险评估模型...","service":"public-opinion-system","timestamp":"2026-02-13T01:10:21.166Z"}
{"level":"info","message":"神经网络风险评估模型加载完成","service":"public-opinion-system","timestamp":"2026-02-13T01:10:21.170Z"}
{"level":"info","message":"增强Agent risk 初始化完成","service":"public-opinion-system","timestamp":"2026-02-13T01:10:21.170Z"}
{"level":"info","message":"增强AI分析引擎V2初始化完成","service":"public-opinion-system","timestamp":"2026-02-13T01:10:21.170Z"}
{"level":"info","message":"启动技能管理器...","service":"public-opinion-system","timestamp":"2026-02-13T01:10:21.171Z"}
{"level":"info","message":"加载技能: DataCleaningSkill v1.0.0","service":"public-opinion-system","timestamp":"2026-02-13T01:10:21.173Z"}
{"level":"info","message":"技能管理器启动完成","service":"public-opinion-system","timestamp":"2026-02-13T01:10:21.173Z"}
{"level":"info","message":"V2真实数据收集开始，关键词: 科技发展, 平台: social","service":"public-opinion-system","timestamp":"2026-02-13T01:10:21.174Z"}
{"level":"info","message":"社交媒体收集开始: 科技发展","service":"public-opinion-system","timestamp":"2026-02-13T01:10:21.174Z"}
{"level":"info","message":"从 social 收集关键词 \"科技发展\" 获得 10 条真实数据","service":"public-opinion-system","timestamp":"2026-02-13T01:10:21.174Z"}
{"level":"info","message":"V2真实数据收集完成，共获得 10 条数据","service":"public-opinion-system","timestamp":"2026-02-13T01:10:22.180Z"}
{"level":"warn","message":"NewsAPI获取失败: timeout of 10000ms exceeded","service":"public-opinion-system","timestamp":"2026-02-13T01:10:26.901Z"}
{"level":"warn","message":"GNews API获取失败: Request failed with status code 400","service":"public-opinion-system","timestamp":"2026-02-13T01:10:27.762Z"}
{"level":"info","message":"备用API成功获取 0 条数据","service":"public-opinion-system","timestamp":"2026-02-13T01:10:27.762Z"}
{"level":"info","message":"从 news 收集关键词 \"就业\" 获得 0 条真实数据","service":"public-opinion-system","timestamp":"2026-02-13T01:10:27.762Z"}
{"level":"info","message":"V2真实数据收集完成，共获得 0 条数据","service":"public-opinion-system","timestamp":"2026-02-13T01:10:28.764Z"}
{"level":"info","message":"开始增强AI分析任务 analysis_1770945028765_5sjduxe5q，数据量: 0，关键词: 人工智能, 就业","service":"public-opinion-system","timestamp":"2026-02-13T01:10:28.765Z"}
{"level":"info","message":"第 1 轮增强分析开始","service":"public-opinion-system","timestamp":"2026-02-13T01:10:28.765Z"}
{"level":"info","message":"运行增强Agent: sentiment","service":"public-opinion-system","timestamp":"2026-02-13T01:10:28.765Z"}
{"level":"info","message":"深度学习情感分析开始处理 0 条数据","service":"public-opinion-system","timestamp":"2026-02-13T01:10:28.765Z"}
{"level":"info","message":"深度学习情感分析完成，整体情感得分: 0.00，置信度: 0.00","service":"public-opinion-system","timestamp":"2026-02-13T01:10:28.766Z"}
{"level":"info","message":"运行增强Agent: topic","service":"public-opinion-system","timestamp":"2026-02-13T01:10:28.766Z"}
{"level":"info","message":"主题建模Agent开始处理 0 条数据","service":"public-opinion-system","timestamp":"2026-02-13T01:10:28.766Z"}
{"level":"info","message":"运行增强Agent: risk","service":"public-opinion-system","timestamp":"2026-02-13T01:10:28.766Z"}
{"level":"info","message":"神经网络风险评估Agent开始处理 0 条数据","service":"public-opinion-system","timestamp":"2026-02-13T01:10:28.766Z"}
{"level":"info","message":"神经网络风险评估完成，整体风险等级: low, 风险评分: 0.00","service":"public-opinion-system","timestamp":"2026-02-13T01:10:28.767Z"}
{"level":"info","message":"增强Agent sentiment 完成，置信度: 0.00，用时: 2ms","service":"public-opinion-system","timestamp":"2026-02-13T01:10:28.767Z"}
{"level":"info","message":"增强Agent risk 完成，置信度: 0.00，用时: 1ms","service":"public-opinion-system","timestamp":"2026-02-13T01:10:28.767Z"}
{"level":"info","message":"主题建模完成，发现 5 个主题，0 个关键词","service":"public-opinion-system","timestamp":"2026-02-13T01:10:28.768Z"}
{"level":"info","message":"增强Agent topic 完成，置信度: 0.00，用时: 2ms","service":"public-opinion-system","timestamp":"2026-02-13T01:10:28.768Z"}
{"level":"info","message":"第 1 轮增强分析完成，平均置信度: 0.00","service":"public-opinion-system","timestamp":"2026-02-13T01:10:28.769Z"}
{"level":"info","message":"第 1 轮智能数据增强","service":"public-opinion-system","timestamp":"2026-02-13T01:10:28.769Z"}
{"level":"info","message":"数据增强完成，原始 0 条 → 增强 0 条","service":"public-opinion-system","timestamp":"2026-02-13T01:10:28.769Z"}
{"level":"info","message":"第 2 轮增强分析开始","service":"public-opinion-system","timestamp":"2026-02-13T01:10:28.769Z"}
{"level":"info","message":"运行增强Agent: sentiment","service":"public-opinion-system","timestamp":"2026-02-13T01:10:28.769Z"}
{"level":"info","message":"深度学习情感分析开始处理 0 条数据","service":"public-opinion-system","timestamp":"2026-02-13T01:10:28.769Z"}
{"level":"info","message":"深度学习情感分析完成，整体情感得分: 0.00，置信度: 0.00","service":"public-opinion-system","timestamp":"2026-02-13T01:10:28.770Z"}
{"level":"info","message":"运行增强Agent: topic","service":"public-opinion-system","timestamp":"2026-02-13T01:10:28.770Z"}
{"level":"info","message":"主题建模Agent开始处理 0 条数据","service":"public-opinion-system","timestamp":"2026-02-13T01:10:28.770Z"}
{"level":"info","message":"运行增强Agent: risk","service":"public-opinion-system","timestamp":"2026-02-13T01:10:28.770Z"}
{"level":"info","message":"神经网络风险评估Agent开始处理 0 条数据","service":"public-opinion-system","timestamp":"2026-02-13T01:10:28.770Z"}
{"level":"info","message":"神经网络风险评估完成，整体风险等级: low, 风险评分: 0.00","service":"public-opinion-system","timestamp":"2026-02-13T01:10:28.770Z"}
{"level":"info","message":"增强Agent sentiment 完成，置信度: 0.00，用时: 1ms","service":"public-opinion-system","timestamp":"2026-02-13T01:10:28.770Z"}
{"level":"info","message":"增强Agent risk 完成，置信度: 0.00，用时: 0ms","service":"public-opinion-system","timestamp":"2026-02-13T01:10:28.770Z"}
{"level":"info","message":"主题建模完成，发现 5 个主题，0 个关键词","service":"public-opinion-system","timestamp":"2026-02-13T01:10:28.770Z"}
{"level":"info","message":"增强Agent topic 完成，置信度: 0.00，用时: 0ms","service":"public-opinion-system","timestamp":"2026-02-13T01:10:28.770Z"}
{"level":"info","message":"第 2 轮增强分析完成，平均置信度: 0.00","service":"public-opinion-system","timestamp":"2026-02-13T01:10:28.770Z"}
{"level":"info","message":"第 2 轮智能数据增强","service":"public-opinion-system","timestamp":"2026-02-13T01:10:28.770Z"}
{"level":"info","message":"数据增强完成，原始 0 条 → 增强 0 条","service":"public-opinion-system","timestamp":"2026-02-13T01:10:28.771Z"}
{"level":"info","message":"第 3 轮增强分析开始","service":"public-opinion-system","timestamp":"2026-02-13T01:10:28.771Z"}
{"level":"info","message":"运行增强Agent: sentiment","service":"public-opinion-system","timestamp":"2026-02-13T01:10:28.771Z"}
{"level":"info","message":"深度学习情感分析开始处理 0 条数据","service":"public-opinion-system","timestamp":"2026-02-13T01:10:28.771Z"}
{"level":"info","message":"深度学习情感分析完成，整体情感得分: 0.00，置信度: 0.00","service":"public-opinion-system","timestamp":"2026-02-13T01:10:28.771Z"}
{"level":"info","message":"运行增强Agent: topic","service":"public-opinion-system","timestamp":"2026-02-13T01:10:28.771Z"}
{"level":"info","message":"主题建模Agent开始处理 0 条数据","service":"public-opinion-system","timestamp":"2026-02-13T01:10:28.771Z"}
{"level":"info","message":"运行增强Agent: risk","service":"public-opinion-system","timestamp":"2026-02-13T01:10:28.771Z"}
{"level":"info","message":"神经网络风险评估Agent开始处理 0 条数据","service":"public-opinion-system","timestamp":"2026-02-13T01:10:28.771Z"}
{"level":"info","message":"神经网络风险评估完成，整体风险等级: low, 风险评分: 0.00","service":"public-opinion-system","timestamp":"2026-02-13T01:10:28.771Z"}
{"level":"info","message":"增强Agent sentiment 完成，置信度: 0.00，用时: 0ms","service":"public-opinion-system","timestamp":"2026-02-13T01:10:28.771Z"}
{"level":"info","message":"增强Agent risk 完成，置信度: 0.00，用时: 1ms","service":"public-opinion-system","timestamp":"2026-02-13T01:10:28.772Z"}
{"level":"info","message":"主题建模完成，发现 5 个主题，0 个关键词","service":"public-opinion-system","timestamp":"2026-02-13T01:10:28.772Z"}
{"level":"info","message":"增强Agent topic 完成，置信度: 0.00，用时: 1ms","service":"public-opinion-system","timestamp":"2026-02-13T01:10:28.772Z"}
{"level":"info","message":"第 3 轮增强分析完成，平均置信度: 0.00","service":"public-opinion-system","timestamp":"2026-02-13T01:10:28.772Z"}
{"level":"info","message":"第 3 轮智能数据增强","service":"public-opinion-system","timestamp":"2026-02-13T01:10:28.772Z"}
{"level":"info","message":"数据增强完成，原始 0 条 → 增强 0 条","service":"public-opinion-system","timestamp":"2026-02-13T01:10:28.773Z"}
{"level":"info","message":"第 4 轮增强分析开始","service":"public-opinion-system","timestamp":"2026-02-13T01:10:28.773Z"}
{"level":"info","message":"运行增强Agent: sentiment","service":"public-opinion-system","timestamp":"2026-02-13T01:10:28.773Z"}
{"level":"info","message":"深度学习情感分析开始处理 0 条数据","service":"public-opinion-system","timestamp":"2026-02-13T01:10:28.773Z"}
{"level":"info","message":"深度学习情感分析完成，整体情感得分: 0.00，置信度: 0.00","service":"public-opinion-system","timestamp":"2026-02-13T01:10:28.773Z"}
{"level":"info","message":"运行增强Agent: topic","service":"public-opinion-system","timestamp":"2026-02-13T01:10:28.773Z"}
{"level":"info","message":"主题建模Agent开始处理 0 条数据","service":"public-opinion-system","timestamp":"2026-02-13T01:10:28.773Z"}
{"level":"info","message":"运行增强Agent: risk","service":"public-opinion-system","timestamp":"2026-02-13T01:10:28.773Z"}
{"level":"info","message":"神经网络风险评估Agent开始处理 0 条数据","service":"public-opinion-system","timestamp":"2026-02-13T01:10:28.774Z"}
{"level":"info","message":"神经网络风险评估完成，整体风险等级: low, 风险评分: 0.00","service":"public-opinion-system","timestamp":"2026-02-13T01:10:28.774Z"}
{"level":"info","message":"增强Agent sentiment 完成，置信度: 0.00，用时: 1ms","service":"public-opinion-system","timestamp":"2026-02-13T01:10:28.774Z"}
{"level":"info","message":"增强Agent risk 完成，置信度: 0.00，用时: 0ms","service":"public-opinion-system","timestamp":"2026-02-13T01:10:28.774Z"}
{"level":"info","message":"主题建模完成，发现 5 个主题，0 个关键词","service":"public-opinion-system","timestamp":"2026-02-13T01:10:28.774Z"}
{"level":"info","message":"增强Agent topic 完成，置信度: 0.00，用时: 1ms","service":"public-opinion-system","timestamp":"2026-02-13T01:10:28.774Z"}
{"level":"info","message":"第 4 轮增强分析完成，平均置信度: 0.00","service":"public-opinion-system","timestamp":"2026-02-13T01:10:28.774Z"}
{"level":"info","message":"第 4 轮智能数据增强","service":"public-opinion-system","timestamp":"2026-02-13T01:10:28.774Z"}
{"level":"info","message":"数据增强完成，原始 0 条 → 增强 0 条","service":"public-opinion-system","timestamp":"2026-02-13T01:10:28.774Z"}
{"level":"info","message":"第 5 轮增强分析开始","service":"public-opinion-system","timestamp":"2026-02-13T01:10:28.774Z"}
{"level":"info","message":"运行增强Agent: sentiment","service":"public-opinion-system","timestamp":"2026-02-13T01:10:28.774Z"}
{"level":"info","message":"深度学习情感分析开始处理 0 条数据","service":"public-opinion-system","timestamp":"2026-02-13T01:10:28.774Z"}
{"level":"info","message":"深度学习情感分析完成，整体情感得分: 0.00，置信度: 0.00","service":"public-opinion-system","timestamp":"2026-02-13T01:10:28.774Z"}
{"level":"info","message":"运行增强Agent: topic","service":"public-opinion-system","timestamp":"2026-02-13T01:10:28.774Z"}
{"level":"info","message":"主题建模Agent开始处理 0 条数据","service":"public-opinion-system","timestamp":"2026-02-13T01:10:28.774Z"}
{"level":"info","message":"运行增强Agent: risk","service":"public-opinion-system","timestamp":"2026-02-13T01:10:28.774Z"}
{"level":"info","message":"神经网络风险评估Agent开始处理 0 条数据","service":"public-opinion-system","timestamp":"2026-02-13T01:10:28.775Z"}
{"level":"info","message":"神经网络风险评估完成，整体风险等级: low, 风险评分: 0.00","service":"public-opinion-system","timestamp":"2026-02-13T01:10:28.775Z"}
{"level":"info","message":"增强Agent sentiment 完成，置信度: 0.00，用时: 1ms","service":"public-opinion-system","timestamp":"2026-02-13T01:10:28.775Z"}
{"level":"info","message":"增强Agent risk 完成，置信度: 0.00，用时: 0ms","service":"public-opinion-system","timestamp":"2026-02-13T01:10:28.775Z"}
{"level":"info","message":"主题建模完成，发现 5 个主题，0 个关键词","service":"public-opinion-system","timestamp":"2026-02-13T01:10:28.775Z"}
{"level":"info","message":"增强Agent topic 完成，置信度: 0.00，用时: 1ms","service":"public-opinion-system","timestamp":"2026-02-13T01:10:28.775Z"}
{"level":"info","message":"第 5 轮增强分析完成，平均置信度: 0.00","service":"public-opinion-system","timestamp":"2026-02-13T01:10:28.775Z"}
{"level":"info","message":"运行增强Agent: sentiment","service":"public-opinion-system","timestamp":"2026-02-13T01:10:28.775Z"}
{"level":"info","message":"深度学习情感分析开始处理 0 条数据","service":"public-opinion-system","timestamp":"2026-02-13T01:10:28.775Z"}
{"level":"info","message":"深度学习情感分析完成，整体情感得分: 0.00，置信度: 0.00","service":"public-opinion-system","timestamp":"2026-02-13T01:10:28.775Z"}
{"level":"info","message":"运行增强Agent: topic","service":"public-opinion-system","timestamp":"2026-02-13T01:10:28.775Z"}
{"level":"info","message":"主题建模Agent开始处理 0 条数据","service":"public-opinion-system","timestamp":"2026-02-13T01:10:28.775Z"}
{"level":"info","message":"运行增强Agent: risk","service":"public-opinion-system","timestamp":"2026-02-13T01:10:28.775Z"}
{"level":"info","message":"神经网络风险评估Agent开始处理 0 条数据","service":"public-opinion-system","timestamp":"2026-02-13T01:10:28.775Z"}
{"level":"info","message":"神经网络风险评估完成，整体风险等级: low, 风险评分: 0.00","service":"public-opinion-system","timestamp":"2026-02-13T01:10:28.775Z"}
{"level":"info","message":"增强Agent sentiment 完成，置信度: 0.00，用时: 0ms","service":"public-opinion-system","timestamp":"2026-02-13T01:10:28.775Z"}
{"level":"info","message":"增强Agent risk 完成，置信度: 0.00，用时: 0ms","service":"public-opinion-system","timestamp":"2026-02-13T01:10:28.775Z"}
{"level":"info","message":"主题建模完成，发现 5 个主题，0 个关键词","service":"public-opinion-system","timestamp":"2026-02-13T01:10:28.776Z"}
{"level":"info","message":"增强Agent topic 完成，置信度: 0.00，用时: 1ms","service":"public-opinion-system","timestamp":"2026-02-13T01:10:28.776Z"}
{"level":"info","message":"增强AI分析任务 analysis_1770945028765_5sjduxe5q 完成，共进行 5 轮分析","service":"public-opinion-system","timestamp":"2026-02-13T01:10:28.776Z"}
{"level":"info","message":"初始化增强AI分析引擎V2...","service":"public-opinion-system","timestamp":"2026-02-13T01:11:41.208Z"}
{"level":"info","message":"初始化Agent: DeepLearningSentimentAgent","service":"public-opinion-system","timestamp":"2026-02-13T01:11:41.211Z"}
{"level":"info","message":"加载深度学习情感分析模型...","service":"public-opinion-system","timestamp":"2026-02-13T01:11:41.212Z"}
{"level":"info","message":"深度学习模型加载完成","service":"public-opinion-system","timestamp":"2026-02-13T01:11:41.212Z"}
{"level":"info","message":"增强Agent sentiment 初始化完成","service":"public-opinion-system","timestamp":"2026-02-13T01:11:41.213Z"}
{"level":"info","message":"初始化Agent: TopicModelingAgent","service":"public-opinion-system","timestamp":"2026-02-13T01:11:41.213Z"}
{"level":"info","message":"加载主题建模模型...","service":"public-opinion-system","timestamp":"2026-02-13T01:11:41.213Z"}
{"level":"info","message":"主题建模模型加载完成","service":"public-opinion-system","timestamp":"2026-02-13T01:11:41.213Z"}
{"level":"info","message":"增强Agent topic 初始化完成","service":"public-opinion-system","timestamp":"2026-02-13T01:11:41.213Z"}
{"level":"info","message":"初始化Agent: NeuralRiskAssessmentAgent","service":"public-opinion-system","timestamp":"2026-02-13T01:11:41.213Z"}
{"level":"info","message":"加载神经网络风险评估模型...","service":"public-opinion-system","timestamp":"2026-02-13T01:11:41.217Z"}
{"level":"info","message":"神经网络风险评估模型加载完成","service":"public-opinion-system","timestamp":"2026-02-13T01:11:41.217Z"}
{"level":"info","message":"增强Agent risk 初始化完成","service":"public-opinion-system","timestamp":"2026-02-13T01:11:41.217Z"}
{"level":"info","message":"增强AI分析引擎V2初始化完成","service":"public-opinion-system","timestamp":"2026-02-13T01:11:41.217Z"}
{"level":"info","message":"启动技能管理器...","service":"public-opinion-system","timestamp":"2026-02-13T01:11:41.218Z"}
{"level":"info","message":"加载技能: DataCleaningSkill v1.0.0","service":"public-opinion-system","timestamp":"2026-02-13T01:11:41.220Z"}
{"level":"info","message":"技能管理器启动完成","service":"public-opinion-system","timestamp":"2026-02-13T01:11:41.221Z"}
{"level":"info","message":"V2真实数据收集开始，关键词: 人工智能, 平台: news","service":"public-opinion-system","timestamp":"2026-02-13T01:11:41.221Z"}
{"level":"info","message":"新闻API开始收集: 人工智能","service":"public-opinion-system","timestamp":"2026-02-13T01:11:41.222Z"}
{"level":"warn","message":"NewsAPI获取失败: timeout of 10000ms exceeded","service":"public-opinion-system","timestamp":"2026-02-13T01:11:51.249Z"}
{"level":"warn","message":"GNews API获取失败: Request failed with status code 400","service":"public-opinion-system","timestamp":"2026-02-13T01:11:51.908Z"}
{"level":"info","message":"备用API成功获取 0 条数据","service":"public-opinion-system","timestamp":"2026-02-13T01:11:51.908Z"}
{"level":"info","message":"从 news 收集关键词 \"人工智能\" 获得 0 条真实数据","service":"public-opinion-system","timestamp":"2026-02-13T01:11:51.908Z"}
{"level":"info","message":"初始化增强AI分析引擎V2...","service":"public-opinion-system","timestamp":"2026-02-13T01:11:52.212Z"}
{"level":"info","message":"初始化Agent: DeepLearningSentimentAgent","service":"public-opinion-system","timestamp":"2026-02-13T01:11:52.215Z"}
{"level":"info","message":"加载深度学习情感分析模型...","service":"public-opinion-system","timestamp":"2026-02-13T01:11:52.216Z"}
{"level":"info","message":"深度学习模型加载完成","service":"public-opinion-system","timestamp":"2026-02-13T01:11:52.216Z"}
{"level":"info","message":"增强Agent sentiment 初始化完成","service":"public-opinion-system","timestamp":"2026-02-13T01:11:52.216Z"}
{"level":"info","message":"初始化Agent: TopicModelingAgent","service":"public-opinion-system","timestamp":"2026-02-13T01:11:52.217Z"}
{"level":"info","message":"加载主题建模模型...","service":"public-opinion-system","timestamp":"2026-02-13T01:11:52.217Z"}
{"level":"info","message":"主题建模模型加载完成","service":"public-opinion-system","timestamp":"2026-02-13T01:11:52.217Z"}
{"level":"info","message":"增强Agent topic 初始化完成","service":"public-opinion-system","timestamp":"2026-02-13T01:11:52.217Z"}
{"level":"info","message":"初始化Agent: NeuralRiskAssessmentAgent","service":"public-opinion-system","timestamp":"2026-02-13T01:11:52.217Z"}
{"level":"info","message":"加载神经网络风险评估模型...","service":"public-opinion-system","timestamp":"2026-02-13T01:11:52.220Z"}
{"level":"info","message":"神经网络风险评估模型加载完成","service":"public-opinion-system","timestamp":"2026-02-13T01:11:52.220Z"}
{"level":"info","message":"增强Agent risk 初始化完成","service":"public-opinion-system","timestamp":"2026-02-13T01:11:52.220Z"}
{"level":"info","message":"增强AI分析引擎V2初始化完成","service":"public-opinion-system","timestamp":"2026-02-13T01:11:52.221Z"}
{"level":"info","message":"启动技能管理器...","service":"public-opinion-system","timestamp":"2026-02-13T01:11:52.221Z"}
{"level":"info","message":"加载技能: DataCleaningSkill v1.0.0","service":"public-opinion-system","timestamp":"2026-02-13T01:11:52.224Z"}
{"level":"info","message":"技能管理器启动完成","service":"public-opinion-system","timestamp":"2026-02-13T01:11:52.224Z"}
{"level":"info","message":"V2真实数据收集开始，关键词: 人工智能, 就业, 平台: news","service":"public-opinion-system","timestamp":"2026-02-13T01:11:52.225Z"}
{"level":"info","message":"新闻API开始收集: 人工智能","service":"public-opinion-system","timestamp":"2026-02-13T01:11:52.225Z"}
{"level":"info","message":"V2真实数据收集完成，共获得 0 条数据","service":"public-opinion-system","timestamp":"2026-02-13T01:11:52.921Z"}
{"level":"warn","message":"NewsAPI获取失败: timeout of 10000ms exceeded","service":"public-opinion-system","timestamp":"2026-02-13T01:12:02.256Z"}
{"level":"warn","message":"GNews API获取失败: Request failed with status code 400","service":"public-opinion-system","timestamp":"2026-02-13T01:12:02.982Z"}
{"level":"info","message":"备用API成功获取 0 条数据","service":"public-opinion-system","timestamp":"2026-02-13T01:12:02.983Z"}
{"level":"info","message":"从 news 收集关键词 \"人工智能\" 获得 0 条真实数据","service":"public-opinion-system","timestamp":"2026-02-13T01:12:02.983Z"}
{"level":"info","message":"新闻API开始收集: 就业","service":"public-opinion-system","timestamp":"2026-02-13T01:12:03.988Z"}
{"level":"info","message":"初始化增强AI分析引擎V2...","service":"public-opinion-system","timestamp":"2026-02-13T01:12:08.252Z"}
{"level":"info","message":"初始化Agent: DeepLearningSentimentAgent","service":"public-opinion-system","timestamp":"2026-02-13T01:12:08.254Z"}
{"level":"info","message":"加载深度学习情感分析模型...","service":"public-opinion-system","timestamp":"2026-02-13T01:12:08.256Z"}
{"level":"info","message":"深度学习模型加载完成","service":"public-opinion-system","timestamp":"2026-02-13T01:12:08.256Z"}
{"level":"info","message":"增强Agent sentiment 初始化完成","service":"public-opinion-system","timestamp":"2026-02-13T01:12:08.256Z"}
{"level":"info","message":"初始化Agent: TopicModelingAgent","service":"public-opinion-system","timestamp":"2026-02-13T01:12:08.256Z"}
{"level":"info","message":"加载主题建模模型...","service":"public-opinion-system","timestamp":"2026-02-13T01:12:08.257Z"}
{"level":"info","message":"主题建模模型加载完成","service":"public-opinion-system","timestamp":"2026-02-13T01:12:08.257Z"}
{"level":"info","message":"增强Agent topic 初始化完成","service":"public-opinion-system","timestamp":"2026-02-13T01:12:08.257Z"}
{"level":"info","message":"初始化Agent: NeuralRiskAssessmentAgent","service":"public-opinion-system","timestamp":"2026-02-13T01:12:08.257Z"}
{"level":"info","message":"加载神经网络风险评估模型...","service":"public-opinion-system","timestamp":"2026-02-13T01:12:08.257Z"}
{"level":"info","message":"神经网络风险评估模型加载完成","service":"public-opinion-system","timestamp":"2026-02-13T01:12:08.257Z"}
{"level":"info","message":"增强Agent risk 初始化完成","service":"public-opinion-system","timestamp":"2026-02-13T01:12:08.257Z"}
{"level":"info","message":"增强AI分析引擎V2初始化完成","service":"public-opinion-system","timestamp":"2026-02-13T01:12:08.257Z"}
{"level":"info","message":"启动技能管理器...","service":"public-opinion-system","timestamp":"2026-02-13T01:12:08.258Z"}
{"level":"info","message":"加载技能: DataCleaningSkill v1.0.0","service":"public-opinion-system","timestamp":"2026-02-13T01:12:08.260Z"}
{"level":"info","message":"技能管理器启动完成","service":"public-opinion-system","timestamp":"2026-02-13T01:12:08.261Z"}
{"level":"info","message":"V2真实数据收集开始，关键词: 科技发展, 平台: social","service":"public-opinion-system","timestamp":"2026-02-13T01:12:08.261Z"}
{"level":"info","message":"社交媒体收集开始: 科技发展","service":"public-opinion-system","timestamp":"2026-02-13T01:12:08.261Z"}
{"level":"info","message":"从 social 收集关键词 \"科技发展\" 获得 10 条真实数据","service":"public-opinion-system","timestamp":"2026-02-13T01:12:08.262Z"}
{"level":"info","message":"V2真实数据收集完成，共获得 10 条数据","service":"public-opinion-system","timestamp":"2026-02-13T01:12:09.270Z"}
{"level":"warn","message":"NewsAPI获取失败: timeout of 10000ms exceeded","service":"public-opinion-system","timestamp":"2026-02-13T01:12:14.005Z"}
{"level":"warn","message":"GNews API获取失败: Request failed with status code 400","service":"public-opinion-system","timestamp":"2026-02-13T01:12:14.676Z"}
{"level":"info","message":"备用API成功获取 0 条数据","service":"public-opinion-system","timestamp":"2026-02-13T01:12:14.676Z"}
{"level":"info","message":"从 news 收集关键词 \"就业\" 获得 0 条真实数据","service":"public-opinion-system","timestamp":"2026-02-13T01:12:14.676Z"}
{"level":"info","message":"V2真实数据收集完成，共获得 0 条数据","service":"public-opinion-system","timestamp":"2026-02-13T01:12:15.687Z"}
{"level":"info","message":"开始增强AI分析任务 analysis_1770945135687_rae01jnaj，数据量: 0，关键词: 人工智能, 就业","service":"public-opinion-system","timestamp":"2026-02-13T01:12:15.687Z"}
{"level":"info","message":"第 1 轮增强分析开始","service":"public-opinion-system","timestamp":"2026-02-13T01:12:15.688Z"}
{"level":"info","message":"运行增强Agent: sentiment","service":"public-opinion-system","timestamp":"2026-02-13T01:12:15.688Z"}
{"level":"info","message":"深度学习情感分析开始处理 0 条数据","service":"public-opinion-system","timestamp":"2026-02-13T01:12:15.688Z"}
{"level":"info","message":"深度学习情感分析完成，整体情感得分: 0.00，置信度: 0.00","service":"public-opinion-system","timestamp":"2026-02-13T01:12:15.689Z"}
{"level":"info","message":"运行增强Agent: topic","service":"public-opinion-system","timestamp":"2026-02-13T01:12:15.689Z"}
{"level":"info","message":"主题建模Agent开始处理 0 条数据","service":"public-opinion-system","timestamp":"2026-02-13T01:12:15.689Z"}
{"level":"info","message":"运行增强Agent: risk","service":"public-opinion-system","timestamp":"2026-02-13T01:12:15.689Z"}
{"level":"info","message":"神经网络风险评估Agent开始处理 0 条数据","service":"public-opinion-system","timestamp":"2026-02-13T01:12:15.690Z"}
{"level":"info","message":"神经网络风险评估完成，整体风险等级: low, 风险评分: 0.00","service":"public-opinion-system","timestamp":"2026-02-13T01:12:15.690Z"}
{"level":"info","message":"增强Agent sentiment 完成，置信度: 0.00，用时: 2ms","service":"public-opinion-system","timestamp":"2026-02-13T01:12:15.690Z"}
{"level":"info","message":"增强Agent risk 完成，置信度: 0.00，用时: 1ms","service":"public-opinion-system","timestamp":"2026-02-13T01:12:15.691Z"}
{"level":"info","message":"主题建模完成，发现 5 个主题，0 个关键词","service":"public-opinion-system","timestamp":"2026-02-13T01:12:15.691Z"}
{"level":"info","message":"增强Agent topic 完成，置信度: 0.00，用时: 2ms","service":"public-opinion-system","timestamp":"2026-02-13T01:12:15.691Z"}
{"level":"info","message":"第 1 轮增强分析完成，平均置信度: 0.00","service":"public-opinion-system","timestamp":"2026-02-13T01:12:15.691Z"}
{"level":"info","message":"第 1 轮智能数据增强","service":"public-opinion-system","timestamp":"2026-02-13T01:12:15.692Z"}
{"level":"info","message":"数据增强完成，原始 0 条 → 增强 0 条","service":"public-opinion-system","timestamp":"2026-02-13T01:12:15.692Z"}
{"level":"info","message":"第 2 轮增强分析开始","service":"public-opinion-system","timestamp":"2026-02-13T01:12:15.692Z"}
{"level":"info","message":"运行增强Agent: sentiment","service":"public-opinion-system","timestamp":"2026-02-13T01:12:15.692Z"}
{"level":"info","message":"深度学习情感分析开始处理 0 条数据","service":"public-opinion-system","timestamp":"2026-02-13T01:12:15.692Z"}
{"level":"info","message":"深度学习情感分析完成，整体情感得分: 0.00，置信度: 0.00","service":"public-opinion-system","timestamp":"2026-02-13T01:12:15.692Z"}
{"level":"info","message":"运行增强Agent: topic","service":"public-opinion-system","timestamp":"2026-02-13T01:12:15.692Z"}
{"level":"info","message":"主题建模Agent开始处理 0 条数据","service":"public-opinion-system","timestamp":"2026-02-13T01:12:15.692Z"}
{"level":"info","message":"运行增强Agent: risk","service":"public-opinion-system","timestamp":"2026-02-13T01:12:15.692Z"}
{"level":"info","message":"神经网络风险评估Agent开始处理 0 条数据","service":"public-opinion-system","timestamp":"2026-02-13T01:12:15.692Z"}
{"level":"info","message":"神经网络风险评估完成，整体风险等级: low, 风险评分: 0.00","service":"public-opinion-system","timestamp":"2026-02-13T01:12:15.693Z"}
{"level":"info","message":"增强Agent sentiment 完成，置信度: 0.00，用时: 1ms","service":"public-opinion-system","timestamp":"2026-02-13T01:12:15.693Z"}
{"level":"info","message":"增强Agent risk 完成，置信度: 0.00，用时: 1ms","service":"public-opinion-system","timestamp":"2026-02-13T01:12:15.693Z"}
{"level":"info","message":"主题建模完成，发现 5 个主题，0 个关键词","service":"public-opinion-system","timestamp":"2026-02-13T01:12:15.693Z"}
{"level":"info","message":"增强Agent topic 完成，置信度: 0.00，用时: 1ms","service":"public-opinion-system","timestamp":"2026-02-13T01:12:15.693Z"}
{"level":"info","message":"第 2 轮增强分析完成，平均置信度: 0.00","service":"public-opinion-system","timestamp":"2026-02-13T01:12:15.693Z"}
{"level":"info","message":"第 2 轮智能数据增强","service":"public-opinion-system","timestamp":"2026-02-13T01:12:15.693Z"}
{"level":"info","message":"数据增强完成，原始 0 条 → 增强 0 条","service":"public-opinion-system","timestamp":"2026-02-13T01:12:15.693Z"}
{"level":"info","message":"第 3 轮增强分析开始","service":"public-opinion-system","timestamp":"2026-02-13T01:12:15.693Z"}
{"level":"info","message":"运行增强Agent: sentiment","service":"public-opinion-system","timestamp":"2026-02-13T01:12:15.693Z"}
{"level":"info","message":"深度学习情感分析开始处理 0 条数据","service":"public-opinion-system","timestamp":"2026-02-13T01:12:15.693Z"}
{"level":"info","message":"深度学习情感分析完成，整体情感得分: 0.00，置信度: 0.00","service":"public-opinion-system","timestamp":"2026-02-13T01:12:15.693Z"}
{"level":"info","message":"运行增强Agent: topic","service":"public-opinion-system","timestamp":"2026-02-13T01:12:15.693Z"}
{"level":"info","message":"主题建模Agent开始处理 0 条数据","service":"public-opinion-system","timestamp":"2026-02-13T01:12:15.693Z"}
{"level":"info","message":"运行增强Agent: risk","service":"public-opinion-system","timestamp":"2026-02-13T01:12:15.694Z"}
{"level":"info","message":"神经网络风险评估Agent开始处理 0 条数据","service":"public-opinion-system","timestamp":"2026-02-13T01:12:15.694Z"}
{"level":"info","message":"神经网络风险评估完成，整体风险等级: low, 风险评分: 0.00","service":"public-opinion-system","timestamp":"2026-02-13T01:12:15.694Z"}
{"level":"info","message":"增强Agent sentiment 完成，置信度: 0.00，用时: 1ms","service":"public-opinion-system","timestamp":"2026-02-13T01:12:15.694Z"}
{"level":"info","message":"增强Agent risk 完成，置信度: 0.00，用时: 0ms","service":"public-opinion-system","timestamp":"2026-02-13T01:12:15.694Z"}
{"level":"info","message":"主题建模完成，发现 5 个主题，0 个关键词","service":"public-opinion-system","timestamp":"2026-02-13T01:12:15.694Z"}
{"level":"info","message":"增强Agent topic 完成，置信度: 0.00，用时: 1ms","service":"public-opinion-system","timestamp":"2026-02-13T01:12:15.694Z"}
{"level":"info","message":"第 3 轮增强分析完成，平均置信度: 0.00","service":"public-opinion-system","timestamp":"2026-02-13T01:12:15.694Z"}
{"level":"info","message":"第 3 轮智能数据增强","service":"public-opinion-system","timestamp":"2026-02-13T01:12:15.694Z"}
{"level":"info","message":"数据增强完成，原始 0 条 → 增强 0 条","service":"public-opinion-system","timestamp":"2026-02-13T01:12:15.694Z"}
{"level":"info","message":"第 4 轮增强分析开始","service":"public-opinion-system","timestamp":"2026-02-13T01:12:15.695Z"}
{"level":"info","message":"运行增强Agent: sentiment","service":"public-opinion-system","timestamp":"2026-02-13T01:12:15.695Z"}
{"level":"info","message":"深度学习情感分析开始处理 0 条数据","service":"public-opinion-system","timestamp":"2026-02-13T01:12:15.695Z"}
{"level":"info","message":"深度学习情感分析完成，整体情感得分: 0.00，置信度: 0.00","service":"public-opinion-system","timestamp":"2026-02-13T01:12:15.695Z"}
{"level":"info","message":"运行增强Agent: topic","service":"public-opinion-system","timestamp":"2026-02-13T01:12:15.695Z"}
{"level":"info","message":"主题建模Agent开始处理 0 条数据","service":"public-opinion-system","timestamp":"2026-02-13T01:12:15.695Z"}
{"level":"info","message":"运行增强Agent: risk","service":"public-opinion-system","timestamp":"2026-02-13T01:12:15.695Z"}
{"level":"info","message":"神经网络风险评估Agent开始处理 0 条数据","service":"public-opinion-system","timestamp":"2026-02-13T01:12:15.695Z"}
{"level":"info","message":"神经网络风险评估完成，整体风险等级: low, 风险评分: 0.00","service":"public-opinion-system","timestamp":"2026-02-13T01:12:15.695Z"}
{"level":"info","message":"增强Agent sentiment 完成，置信度: 0.00，用时: 0ms","service":"public-opinion-system","timestamp":"2026-02-13T01:12:15.696Z"}
{"level":"info","message":"增强Agent risk 完成，置信度: 0.00，用时: 1ms","service":"public-opinion-system","timestamp":"2026-02-13T01:12:15.696Z"}
{"level":"info","message":"主题建模完成，发现 5 个主题，0 个关键词","service":"public-opinion-system","timestamp":"2026-02-13T01:12:15.696Z"}
{"level":"info","message":"增强Agent topic 完成，置信度: 0.00，用时: 1ms","service":"public-opinion-system","timestamp":"2026-02-13T01:12:15.696Z"}
{"level":"info","message":"第 4 轮增强分析完成，平均置信度: 0.00","service":"public-opinion-system","timestamp":"2026-02-13T01:12:15.696Z"}
{"level":"info","message":"第 4 轮智能数据增强","service":"public-opinion-system","timestamp":"2026-02-13T01:12:15.696Z"}
{"level":"info","message":"数据增强完成，原始 0 条 → 增强 0 条","service":"public-opinion-system","timestamp":"2026-02-13T01:12:15.696Z"}
{"level":"info","message":"第 5 轮增强分析开始","service":"public-opinion-system","timestamp":"2026-02-13T01:12:15.696Z"}
{"level":"info","message":"运行增强Agent: sentiment","service":"public-opinion-system","timestamp":"2026-02-13T01:12:15.696Z"}
{"level":"info","message":"深度学习情感分析开始处理 0 条数据","service":"public-opinion-system","timestamp":"2026-02-13T01:12:15.696Z"}
{"level":"info","message":"深度学习情感分析完成，整体情感得分: 0.00，置信度: 0.00","service":"public-opinion-system","timestamp":"2026-02-13T01:12:15.696Z"}
{"level":"info","message":"运行增强Agent: topic","service":"public-opinion-system","timestamp":"2026-02-13T01:12:15.696Z"}
{"level":"info","message":"主题建模Agent开始处理 0 条数据","service":"public-opinion-system","timestamp":"2026-02-13T01:12:15.696Z"}
{"level":"info","message":"运行增强Agent: risk","service":"public-opinion-system","timestamp":"2026-02-13T01:12:15.696Z"}
{"level":"info","message":"神经网络风险评估Agent开始处理 0 条数据","service":"public-opinion-system","timestamp":"2026-02-13T01:12:15.696Z"}
{"level":"info","message":"神经网络风险评估完成，整体风险等级: low, 风险评分: 0.00","service":"public-opinion-system","timestamp":"2026-02-13T01:12:15.696Z"}
{"level":"info","message":"增强Agent sentiment 完成，置信度: 0.00，用时: 0ms","service":"public-opinion-system","timestamp":"2026-02-13T01:12:15.696Z"}
{"level":"info","message":"增强Agent risk 完成，置信度: 0.00，用时: 0ms","service":"public-opinion-system","timestamp":"2026-02-13T01:12:15.696Z"}
{"level":"info","message":"主题建模完成，发现 5 个主题，0 个关键词","service":"public-opinion-system","timestamp":"2026-02-13T01:12:15.696Z"}
{"level":"info","message":"增强Agent topic 完成，置信度: 0.00，用时: 0ms","service":"public-opinion-system","timestamp":"2026-02-13T01:12:15.696Z"}
{"level":"info","message":"第 5 轮增强分析完成，平均置信度: 0.00","service":"public-opinion-system","timestamp":"2026-02-13T01:12:15.697Z"}
{"level":"info","message":"运行增强Agent: sentiment","service":"public-opinion-system","timestamp":"2026-02-13T01:12:15.697Z"}
{"level":"info","message":"深度学习情感分析开始处理 0 条数据","service":"public-opinion-system","timestamp":"2026-02-13T01:12:15.697Z"}
{"level":"info","message":"深度学习情感分析完成，整体情感得分: 0.00，置信度: 0.00","service":"public-opinion-system","timestamp":"2026-02-13T01:12:15.697Z"}
{"level":"info","message":"运行增强Agent: topic","service":"public-opinion-system","timestamp":"2026-02-13T01:12:15.697Z"}
{"level":"info","message":"主题建模Agent开始处理 0 条数据","service":"public-opinion-system","timestamp":"2026-02-13T01:12:15.697Z"}
{"level":"info","message":"运行增强Agent: risk","service":"public-opinion-system","timestamp":"2026-02-13T01:12:15.697Z"}
{"level":"info","message":"神经网络风险评估Agent开始处理 0 条数据","service":"public-opinion-system","timestamp":"2026-02-13T01:12:15.697Z"}
{"level":"info","message":"神经网络风险评估完成，整体风险等级: low, 风险评分: 0.00","service":"public-opinion-system","timestamp":"2026-02-13T01:12:15.697Z"}
{"level":"info","message":"增强Agent sentiment 完成，置信度: 0.00，用时: 0ms","service":"public-opinion-system","timestamp":"2026-02-13T01:12:15.697Z"}
{"level":"info","message":"增强Agent risk 完成，置信度: 0.00，用时: 0ms","service":"public-opinion-system","timestamp":"2026-02-13T01:12:15.697Z"}
{"level":"info","message":"主题建模完成，发现 5 个主题，0 个关键词","service":"public-opinion-system","timestamp":"2026-02-13T01:12:15.697Z"}
{"level":"info","message":"增强Agent topic 完成，置信度: 0.00，用时: 0ms","service":"public-opinion-system","timestamp":"2026-02-13T01:12:15.697Z"}
{"level":"info","message":"增强AI分析任务 analysis_1770945135687_rae01jnaj 完成，共进行 5 轮分析","service":"public-opinion-system","timestamp":"2026-02-13T01:12:15.698Z"}
{"level":"info","message":"初始化增强AI分析引擎V2...","service":"public-opinion-system","timestamp":"2026-02-13T02:11:24.219Z"}
{"level":"info","message":"初始化Agent: DeepLearningSentimentAgent","service":"public-opinion-system","timestamp":"2026-02-13T02:11:24.221Z"}
{"level":"info","message":"加载深度学习情感分析模型...","service":"public-opinion-system","timestamp":"2026-02-13T02:11:24.222Z"}
{"level":"info","message":"深度学习模型加载完成","service":"public-opinion-system","timestamp":"2026-02-13T02:11:24.223Z"}
{"level":"info","message":"增强Agent sentiment 初始化完成","service":"public-opinion-system","timestamp":"2026-02-13T02:11:24.223Z"}
{"level":"info","message":"初始化Agent: TopicModelingAgent","service":"public-opinion-system","timestamp":"2026-02-13T02:11:24.223Z"}
{"level":"info","message":"加载主题建模模型...","service":"public-opinion-system","timestamp":"2026-02-13T02:11:24.223Z"}
{"level":"info","message":"主题建模模型加载完成","service":"public-opinion-system","timestamp":"2026-02-13T02:11:24.223Z"}
{"level":"info","message":"增强Agent topic 初始化完成","service":"public-opinion-system","timestamp":"2026-02-13T02:11:24.224Z"}
{"level":"info","message":"初始化Agent: NeuralRiskAssessmentAgent","service":"public-opinion-system","timestamp":"2026-02-13T02:11:24.224Z"}
{"level":"info","message":"加载神经网络风险评估模型...","service":"public-opinion-system","timestamp":"2026-02-13T02:11:24.226Z"}
{"level":"info","message":"神经网络风险评估模型加载完成","service":"public-opinion-system","timestamp":"2026-02-13T02:11:24.226Z"}
{"level":"info","message":"增强Agent risk 初始化完成","service":"public-opinion-system","timestamp":"2026-02-13T02:11:24.226Z"}
{"level":"info","message":"增强AI分析引擎V2初始化完成","service":"public-opinion-system","timestamp":"2026-02-13T02:11:24.227Z"}
{"level":"info","message":"启动技能管理器...","service":"public-opinion-system","timestamp":"2026-02-13T02:11:24.227Z"}
{"level":"info","message":"加载技能: DataCleaningSkill v1.0.0","service":"public-opinion-system","timestamp":"2026-02-13T02:11:24.230Z"}
{"level":"info","message":"技能管理器启动完成","service":"public-opinion-system","timestamp":"2026-02-13T02:11:24.230Z"}
{"level":"info","message":"V2真实数据收集开始，关键词: 人工智能, 平台: news","service":"public-opinion-system","timestamp":"2026-02-13T02:11:24.230Z"}
{"level":"info","message":"新闻API开始收集: 人工智能","service":"public-opinion-system","timestamp":"2026-02-13T02:11:24.230Z"}
{"level":"warn","message":"NewsAPI获取失败: timeout of 10000ms exceeded","service":"public-opinion-system","timestamp":"2026-02-13T02:11:34.259Z"}
{"level":"warn","message":"GNews API获取失败: Request failed with status code 400","service":"public-opinion-system","timestamp":"2026-02-13T02:11:35.162Z"}
{"level":"info","message":"备用API成功获取 0 条数据","service":"public-opinion-system","timestamp":"2026-02-13T02:11:35.162Z"}
{"level":"info","message":"从 news 收集关键词 \"人工智能\" 获得 0 条真实数据","service":"public-opinion-system","timestamp":"2026-02-13T02:11:35.162Z"}
{"level":"info","message":"V2真实数据收集完成，共获得 0 条数据","service":"public-opinion-system","timestamp":"2026-02-13T02:11:36.162Z"}
{"level":"info","message":"初始化增强AI分析引擎V2...","service":"public-opinion-system","timestamp":"2026-02-13T02:11:37.841Z"}
{"level":"info","message":"初始化Agent: DeepLearningSentimentAgent","service":"public-opinion-system","timestamp":"2026-02-13T02:11:37.844Z"}
{"level":"info","message":"加载深度学习情感分析模型...","service":"public-opinion-system","timestamp":"2026-02-13T02:11:37.845Z"}
{"level":"info","message":"深度学习模型加载完成","service":"public-opinion-system","timestamp":"2026-02-13T02:11:37.845Z"}
{"level":"info","message":"增强Agent sentiment 初始化完成","service":"public-opinion-system","timestamp":"2026-02-13T02:11:37.846Z"}
{"level":"info","message":"初始化Agent: TopicModelingAgent","service":"public-opinion-system","timestamp":"2026-02-13T02:11:37.846Z"}
{"level":"info","message":"加载主题建模模型...","service":"public-opinion-system","timestamp":"2026-02-13T02:11:37.846Z"}
{"level":"info","message":"主题建模模型加载完成","service":"public-opinion-system","timestamp":"2026-02-13T02:11:37.846Z"}
{"level":"info","message":"增强Agent topic 初始化完成","service":"public-opinion-system","timestamp":"2026-02-13T02:11:37.846Z"}
{"level":"info","message":"初始化Agent: NeuralRiskAssessmentAgent","service":"public-opinion-system","timestamp":"2026-02-13T02:11:37.847Z"}
{"level":"info","message":"加载神经网络风险评估模型...","service":"public-opinion-system","timestamp":"2026-02-13T02:11:37.847Z"}
{"level":"info","message":"神经网络风险评估模型加载完成","service":"public-opinion-system","timestamp":"2026-02-13T02:11:37.847Z"}
{"level":"info","message":"增强Agent risk 初始化完成","service":"public-opinion-system","timestamp":"2026-02-13T02:11:37.847Z"}
{"level":"info","message":"增强AI分析引擎V2初始化完成","service":"public-opinion-system","timestamp":"2026-02-13T02:11:37.847Z"}
{"level":"info","message":"启动技能管理器...","service":"public-opinion-system","timestamp":"2026-02-13T02:11:37.847Z"}
{"level":"info","message":"加载技能: DataCleaningSkill v1.0.0","service":"public-opinion-system","timestamp":"2026-02-13T02:11:37.850Z"}
{"level":"info","message":"技能管理器启动完成","service":"public-opinion-system","timestamp":"2026-02-13T02:11:37.850Z"}
{"level":"info","message":"V2真实数据收集开始，关键词: 科技发展, 平台: social","service":"public-opinion-system","timestamp":"2026-02-13T02:11:37.851Z"}
{"level":"info","message":"社交媒体收集开始: 科技发展","service":"public-opinion-system","timestamp":"2026-02-13T02:11:37.851Z"}
{"level":"info","message":"从 social 收集关键词 \"科技发展\" 获得 8 条真实数据","service":"public-opinion-system","timestamp":"2026-02-13T02:11:37.851Z"}
{"level":"info","message":"V2真实数据收集完成，共获得 8 条数据","service":"public-opinion-system","timestamp":"2026-02-13T02:11:38.852Z"}
{"level":"info","message":"初始化增强AI分析引擎V2...","service":"public-opinion-system","timestamp":"2026-02-13T02:11:40.526Z"}
{"level":"info","message":"初始化Agent: DeepLearningSentimentAgent","service":"public-opinion-system","timestamp":"2026-02-13T02:11:40.528Z"}
{"level":"info","message":"加载深度学习情感分析模型...","service":"public-opinion-system","timestamp":"2026-02-13T02:11:40.530Z"}
{"level":"info","message":"深度学习模型加载完成","service":"public-opinion-system","timestamp":"2026-02-13T02:11:40.530Z"}
{"level":"info","message":"增强Agent sentiment 初始化完成","service":"public-opinion-system","timestamp":"2026-02-13T02:11:40.530Z"}
{"level":"info","message":"初始化Agent: TopicModelingAgent","service":"public-opinion-system","timestamp":"2026-02-13T02:11:40.530Z"}
{"level":"info","message":"加载主题建模模型...","service":"public-opinion-system","timestamp":"2026-02-13T02:11:40.530Z"}
{"level":"info","message":"主题建模模型加载完成","service":"public-opinion-system","timestamp":"2026-02-13T02:11:40.530Z"}
{"level":"info","message":"增强Agent topic 初始化完成","service":"public-opinion-system","timestamp":"2026-02-13T02:11:40.531Z"}
{"level":"info","message":"初始化Agent: NeuralRiskAssessmentAgent","service":"public-opinion-system","timestamp":"2026-02-13T02:11:40.531Z"}
{"level":"info","message":"加载神经网络风险评估模型...","service":"public-opinion-system","timestamp":"2026-02-13T02:11:40.531Z"}
{"level":"info","message":"神经网络风险评估模型加载完成","service":"public-opinion-system","timestamp":"2026-02-13T02:11:40.531Z"}
{"level":"info","message":"增强Agent risk 初始化完成","service":"public-opinion-system","timestamp":"2026-02-13T02:11:40.531Z"}
{"level":"info","message":"增强AI分析引擎V2初始化完成","service":"public-opinion-system","timestamp":"2026-02-13T02:11:40.531Z"}
{"level":"info","message":"启动技能管理器...","service":"public-opinion-system","timestamp":"2026-02-13T02:11:40.532Z"}
{"level":"info","message":"加载技能: DataCleaningSkill v1.0.0","service":"public-opinion-system","timestamp":"2026-02-13T02:11:40.534Z"}
{"level":"info","message":"技能管理器启动完成","service":"public-opinion-system","timestamp":"2026-02-13T02:11:40.534Z"}
{"level":"info","message":"V2真实数据收集开始，关键词: 人工智能, 就业, 平台: news","service":"public-opinion-system","timestamp":"2026-02-13T02:11:40.535Z"}
{"level":"info","message":"新闻API开始收集: 人工智能","service":"public-opinion-system","timestamp":"2026-02-13T02:11:40.535Z"}
{"level":"warn","message":"性能监控未在运行","service":"public-opinion-system","timestamp":"2026-02-13T02:11:47.645Z"}
{"level":"warn","message":"NewsAPI获取失败: timeout of 10000ms exceeded","service":"public-opinion-system","timestamp":"2026-02-13T02:11:50.574Z"}
{"level":"warn","message":"GNews API获取失败: Request failed with status code 400","service":"public-opinion-system","timestamp":"2026-02-13T02:11:51.247Z"}
{"level":"info","message":"备用API成功获取 0 条数据","service":"public-opinion-system","timestamp":"2026-02-13T02:11:51.247Z"}
{"level":"info","message":"从 news 收集关键词 \"人工智能\" 获得 0 条真实数据","service":"public-opinion-system","timestamp":"2026-02-13T02:11:51.247Z"}
{"level":"info","message":"新闻API开始收集: 就业","service":"public-opinion-system","timestamp":"2026-02-13T02:11:52.248Z"}
{"level":"info","message":"初始化增强AI分析引擎V2...","service":"public-opinion-system","timestamp":"2026-02-13T02:11:59.034Z"}
{"level":"info","message":"初始化Agent: DeepLearningSentimentAgent","service":"public-opinion-system","timestamp":"2026-02-13T02:11:59.037Z"}
{"level":"info","message":"加载深度学习情感分析模型...","service":"public-opinion-system","timestamp":"2026-02-13T02:11:59.039Z"}
{"level":"info","message":"深度学习模型加载完成","service":"public-opinion-system","timestamp":"2026-02-13T02:11:59.039Z"}
{"level":"info","message":"增强Agent sentiment 初始化完成","service":"public-opinion-system","timestamp":"2026-02-13T02:11:59.040Z"}
{"level":"info","message":"初始化Agent: TopicModelingAgent","service":"public-opinion-system","timestamp":"2026-02-13T02:11:59.040Z"}
{"level":"info","message":"加载主题建模模型...","service":"public-opinion-system","timestamp":"2026-02-13T02:11:59.041Z"}
{"level":"info","message":"主题建模模型加载完成","service":"public-opinion-system","timestamp":"2026-02-13T02:11:59.041Z"}
{"level":"info","message":"增强Agent topic 初始化完成","service":"public-opinion-system","timestamp":"2026-02-13T02:11:59.042Z"}
{"level":"info","message":"初始化Agent: NeuralRiskAssessmentAgent","service":"public-opinion-system","timestamp":"2026-02-13T02:11:59.045Z"}
{"level":"info","message":"加载神经网络风险评估模型...","service":"public-opinion-system","timestamp":"2026-02-13T02:11:59.046Z"}
{"level":"info","message":"神经网络风险评估模型加载完成","service":"public-opinion-system","timestamp":"2026-02-13T02:11:59.046Z"}
{"level":"info","message":"增强Agent risk 初始化完成","service":"public-opinion-system","timestamp":"2026-02-13T02:11:59.046Z"}
{"level":"info","message":"增强AI分析引擎V2初始化完成","service":"public-opinion-system","timestamp":"2026-02-13T02:11:59.047Z"}
{"level":"info","message":"启动技能管理器...","service":"public-opinion-system","timestamp":"2026-02-13T02:11:59.047Z"}
{"level":"info","message":"加载技能: DataCleaningSkill v1.0.0","service":"public-opinion-system","timestamp":"2026-02-13T02:11:59.050Z"}
{"level":"info","message":"技能管理器启动完成","service":"public-opinion-system","timestamp":"2026-02-13T02:11:59.050Z"}
{"level":"info","message":"V2真实数据收集开始，关键词: 人工智能, 平台: news","service":"public-opinion-system","timestamp":"2026-02-13T02:11:59.052Z"}
{"level":"info","message":"新闻API开始收集: 人工智能","service":"public-opinion-system","timestamp":"2026-02-13T02:11:59.052Z"}
{"level":"warn","message":"NewsAPI获取失败: timeout of 10000ms exceeded","service":"public-opinion-system","timestamp":"2026-02-13T02:12:02.251Z"}
{"level":"warn","message":"GNews API获取失败: Request failed with status code 400","service":"public-opinion-system","timestamp":"2026-02-13T02:12:02.927Z"}
{"level":"info","message":"备用API成功获取 0 条数据","service":"public-opinion-system","timestamp":"2026-02-13T02:12:02.927Z"}
{"level":"info","message":"从 news 收集关键词 \"就业\" 获得 0 条真实数据","service":"public-opinion-system","timestamp":"2026-02-13T02:12:02.927Z"}
{"level":"info","message":"V2真实数据收集完成，共获得 0 条数据","service":"public-opinion-system","timestamp":"2026-02-13T02:12:03.939Z"}
{"level":"info","message":"开始增强AI分析任务 analysis_1770948723940_yyge9ka0v，数据量: 0，关键词: 人工智能, 就业","service":"public-opinion-system","timestamp":"2026-02-13T02:12:03.940Z"}
{"level":"info","message":"第 1 轮增强分析开始","service":"public-opinion-system","timestamp":"2026-02-13T02:12:03.940Z"}
{"level":"info","message":"运行增强Agent: sentiment","service":"public-opinion-system","timestamp":"2026-02-13T02:12:03.941Z"}
{"level":"info","message":"深度学习情感分析开始处理 0 条数据","service":"public-opinion-system","timestamp":"2026-02-13T02:12:03.941Z"}
{"level":"info","message":"深度学习情感分析完成，整体情感得分: 0.00，置信度: 0.00","service":"public-opinion-system","timestamp":"2026-02-13T02:12:03.941Z"}
{"level":"info","message":"运行增强Agent: topic","service":"public-opinion-system","timestamp":"2026-02-13T02:12:03.941Z"}
{"level":"info","message":"主题建模Agent开始处理 0 条数据","service":"public-opinion-system","timestamp":"2026-02-13T02:12:03.942Z"}
{"level":"info","message":"运行增强Agent: risk","service":"public-opinion-system","timestamp":"2026-02-13T02:12:03.942Z"}
{"level":"info","message":"神经网络风险评估Agent开始处理 0 条数据","service":"public-opinion-system","timestamp":"2026-02-13T02:12:03.942Z"}
{"level":"info","message":"神经网络风险评估完成，整体风险等级: low, 风险评分: 0.00","service":"public-opinion-system","timestamp":"2026-02-13T02:12:03.942Z"}
{"level":"info","message":"增强Agent sentiment 完成，置信度: 0.00，用时: 1ms","service":"public-opinion-system","timestamp":"2026-02-13T02:12:03.942Z"}
{"level":"info","message":"增强Agent risk 完成，置信度: 0.00，用时: 0ms","service":"public-opinion-system","timestamp":"2026-02-13T02:12:03.942Z"}
{"level":"info","message":"主题建模完成，发现 5 个主题，0 个关键词","service":"public-opinion-system","timestamp":"2026-02-13T02:12:03.943Z"}
{"level":"info","message":"增强Agent topic 完成，置信度: 0.00，用时: 2ms","service":"public-opinion-system","timestamp":"2026-02-13T02:12:03.943Z"}
{"level":"info","message":"第 1 轮增强分析完成，平均置信度: 0.00","service":"public-opinion-system","timestamp":"2026-02-13T02:12:03.943Z"}
{"level":"info","message":"第 1 轮智能数据增强","service":"public-opinion-system","timestamp":"2026-02-13T02:12:03.943Z"}
{"level":"info","message":"数据增强完成，原始 0 条 → 增强 0 条","service":"public-opinion-system","timestamp":"2026-02-13T02:12:03.943Z"}
{"level":"info","message":"第 2 轮增强分析开始","service":"public-opinion-system","timestamp":"2026-02-13T02:12:03.944Z"}
{"level":"info","message":"运行增强Agent: sentiment","service":"public-opinion-system","timestamp":"2026-02-13T02:12:03.944Z"}
{"level":"info","message":"深度学习情感分析开始处理 0 条数据","service":"public-opinion-system","timestamp":"2026-02-13T02:12:03.944Z"}
{"level":"info","message":"深度学习情感分析完成，整体情感得分: 0.00，置信度: 0.00","service":"public-opinion-system","timestamp":"2026-02-13T02:12:03.944Z"}
{"level":"info","message":"运行增强Agent: topic","service":"public-opinion-system","timestamp":"2026-02-13T02:12:03.944Z"}
{"level":"info","message":"主题建模Agent开始处理 0 条数据","service":"public-opinion-system","timestamp":"2026-02-13T02:12:03.944Z"}
{"level":"info","message":"运行增强Agent: risk","service":"public-opinion-system","timestamp":"2026-02-13T02:12:03.944Z"}
{"level":"info","message":"神经网络风险评估Agent开始处理 0 条数据","service":"public-opinion-system","timestamp":"2026-02-13T02:12:03.944Z"}
{"level":"info","message":"神经网络风险评估完成，整体风险等级: low, 风险评分: 0.00","service":"public-opinion-system","timestamp":"2026-02-13T02:12:03.944Z"}
{"level":"info","message":"增强Agent sentiment 完成，置信度: 0.00，用时: 0ms","service":"public-opinion-system","timestamp":"2026-02-13T02:12:03.944Z"}
{"level":"info","message":"增强Agent risk 完成，置信度: 0.00，用时: 0ms","service":"public-opinion-system","timestamp":"2026-02-13T02:12:03.944Z"}
{"level":"info","message":"主题建模完成，发现 5 个主题，0 个关键词","service":"public-opinion-system","timestamp":"2026-02-13T02:12:03.944Z"}
{"level":"info","message":"增强Agent topic 完成，置信度: 0.00，用时: 0ms","service":"public-opinion-system","timestamp":"2026-02-13T02:12:03.944Z"}
{"level":"info","message":"第 2 轮增强分析完成，平均置信度: 0.00","service":"public-opinion-system","timestamp":"2026-02-13T02:12:03.944Z"}
{"level":"info","message":"第 2 轮智能数据增强","service":"public-opinion-system","timestamp":"2026-02-13T02:12:03.944Z"}
{"level":"info","message":"数据增强完成，原始 0 条 → 增强 0 条","service":"public-opinion-system","timestamp":"2026-02-13T02:12:03.944Z"}
{"level":"info","message":"第 3 轮增强分析开始","service":"public-opinion-system","timestamp":"2026-02-13T02:12:03.945Z"}
{"level":"info","message":"运行增强Agent: sentiment","service":"public-opinion-system","timestamp":"2026-02-13T02:12:03.945Z"}
{"level":"info","message":"深度学习情感分析开始处理 0 条数据","service":"public-opinion-system","timestamp":"2026-02-13T02:12:03.945Z"}
{"level":"info","message":"深度学习情感分析完成，整体情感得分: 0.00，置信度: 0.00","service":"public-opinion-system","timestamp":"2026-02-13T02:12:03.945Z"}
{"level":"info","message":"运行增强Agent: topic","service":"public-opinion-system","timestamp":"2026-02-13T02:12:03.945Z"}
{"level":"info","message":"主题建模Agent开始处理 0 条数据","service":"public-opinion-system","timestamp":"2026-02-13T02:12:03.945Z"}
{"level":"info","message":"运行增强Agent: risk","service":"public-opinion-system","timestamp":"2026-02-13T02:12:03.945Z"}
{"level":"info","message":"神经网络风险评估Agent开始处理 0 条数据","service":"public-opinion-system","timestamp":"2026-02-13T02:12:03.945Z"}
{"level":"info","message":"神经网络风险评估完成，整体风险等级: low, 风险评分: 0.00","service":"public-opinion-system","timestamp":"2026-02-13T02:12:03.945Z"}
{"level":"info","message":"增强Agent sentiment 完成，置信度: 0.00，用时: 0ms","service":"public-opinion-system","timestamp":"2026-02-13T02:12:03.945Z"}
{"level":"info","message":"增强Agent risk 完成，置信度: 0.00，用时: 0ms","service":"public-opinion-system","timestamp":"2026-02-13T02:12:03.945Z"}
{"level":"info","message":"主题建模完成，发现 5 个主题，0 个关键词","service":"public-opinion-system","timestamp":"2026-02-13T02:12:03.946Z"}
{"level":"info","message":"增强Agent topic 完成，置信度: 0.00，用时: 1ms","service":"public-opinion-system","timestamp":"2026-02-13T02:12:03.946Z"}
{"level":"info","message":"第 3 轮增强分析完成，平均置信度: 0.00","service":"public-opinion-system","timestamp":"2026-02-13T02:12:03.946Z"}
{"level":"info","message":"第 3 轮智能数据增强","service":"public-opinion-system","timestamp":"2026-02-13T02:12:03.946Z"}
{"level":"info","message":"数据增强完成，原始 0 条 → 增强 0 条","service":"public-opinion-system","timestamp":"2026-02-13T02:12:03.946Z"}
{"level":"info","message":"第 4 轮增强分析开始","service":"public-opinion-system","timestamp":"2026-02-13T02:12:03.947Z"}
{"level":"info","message":"运行增强Agent: sentiment","service":"public-opinion-system","timestamp":"2026-02-13T02:12:03.947Z"}
{"level":"info","message":"深度学习情感分析开始处理 0 条数据","service":"public-opinion-system","timestamp":"2026-02-13T02:12:03.947Z"}
{"level":"info","message":"深度学习情感分析完成，整体情感得分: 0.00，置信度: 0.00","service":"public-opinion-system","timestamp":"2026-02-13T02:12:03.947Z"}
{"level":"info","message":"运行增强Agent: topic","service":"public-opinion-system","timestamp":"2026-02-13T02:12:03.947Z"}
{"level":"info","message":"主题建模Agent开始处理 0 条数据","service":"public-opinion-system","timestamp":"2026-02-13T02:12:03.947Z"}
{"level":"info","message":"运行增强Agent: risk","service":"public-opinion-system","timestamp":"2026-02-13T02:12:03.947Z"}
{"level":"info","message":"神经网络风险评估Agent开始处理 0 条数据","service":"public-opinion-system","timestamp":"2026-02-13T02:12:03.947Z"}
{"level":"info","message":"神经网络风险评估完成，整体风险等级: low, 风险评分: 0.00","service":"public-opinion-system","timestamp":"2026-02-13T02:12:03.947Z"}
{"level":"info","message":"增强Agent sentiment 完成，置信度: 0.00，用时: 0ms","service":"public-opinion-system","timestamp":"2026-02-13T02:12:03.947Z"}
{"level":"info","message":"增强Agent risk 完成，置信度: 0.00，用时: 1ms","service":"public-opinion-system","timestamp":"2026-02-13T02:12:03.948Z"}
{"level":"info","message":"主题建模完成，发现 5 个主题，0 个关键词","service":"public-opinion-system","timestamp":"2026-02-13T02:12:03.948Z"}
{"level":"info","message":"增强Agent topic 完成，置信度: 0.00，用时: 1ms","service":"public-opinion-system","timestamp":"2026-02-13T02:12:03.948Z"}
{"level":"info","message":"第 4 轮增强分析完成，平均置信度: 0.00","service":"public-opinion-system","timestamp":"2026-02-13T02:12:03.948Z"}
{"level":"info","message":"第 4 轮智能数据增强","service":"public-opinion-system","timestamp":"2026-02-13T02:12:03.948Z"}
{"level":"info","message":"数据增强完成，原始 0 条 → 增强 0 条","service":"public-opinion-system","timestamp":"2026-02-13T02:12:03.948Z"}
{"level":"info","message":"第 5 轮增强分析开始","service":"public-opinion-system","timestamp":"2026-02-13T02:12:03.948Z"}
{"level":"info","message":"运行增强Agent: sentiment","service":"public-opinion-system","timestamp":"2026-02-13T02:12:03.948Z"}
{"level":"info","message":"深度学习情感分析开始处理 0 条数据","service":"public-opinion-system","timestamp":"2026-02-13T02:12:03.948Z"}
{"level":"info","message":"深度学习情感分析完成，整体情感得分: 0.00，置信度: 0.00","service":"public-opinion-system","timestamp":"2026-02-13T02:12:03.948Z"}
{"level":"info","message":"运行增强Agent: topic","service":"public-opinion-system","timestamp":"2026-02-13T02:12:03.948Z"}
{"level":"info","message":"主题建模Agent开始处理 0 条数据","service":"public-opinion-system","timestamp":"2026-02-13T02:12:03.948Z"}
{"level":"info","message":"运行增强Agent: risk","service":"public-opinion-system","timestamp":"2026-02-13T02:12:03.948Z"}
{"level":"info","message":"神经网络风险评估Agent开始处理 0 条数据","service":"public-opinion-system","timestamp":"2026-02-13T02:12:03.948Z"}
{"level":"info","message":"神经网络风险评估完成，整体风险等级: low, 风险评分: 0.00","service":"public-opinion-system","timestamp":"2026-02-13T02:12:03.948Z"}
{"level":"info","message":"增强Agent sentiment 完成，置信度: 0.00，用时: 0ms","service":"public-opinion-system","timestamp":"2026-02-13T02:12:03.948Z"}
{"level":"info","message":"增强Agent risk 完成，置信度: 0.00，用时: 0ms","service":"public-opinion-system","timestamp":"2026-02-13T02:12:03.948Z"}
{"level":"info","message":"主题建模完成，发现 5 个主题，0 个关键词","service":"public-opinion-system","timestamp":"2026-02-13T02:12:03.948Z"}
{"level":"info","message":"增强Agent topic 完成，置信度: 0.00，用时: 1ms","service":"public-opinion-system","timestamp":"2026-02-13T02:12:03.949Z"}
{"level":"info","message":"第 5 轮增强分析完成，平均置信度: 0.00","service":"public-opinion-system","timestamp":"2026-02-13T02:12:03.949Z"}
{"level":"info","message":"运行增强Agent: sentiment","service":"public-opinion-system","timestamp":"2026-02-13T02:12:03.949Z"}
{"level":"info","message":"深度学习情感分析开始处理 0 条数据","service":"public-opinion-system","timestamp":"2026-02-13T02:12:03.949Z"}
{"level":"info","message":"深度学习情感分析完成，整体情感得分: 0.00，置信度: 0.00","service":"public-opinion-system","timestamp":"2026-02-13T02:12:03.949Z"}
{"level":"info","message":"运行增强Agent: topic","service":"public-opinion-system","timestamp":"2026-02-13T02:12:03.949Z"}
{"level":"info","message":"主题建模Agent开始处理 0 条数据","service":"public-opinion-system","timestamp":"2026-02-13T02:12:03.949Z"}
{"level":"info","message":"运行增强Agent: risk","service":"public-opinion-system","timestamp":"2026-02-13T02:12:03.949Z"}
{"level":"info","message":"神经网络风险评估Agent开始处理 0 条数据","service":"public-opinion-system","timestamp":"2026-02-13T02:12:03.949Z"}
{"level":"info","message":"神经网络风险评估完成，整体风险等级: low, 风险评分: 0.00","service":"public-opinion-system","timestamp":"2026-02-13T02:12:03.949Z"}
{"level":"info","message":"增强Agent sentiment 完成，置信度: 0.00，用时: 0ms","service":"public-opinion-system","timestamp":"2026-02-13T02:12:03.949Z"}
{"level":"info","message":"增强Agent risk 完成，置信度: 0.00，用时: 0ms","service":"public-opinion-system","timestamp":"2026-02-13T02:12:03.949Z"}
{"level":"info","message":"主题建模完成，发现 5 个主题，0 个关键词","service":"public-opinion-system","timestamp":"2026-02-13T02:12:03.949Z"}
{"level":"info","message":"增强Agent topic 完成，置信度: 0.00，用时: 0ms","service":"public-opinion-system","timestamp":"2026-02-13T02:12:03.949Z"}
{"level":"info","message":"增强AI分析任务 analysis_1770948723940_yyge9ka0v 完成，共进行 5 轮分析","service":"public-opinion-system","timestamp":"2026-02-13T02:12:03.950Z"}
{"level":"info","message":"初始化增强AI分析引擎V2...","service":"public-opinion-system","timestamp":"2026-02-13T02:12:05.665Z"}
{"level":"info","message":"初始化Agent: DeepLearningSentimentAgent","service":"public-opinion-system","timestamp":"2026-02-13T02:12:05.668Z"}
{"level":"info","message":"加载深度学习情感分析模型...","service":"public-opinion-system","timestamp":"2026-02-13T02:12:05.669Z"}
{"level":"info","message":"深度学习模型加载完成","service":"public-opinion-system","timestamp":"2026-02-13T02:12:05.669Z"}
{"level":"info","message":"增强Agent sentiment 初始化完成","service":"public-opinion-system","timestamp":"2026-02-13T02:12:05.669Z"}
{"level":"info","message":"初始化Agent: TopicModelingAgent","service":"public-opinion-system","timestamp":"2026-02-13T02:12:05.670Z"}
{"level":"info","message":"加载主题建模模型...","service":"public-opinion-system","timestamp":"2026-02-13T02:12:05.670Z"}
{"level":"info","message":"主题建模模型加载完成","service":"public-opinion-system","timestamp":"2026-02-13T02:12:05.670Z"}
{"level":"info","message":"增强Agent topic 初始化完成","service":"public-opinion-system","timestamp":"2026-02-13T02:12:05.670Z"}
{"level":"info","message":"初始化Agent: NeuralRiskAssessmentAgent","service":"public-opinion-system","timestamp":"2026-02-13T02:12:05.670Z"}
{"level":"info","message":"加载神经网络风险评估模型...","service":"public-opinion-system","timestamp":"2026-02-13T02:12:05.674Z"}
{"level":"info","message":"神经网络风险评估模型加载完成","service":"public-opinion-system","timestamp":"2026-02-13T02:12:05.674Z"}
{"level":"info","message":"增强Agent risk 初始化完成","service":"public-opinion-system","timestamp":"2026-02-13T02:12:05.674Z"}
{"level":"info","message":"增强AI分析引擎V2初始化完成","service":"public-opinion-system","timestamp":"2026-02-13T02:12:05.674Z"}
{"level":"info","message":"启动技能管理器...","service":"public-opinion-system","timestamp":"2026-02-13T02:12:05.675Z"}
{"level":"info","message":"加载技能: DataCleaningSkill v1.0.0","service":"public-opinion-system","timestamp":"2026-02-13T02:12:05.678Z"}
{"level":"info","message":"技能管理器启动完成","service":"public-opinion-system","timestamp":"2026-02-13T02:12:05.678Z"}
{"level":"info","message":"V2真实数据收集开始，关键词: 春节, 放假, 平台: social","service":"public-opinion-system","timestamp":"2026-02-13T02:12:05.678Z"}
{"level":"info","message":"社交媒体收集开始: 春节","service":"public-opinion-system","timestamp":"2026-02-13T02:12:05.679Z"}
{"level":"info","message":"从 social 收集关键词 \"春节\" 获得 6 条真实数据","service":"public-opinion-system","timestamp":"2026-02-13T02:12:05.679Z"}
{"level":"info","message":"社交媒体收集开始: 放假","service":"public-opinion-system","timestamp":"2026-02-13T02:12:06.681Z"}
{"level":"info","message":"从 social 收集关键词 \"放假\" 获得 6 条真实数据","service":"public-opinion-system","timestamp":"2026-02-13T02:12:06.682Z"}
{"level":"info","message":"V2真实数据收集完成，共获得 12 条数据","service":"public-opinion-system","timestamp":"2026-02-13T02:12:07.682Z"}
{"level":"info","message":"开始增强AI分析任务 analysis_1770948727684_0j7hsxsed，数据量: 12，关键词: 春节, 放假","service":"public-opinion-system","timestamp":"2026-02-13T02:12:07.684Z"}
{"level":"info","message":"第 1 轮增强分析开始","service":"public-opinion-system","timestamp":"2026-02-13T02:12:07.684Z"}
{"level":"info","message":"运行增强Agent: sentiment","service":"public-opinion-system","timestamp":"2026-02-13T02:12:07.684Z"}
{"level":"info","message":"深度学习情感分析开始处理 12 条数据","service":"public-opinion-system","timestamp":"2026-02-13T02:12:07.684Z"}
{"level":"info","message":"运行增强Agent: topic","service":"public-opinion-system","timestamp":"2026-02-13T02:12:07.685Z"}
{"level":"info","message":"主题建模Agent开始处理 12 条数据","service":"public-opinion-system","timestamp":"2026-02-13T02:12:07.686Z"}
{"level":"info","message":"运行增强Agent: risk","service":"public-opinion-system","timestamp":"2026-02-13T02:12:07.687Z"}
{"level":"info","message":"神经网络风险评估Agent开始处理 12 条数据","service":"public-opinion-system","timestamp":"2026-02-13T02:12:07.687Z"}
{"level":"info","message":"主题建模完成，发现 5 个主题，14 个关键词","service":"public-opinion-system","timestamp":"2026-02-13T02:12:07.691Z"}
{"level":"info","message":"增强Agent topic 完成，置信度: 0.72，用时: 5ms","service":"public-opinion-system","timestamp":"2026-02-13T02:12:07.691Z"}
{"level":"info","message":"深度学习情感分析完成，整体情感得分: 0.00，置信度: 0.65","service":"public-opinion-system","timestamp":"2026-02-13T02:12:07.692Z"}
{"level":"info","message":"神经网络风险评估完成，整体风险等级: low, 风险评分: 0.00","service":"public-opinion-system","timestamp":"2026-02-13T02:12:07.693Z"}
{"level":"info","message":"增强Agent sentiment 完成，置信度: 0.65，用时: 9ms","service":"public-opinion-system","timestamp":"2026-02-13T02:12:07.693Z"}
{"level":"info","message":"增强Agent risk 完成，置信度: 0.67，用时: 6ms","service":"public-opinion-system","timestamp":"2026-02-13T02:12:07.693Z"}
{"level":"info","message":"第 1 轮增强分析完成，平均置信度: 0.68","service":"public-opinion-system","timestamp":"2026-02-13T02:12:07.694Z"}
{"level":"info","message":"第 1 轮智能数据增强","service":"public-opinion-system","timestamp":"2026-02-13T02:12:07.694Z"}
{"level":"info","message":"数据增强完成，原始 12 条 → 增强 12 条","service":"public-opinion-system","timestamp":"2026-02-13T02:12:07.695Z"}
{"level":"info","message":"第 2 轮增强分析开始","service":"public-opinion-system","timestamp":"2026-02-13T02:12:07.695Z"}
{"level":"info","message":"运行增强Agent: sentiment","service":"public-opinion-system","timestamp":"2026-02-13T02:12:07.695Z"}
{"level":"info","message":"深度学习情感分析开始处理 12 条数据","service":"public-opinion-system","timestamp":"2026-02-13T02:12:07.695Z"}
{"level":"info","message":"运行增强Agent: topic","service":"public-opinion-system","timestamp":"2026-02-13T02:12:07.695Z"}
{"level":"info","message":"主题建模Agent开始处理 12 条数据","service":"public-opinion-system","timestamp":"2026-02-13T02:12:07.695Z"}
{"level":"info","message":"运行增强Agent: risk","service":"public-opinion-system","timestamp":"2026-02-13T02:12:07.696Z"}
{"level":"info","message":"神经网络风险评估Agent开始处理 12 条数据","service":"public-opinion-system","timestamp":"2026-02-13T02:12:07.696Z"}
{"level":"info","message":"主题建模完成，发现 5 个主题，14 个关键词","service":"public-opinion-system","timestamp":"2026-02-13T02:12:07.697Z"}
{"level":"info","message":"增强Agent topic 完成，置信度: 0.72，用时: 2ms","service":"public-opinion-system","timestamp":"2026-02-13T02:12:07.697Z"}
{"level":"info","message":"深度学习情感分析完成，整体情感得分: 0.00，置信度: 0.65","service":"public-opinion-system","timestamp":"2026-02-13T02:12:07.697Z"}
{"level":"info","message":"神经网络风险评估完成，整体风险等级: low, 风险评分: 0.00","service":"public-opinion-system","timestamp":"2026-02-13T02:12:07.697Z"}
{"level":"info","message":"增强Agent sentiment 完成，置信度: 0.65，用时: 3ms","service":"public-opinion-system","timestamp":"2026-02-13T02:12:07.698Z"}
{"level":"info","message":"增强Agent risk 完成，置信度: 0.67，用时: 2ms","service":"public-opinion-system","timestamp":"2026-02-13T02:12:07.698Z"}
{"level":"info","message":"第 2 轮增强分析完成，平均置信度: 0.68","service":"public-opinion-system","timestamp":"2026-02-13T02:12:07.698Z"}
{"level":"info","message":"第 2 轮智能数据增强","service":"public-opinion-system","timestamp":"2026-02-13T02:12:07.698Z"}
{"level":"info","message":"数据增强完成，原始 12 条 → 增强 12 条","service":"public-opinion-system","timestamp":"2026-02-13T02:12:07.698Z"}
{"level":"info","message":"第 3 轮增强分析开始","service":"public-opinion-system","timestamp":"2026-02-13T02:12:07.698Z"}
{"level":"info","message":"运行增强Agent: sentiment","service":"public-opinion-system","timestamp":"2026-02-13T02:12:07.698Z"}
{"level":"info","message":"深度学习情感分析开始处理 12 条数据","service":"public-opinion-system","timestamp":"2026-02-13T02:12:07.698Z"}
{"level":"info","message":"运行增强Agent: topic","service":"public-opinion-system","timestamp":"2026-02-13T02:12:07.698Z"}
{"level":"info","message":"主题建模Agent开始处理 12 条数据","service":"public-opinion-system","timestamp":"2026-02-13T02:12:07.698Z"}
{"level":"info","message":"运行增强Agent: risk","service":"public-opinion-system","timestamp":"2026-02-13T02:12:07.699Z"}
{"level":"info","message":"神经网络风险评估Agent开始处理 12 条数据","service":"public-opinion-system","timestamp":"2026-02-13T02:12:07.699Z"}
{"level":"info","message":"主题建模完成，发现 5 个主题，14 个关键词","service":"public-opinion-system","timestamp":"2026-02-13T02:12:07.699Z"}
{"level":"info","message":"增强Agent topic 完成，置信度: 0.72，用时: 2ms","service":"public-opinion-system","timestamp":"2026-02-13T02:12:07.700Z"}
{"level":"info","message":"深度学习情感分析完成，整体情感得分: 0.00，置信度: 0.65","service":"public-opinion-system","timestamp":"2026-02-13T02:12:07.700Z"}
{"level":"info","message":"神经网络风险评估完成，整体风险等级: low, 风险评分: 0.00","service":"public-opinion-system","timestamp":"2026-02-13T02:12:07.700Z"}
{"level":"info","message":"增强Agent sentiment 完成，置信度: 0.65，用时: 2ms","service":"public-opinion-system","timestamp":"2026-02-13T02:12:07.700Z"}
{"level":"info","message":"增强Agent risk 完成，置信度: 0.67，用时: 1ms","service":"public-opinion-system","timestamp":"2026-02-13T02:12:07.700Z"}
{"level":"info","message":"第 3 轮增强分析完成，平均置信度: 0.68","service":"public-opinion-system","timestamp":"2026-02-13T02:12:07.700Z"}
{"level":"info","message":"第 3 轮智能数据增强","service":"public-opinion-system","timestamp":"2026-02-13T02:12:07.700Z"}
{"level":"info","message":"数据增强完成，原始 12 条 → 增强 12 条","service":"public-opinion-system","timestamp":"2026-02-13T02:12:07.701Z"}
{"level":"info","message":"第 4 轮增强分析开始","service":"public-opinion-system","timestamp":"2026-02-13T02:12:07.701Z"}
{"level":"info","message":"运行增强Agent: sentiment","service":"public-opinion-system","timestamp":"2026-02-13T02:12:07.701Z"}
{"level":"info","message":"深度学习情感分析开始处理 12 条数据","service":"public-opinion-system","timestamp":"2026-02-13T02:12:07.701Z"}
{"level":"info","message":"运行增强Agent: topic","service":"public-opinion-system","timestamp":"2026-02-13T02:12:07.701Z"}
{"level":"info","message":"主题建模Agent开始处理 12 条数据","service":"public-opinion-system","timestamp":"2026-02-13T02:12:07.701Z"}
{"level":"info","message":"运行增强Agent: risk","service":"public-opinion-system","timestamp":"2026-02-13T02:12:07.701Z"}
{"level":"info","message":"神经网络风险评估Agent开始处理 12 条数据","service":"public-opinion-system","timestamp":"2026-02-13T02:12:07.701Z"}
{"level":"info","message":"主题建模完成，发现 5 个主题，14 个关键词","service":"public-opinion-system","timestamp":"2026-02-13T02:12:07.702Z"}
{"level":"info","message":"增强Agent topic 完成，置信度: 0.72，用时: 1ms","service":"public-opinion-system","timestamp":"2026-02-13T02:12:07.702Z"}
{"level":"info","message":"深度学习情感分析完成，整体情感得分: 0.00，置信度: 0.65","service":"public-opinion-system","timestamp":"2026-02-13T02:12:07.702Z"}
{"level":"info","message":"神经网络风险评估完成，整体风险等级: low, 风险评分: 0.00","service":"public-opinion-system","timestamp":"2026-02-13T02:12:07.702Z"}
{"level":"info","message":"增强Agent sentiment 完成，置信度: 0.65，用时: 1ms","service":"public-opinion-system","timestamp":"2026-02-13T02:12:07.702Z"}
{"level":"info","message":"增强Agent risk 完成，置信度: 0.67，用时: 2ms","service":"public-opinion-system","timestamp":"2026-02-13T02:12:07.703Z"}
{"level":"info","message":"第 4 轮增强分析完成，平均置信度: 0.68","service":"public-opinion-system","timestamp":"2026-02-13T02:12:07.703Z"}
{"level":"info","message":"第 4 轮智能数据增强","service":"public-opinion-system","timestamp":"2026-02-13T02:12:07.703Z"}
{"level":"info","message":"数据增强完成，原始 12 条 → 增强 12 条","service":"public-opinion-system","timestamp":"2026-02-13T02:12:07.703Z"}
{"level":"info","message":"第 5 轮增强分析开始","service":"public-opinion-system","timestamp":"2026-02-13T02:12:07.703Z"}
{"level":"info","message":"运行增强Agent: sentiment","service":"public-opinion-system","timestamp":"2026-02-13T02:12:07.703Z"}
{"level":"info","message":"深度学习情感分析开始处理 12 条数据","service":"public-opinion-system","timestamp":"2026-02-13T02:12:07.703Z"}
{"level":"info","message":"运行增强Agent: topic","service":"public-opinion-system","timestamp":"2026-02-13T02:12:07.703Z"}
{"level":"info","message":"主题建模Agent开始处理 12 条数据","service":"public-opinion-system","timestamp":"2026-02-13T02:12:07.703Z"}
{"level":"info","message":"运行增强Agent: risk","service":"public-opinion-system","timestamp":"2026-02-13T02:12:07.703Z"}
{"level":"info","message":"神经网络风险评估Agent开始处理 12 条数据","service":"public-opinion-system","timestamp":"2026-02-13T02:12:07.703Z"}
{"level":"info","message":"主题建模完成，发现 5 个主题，14 个关键词","service":"public-opinion-system","timestamp":"2026-02-13T02:12:07.704Z"}
{"level":"info","message":"增强Agent topic 完成，置信度: 0.72，用时: 1ms","service":"public-opinion-system","timestamp":"2026-02-13T02:12:07.704Z"}
{"level":"info","message":"深度学习情感分析完成，整体情感得分: 0.00，置信度: 0.65","service":"public-opinion-system","timestamp":"2026-02-13T02:12:07.704Z"}
{"level":"info","message":"神经网络风险评估完成，整体风险等级: low, 风险评分: 0.00","service":"public-opinion-system","timestamp":"2026-02-13T02:12:07.704Z"}
{"level":"info","message":"增强Agent sentiment 完成，置信度: 0.65，用时: 1ms","service":"public-opinion-system","timestamp":"2026-02-13T02:12:07.704Z"}
{"level":"info","message":"增强Agent risk 完成，置信度: 0.67，用时: 1ms","service":"public-opinion-system","timestamp":"2026-02-13T02:12:07.704Z"}
{"level":"info","message":"第 5 轮增强分析完成，平均置信度: 0.68","service":"public-opinion-system","timestamp":"2026-02-13T02:12:07.704Z"}
{"level":"info","message":"增强AI分析任务 analysis_1770948727684_0j7hsxsed 完成，共进行 5 轮分析","service":"public-opinion-system","timestamp":"2026-02-13T02:12:07.705Z"}
{"level":"warn","message":"NewsAPI获取失败: timeout of 10000ms exceeded","service":"public-opinion-system","timestamp":"2026-02-13T02:12:09.080Z"}
{"level":"info","message":"初始化增强AI分析引擎V2...","service":"public-opinion-system","timestamp":"2026-02-13T02:12:09.407Z"}
{"level":"info","message":"初始化Agent: DeepLearningSentimentAgent","service":"public-opinion-system","timestamp":"2026-02-13T02:12:09.410Z"}
{"level":"info","message":"加载深度学习情感分析模型...","service":"public-opinion-system","timestamp":"2026-02-13T02:12:09.411Z"}
{"level":"info","message":"深度学习模型加载完成","service":"public-opinion-system","timestamp":"2026-02-13T02:12:09.411Z"}
{"level":"info","message":"增强Agent sentiment 初始化完成","service":"public-opinion-system","timestamp":"2026-02-13T02:12:09.412Z"}
{"level":"info","message":"初始化Agent: TopicModelingAgent","service":"public-opinion-system","timestamp":"2026-02-13T02:12:09.412Z"}
{"level":"info","message":"加载主题建模模型...","service":"public-opinion-system","timestamp":"2026-02-13T02:12:09.412Z"}
{"level":"info","message":"主题建模模型加载完成","service":"public-opinion-system","timestamp":"2026-02-13T02:12:09.412Z"}
{"level":"info","message":"增强Agent topic 初始化完成","service":"public-opinion-system","timestamp":"2026-02-13T02:12:09.412Z"}
{"level":"info","message":"初始化Agent: NeuralRiskAssessmentAgent","service":"public-opinion-system","timestamp":"2026-02-13T02:12:09.412Z"}
{"level":"info","message":"加载神经网络风险评估模型...","service":"public-opinion-system","timestamp":"2026-02-13T02:12:09.413Z"}
{"level":"info","message":"神经网络风险评估模型加载完成","service":"public-opinion-system","timestamp":"2026-02-13T02:12:09.413Z"}
{"level":"info","message":"增强Agent risk 初始化完成","service":"public-opinion-system","timestamp":"2026-02-13T02:12:09.413Z"}
{"level":"info","message":"增强AI分析引擎V2初始化完成","service":"public-opinion-system","timestamp":"2026-02-13T02:12:09.413Z"}
{"level":"info","message":"启动技能管理器...","service":"public-opinion-system","timestamp":"2026-02-13T02:12:09.413Z"}
{"level":"info","message":"加载技能: DataCleaningSkill v1.0.0","service":"public-opinion-system","timestamp":"2026-02-13T02:12:09.419Z"}
{"level":"info","message":"技能管理器启动完成","service":"public-opinion-system","timestamp":"2026-02-13T02:12:09.419Z"}
{"level":"info","message":"V2真实数据收集开始，关键词: 科技发展, 创新, 平台: news, weibo","service":"public-opinion-system","timestamp":"2026-02-13T02:12:09.420Z"}
{"level":"info","message":"新闻API开始收集: 科技发展","service":"public-opinion-system","timestamp":"2026-02-13T02:12:09.420Z"}
{"level":"warn","message":"GNews API获取失败: Request failed with status code 400","service":"public-opinion-system","timestamp":"2026-02-13T02:12:09.814Z"}
{"level":"info","message":"备用API成功获取 0 条数据","service":"public-opinion-system","timestamp":"2026-02-13T02:12:09.815Z"}
{"level":"info","message":"从 news 收集关键词 \"人工智能\" 获得 0 条真实数据","service":"public-opinion-system","timestamp":"2026-02-13T02:12:09.815Z"}
{"level":"info","message":"V2真实数据收集完成，共获得 0 条数据","service":"public-opinion-system","timestamp":"2026-02-13T02:12:10.816Z"}
{"level":"warn","message":"NewsAPI获取失败: timeout of 10000ms exceeded","service":"public-opinion-system","timestamp":"2026-02-13T02:12:19.458Z"}
{"level":"warn","message":"GNews API获取失败: Request failed with status code 400","service":"public-opinion-system","timestamp":"2026-02-13T02:12:20.143Z"}
{"level":"info","message":"备用API成功获取 0 条数据","service":"public-opinion-system","timestamp":"2026-02-13T02:12:20.143Z"}
{"level":"info","message":"从 news 收集关键词 \"科技发展\" 获得 0 条真实数据","service":"public-opinion-system","timestamp":"2026-02-13T02:12:20.143Z"}
{"level":"info","message":"新闻API开始收集: 创新","service":"public-opinion-system","timestamp":"2026-02-13T02:12:21.156Z"}
{"level":"warn","message":"NewsAPI获取失败: timeout of 10000ms exceeded","service":"public-opinion-system","timestamp":"2026-02-13T02:12:31.172Z"}
{"level":"warn","message":"GNews API获取失败: Request failed with status code 400","service":"public-opinion-system","timestamp":"2026-02-13T02:12:31.851Z"}
{"level":"info","message":"备用API成功获取 0 条数据","service":"public-opinion-system","timestamp":"2026-02-13T02:12:31.851Z"}
{"level":"info","message":"从 news 收集关键词 \"创新\" 获得 0 条真实数据","service":"public-opinion-system","timestamp":"2026-02-13T02:12:31.851Z"}
{"level":"warn","message":"不支持的数据源: weibo","service":"public-opinion-system","timestamp":"2026-02-13T02:12:32.856Z"}
{"level":"info","message":"V2真实数据收集完成，共获得 0 条数据","service":"public-opinion-system","timestamp":"2026-02-13T02:12:32.857Z"}
{"level":"info","message":"初始化增强AI分析引擎V2...","service":"public-opinion-system","timestamp":"2026-02-13T02:12:34.558Z"}
{"level":"info","message":"初始化Agent: DeepLearningSentimentAgent","service":"public-opinion-system","timestamp":"2026-02-13T02:12:34.561Z"}
{"level":"info","message":"加载深度学习情感分析模型...","service":"public-opinion-system","timestamp":"2026-02-13T02:12:34.562Z"}
{"level":"info","message":"深度学习模型加载完成","service":"public-opinion-system","timestamp":"2026-02-13T02:12:34.562Z"}
{"level":"info","message":"增强Agent sentiment 初始化完成","service":"public-opinion-system","timestamp":"2026-02-13T02:12:34.562Z"}
{"level":"info","message":"初始化Agent: TopicModelingAgent","service":"public-opinion-system","timestamp":"2026-02-13T02:12:34.563Z"}
{"level":"info","message":"加载主题建模模型...","service":"public-opinion-system","timestamp":"2026-02-13T02:12:34.563Z"}
{"level":"info","message":"主题建模模型加载完成","service":"public-opinion-system","timestamp":"2026-02-13T02:12:34.563Z"}
{"level":"info","message":"增强Agent topic 初始化完成","service":"public-opinion-system","timestamp":"2026-02-13T02:12:34.563Z"}
{"level":"info","message":"初始化Agent: NeuralRiskAssessmentAgent","service":"public-opinion-system","timestamp":"2026-02-13T02:12:34.563Z"}
{"level":"info","message":"加载神经网络风险评估模型...","service":"public-opinion-system","timestamp":"2026-02-13T02:12:34.563Z"}
{"level":"info","message":"神经网络风险评估模型加载完成","service":"public-opinion-system","timestamp":"2026-02-13T02:12:34.566Z"}
{"level":"info","message":"增强Agent risk 初始化完成","service":"public-opinion-system","timestamp":"2026-02-13T02:12:34.566Z"}
{"level":"info","message":"增强AI分析引擎V2初始化完成","service":"public-opinion-system","timestamp":"2026-02-13T02:12:34.566Z"}
{"level":"info","message":"启动技能管理器...","service":"public-opinion-system","timestamp":"2026-02-13T02:12:34.567Z"}
{"level":"info","message":"加载技能: DataCleaningSkill v1.0.0","service":"public-opinion-system","timestamp":"2026-02-13T02:12:34.570Z"}
{"level":"info","message":"技能管理器启动完成","service":"public-opinion-system","timestamp":"2026-02-13T02:12:34.570Z"}
{"context":{"source":"unhandled_rejection"},"error":{"code":"UNKNOWN_ERROR","message":"Unhandled Promise Rejection: TypeError: Cannot read properties of null (reading 'error')","severity":"medium"},"level":"warn","message":"中级错误:","service":"public-opinion-system","timestamp":"2026-02-13T02:12:34.571Z"}
{"level":"info","message":"错误类型 undefined 不可恢复","service":"public-opinion-system","timestamp":"2026-02-13T02:12:34.571Z"}
{"level":"info","message":"初始化增强AI分析引擎V2...","service":"public-opinion-system","timestamp":"2026-02-13T02:12:36.280Z"}
{"level":"info","message":"初始化Agent: DeepLearningSentimentAgent","service":"public-opinion-system","timestamp":"2026-02-13T02:12:36.282Z"}
{"level":"info","message":"加载深度学习情感分析模型...","service":"public-opinion-system","timestamp":"2026-02-13T02:12:36.283Z"}
{"level":"info","message":"深度学习模型加载完成","service":"public-opinion-system","timestamp":"2026-02-13T02:12:36.284Z"}
{"level":"info","message":"增强Agent sentiment 初始化完成","service":"public-opinion-system","timestamp":"2026-02-13T02:12:36.284Z"}
{"level":"info","message":"初始化Agent: TopicModelingAgent","service":"public-opinion-system","timestamp":"2026-02-13T02:12:36.284Z"}
{"level":"info","message":"加载主题建模模型...","service":"public-opinion-system","timestamp":"2026-02-13T02:12:36.284Z"}
{"level":"info","message":"主题建模模型加载完成","service":"public-opinion-system","timestamp":"2026-02-13T02:12:36.284Z"}
{"level":"info","message":"增强Agent topic 初始化完成","service":"public-opinion-system","timestamp":"2026-02-13T02:12:36.284Z"}
{"level":"info","message":"初始化Agent: NeuralRiskAssessmentAgent","service":"public-opinion-system","timestamp":"2026-02-13T02:12:36.285Z"}
{"level":"info","message":"加载神经网络风险评估模型...","service":"public-opinion-system","timestamp":"2026-02-13T02:12:36.287Z"}
{"level":"info","message":"神经网络风险评估模型加载完成","service":"public-opinion-system","timestamp":"2026-02-13T02:12:36.288Z"}
{"level":"info","message":"增强Agent risk 初始化完成","service":"public-opinion-system","timestamp":"2026-02-13T02:12:36.288Z"}
{"level":"info","message":"增强AI分析引擎V2初始化完成","service":"public-opinion-system","timestamp":"2026-02-13T02:12:36.288Z"}
{"level":"info","message":"启动技能管理器...","service":"public-opinion-system","timestamp":"2026-02-13T02:12:36.288Z"}
{"level":"info","message":"加载技能: DataCleaningSkill v1.0.0","service":"public-opinion-system","timestamp":"2026-02-13T02:12:36.292Z"}
{"level":"info","message":"技能管理器启动完成","service":"public-opinion-system","timestamp":"2026-02-13T02:12:36.292Z"}
{"level":"info","message":"V2真实数据收集开始，关键词: 疫情, 疫苗, 防控, 健康, 平台: news, social","service":"public-opinion-system","timestamp":"2026-02-13T02:12:36.293Z"}
{"level":"info","message":"新闻API开始收集: 疫情","service":"public-opinion-system","timestamp":"2026-02-13T02:12:36.293Z"}
{"level":"warn","message":"NewsAPI获取失败: timeout of 10000ms exceeded","service":"public-opinion-system","timestamp":"2026-02-13T02:12:46.326Z"}
{"level":"warn","message":"GNews API获取失败: Request failed with status code 400","service":"public-opinion-system","timestamp":"2026-02-13T02:12:47.006Z"}
{"level":"info","message":"备用API成功获取 0 条数据","service":"public-opinion-system","timestamp":"2026-02-13T02:12:47.007Z"}
{"level":"info","message":"从 news 收集关键词 \"疫情\" 获得 0 条真实数据","service":"public-opinion-system","timestamp":"2026-02-13T02:12:47.007Z"}
{"level":"info","message":"新闻API开始收集: 疫苗","service":"public-opinion-system","timestamp":"2026-02-13T02:12:48.007Z"}
{"level":"warn","message":"NewsAPI获取失败: timeout of 10000ms exceeded","service":"public-opinion-system","timestamp":"2026-02-13T02:12:58.024Z"}
{"level":"warn","message":"GNews API获取失败: Request failed with status code 400","service":"public-opinion-system","timestamp":"2026-02-13T02:12:58.706Z"}
{"level":"info","message":"备用API成功获取 0 条数据","service":"public-opinion-system","timestamp":"2026-02-13T02:12:58.706Z"}
{"level":"info","message":"从 news 收集关键词 \"疫苗\" 获得 0 条真实数据","service":"public-opinion-system","timestamp":"2026-02-13T02:12:58.706Z"}
{"level":"info","message":"新闻API开始收集: 防控","service":"public-opinion-system","timestamp":"2026-02-13T02:12:59.707Z"}
{"level":"warn","message":"NewsAPI获取失败: timeout of 10000ms exceeded","service":"public-opinion-system","timestamp":"2026-02-13T02:13:09.726Z"}
{"level":"warn","message":"GNews API获取失败: Request failed with status code 400","service":"public-opinion-system","timestamp":"2026-02-13T02:13:10.446Z"}
{"level":"info","message":"备用API成功获取 0 条数据","service":"public-opinion-system","timestamp":"2026-02-13T02:13:10.446Z"}
{"level":"info","message":"从 news 收集关键词 \"防控\" 获得 0 条真实数据","service":"public-opinion-system","timestamp":"2026-02-13T02:13:10.446Z"}
{"level":"info","message":"新闻API开始收集: 健康","service":"public-opinion-system","timestamp":"2026-02-13T02:13:11.459Z"}
{"level":"warn","message":"NewsAPI获取失败: timeout of 10000ms exceeded","service":"public-opinion-system","timestamp":"2026-02-13T02:13:21.462Z"}
{"level":"warn","message":"GNews API获取失败: Request failed with status code 400","service":"public-opinion-system","timestamp":"2026-02-13T02:13:22.140Z"}
{"level":"info","message":"备用API成功获取 0 条数据","service":"public-opinion-system","timestamp":"2026-02-13T02:13:22.141Z"}
{"level":"info","message":"从 news 收集关键词 \"健康\" 获得 0 条真实数据","service":"public-opinion-system","timestamp":"2026-02-13T02:13:22.141Z"}
{"level":"info","message":"社交媒体收集开始: 疫情","service":"public-opinion-system","timestamp":"2026-02-13T02:13:23.141Z"}
{"level":"info","message":"从 social 收集关键词 \"疫情\" 获得 4 条真实数据","service":"public-opinion-system","timestamp":"2026-02-13T02:13:23.141Z"}
{"level":"info","message":"社交媒体收集开始: 疫苗","service":"public-opinion-system","timestamp":"2026-02-13T02:13:24.142Z"}
{"level":"info","message":"从 social 收集关键词 \"疫苗\" 获得 4 条真实数据","service":"public-opinion-system","timestamp":"2026-02-13T02:13:24.143Z"}
{"level":"info","message":"社交媒体收集开始: 防控","service":"public-opinion-system","timestamp":"2026-02-13T02:13:25.157Z"}
{"level":"info","message":"从 social 收集关键词 \"防控\" 获得 4 条真实数据","service":"public-opinion-system","timestamp":"2026-02-13T02:13:25.158Z"}
{"level":"info","message":"社交媒体收集开始: 健康","service":"public-opinion-system","timestamp":"2026-02-13T02:13:26.158Z"}
{"level":"info","message":"从 social 收集关键词 \"健康\" 获得 4 条真实数据","service":"public-opinion-system","timestamp":"2026-02-13T02:13:26.159Z"}
{"level":"info","message":"V2真实数据收集完成，共获得 16 条数据","service":"public-opinion-system","timestamp":"2026-02-13T02:13:27.159Z"}
{"level":"info","message":"开始增强AI分析任务 analysis_1770948807160_n2e1lmsam，数据量: 16，关键词: 疫情, 疫苗, 防控, 健康","service":"public-opinion-system","timestamp":"2026-02-13T02:13:27.160Z"}
{"level":"info","message":"第 1 轮增强分析开始","service":"public-opinion-system","timestamp":"2026-02-13T02:13:27.160Z"}
{"level":"info","message":"运行增强Agent: sentiment","service":"public-opinion-system","timestamp":"2026-02-13T02:13:27.161Z"}
{"level":"info","message":"深度学习情感分析开始处理 16 条数据","service":"public-opinion-system","timestamp":"2026-02-13T02:13:27.162Z"}
{"level":"info","message":"运行增强Agent: topic","service":"public-opinion-system","timestamp":"2026-02-13T02:13:27.163Z"}
{"level":"info","message":"主题建模Agent开始处理 16 条数据","service":"public-opinion-system","timestamp":"2026-02-13T02:13:27.163Z"}
{"level":"info","message":"运行增强Agent: risk","service":"public-opinion-system","timestamp":"2026-02-13T02:13:27.164Z"}
{"level":"info","message":"神经网络风险评估Agent开始处理 16 条数据","service":"public-opinion-system","timestamp":"2026-02-13T02:13:27.164Z"}
{"level":"info","message":"主题建模完成，发现 5 个主题，17 个关键词","service":"public-opinion-system","timestamp":"2026-02-13T02:13:27.168Z"}
{"level":"info","message":"增强Agent topic 完成，置信度: 0.78，用时: 5ms","service":"public-opinion-system","timestamp":"2026-02-13T02:13:27.168Z"}
{"level":"info","message":"深度学习情感分析完成，整体情感得分: 0.00，置信度: 0.65","service":"public-opinion-system","timestamp":"2026-02-13T02:13:27.169Z"}
{"level":"info","message":"神经网络风险评估完成，整体风险等级: low, 风险评分: 0.00","service":"public-opinion-system","timestamp":"2026-02-13T02:13:27.170Z"}
{"level":"info","message":"增强Agent sentiment 完成，置信度: 0.65，用时: 9ms","service":"public-opinion-system","timestamp":"2026-02-13T02:13:27.170Z"}
{"level":"info","message":"增强Agent risk 完成，置信度: 0.67，用时: 6ms","service":"public-opinion-system","timestamp":"2026-02-13T02:13:27.170Z"}
{"level":"info","message":"第 1 轮增强分析完成，平均置信度: 0.70","service":"public-opinion-system","timestamp":"2026-02-13T02:13:27.171Z"}
{"level":"info","message":"第 1 轮智能数据增强","service":"public-opinion-system","timestamp":"2026-02-13T02:13:27.171Z"}
{"level":"info","message":"数据增强完成，原始 16 条 → 增强 16 条","service":"public-opinion-system","timestamp":"2026-02-13T02:13:27.171Z"}
{"level":"info","message":"第 2 轮增强分析开始","service":"public-opinion-system","timestamp":"2026-02-13T02:13:27.171Z"}
{"level":"info","message":"运行增强Agent: sentiment","service":"public-opinion-system","timestamp":"2026-02-13T02:13:27.171Z"}
{"level":"info","message":"深度学习情感分析开始处理 16 条数据","service":"public-opinion-system","timestamp":"2026-02-13T02:13:27.171Z"}
{"level":"info","message":"运行增强Agent: topic","service":"public-opinion-system","timestamp":"2026-02-13T02:13:27.172Z"}
{"level":"info","message":"主题建模Agent开始处理 16 条数据","service":"public-opinion-system","timestamp":"2026-02-13T02:13:27.172Z"}
{"level":"info","message":"运行增强Agent: risk","service":"public-opinion-system","timestamp":"2026-02-13T02:13:27.172Z"}
{"level":"info","message":"神经网络风险评估Agent开始处理 16 条数据","service":"public-opinion-system","timestamp":"2026-02-13T02:13:27.172Z"}
{"level":"info","message":"主题建模完成，发现 5 个主题，17 个关键词","service":"public-opinion-system","timestamp":"2026-02-13T02:13:27.173Z"}
{"level":"info","message":"增强Agent topic 完成，置信度: 0.78，用时: 1ms","service":"public-opinion-system","timestamp":"2026-02-13T02:13:27.173Z"}
{"level":"info","message":"深度学习情感分析完成，整体情感得分: 0.00，置信度: 0.65","service":"public-opinion-system","timestamp":"2026-02-13T02:13:27.174Z"}
{"level":"info","message":"神经网络风险评估完成，整体风险等级: low, 风险评分: 0.00","service":"public-opinion-system","timestamp":"2026-02-13T02:13:27.174Z"}
{"level":"info","message":"增强Agent sentiment 完成，置信度: 0.65，用时: 3ms","service":"public-opinion-system","timestamp":"2026-02-13T02:13:27.174Z"}
{"level":"info","message":"增强Agent risk 完成，置信度: 0.67，用时: 2ms","service":"public-opinion-system","timestamp":"2026-02-13T02:13:27.174Z"}
{"level":"info","message":"第 2 轮增强分析完成，平均置信度: 0.70","service":"public-opinion-system","timestamp":"2026-02-13T02:13:27.174Z"}
{"level":"info","message":"第 2 轮智能数据增强","service":"public-opinion-system","timestamp":"2026-02-13T02:13:27.174Z"}
{"level":"info","message":"数据增强完成，原始 16 条 → 增强 16 条","service":"public-opinion-system","timestamp":"2026-02-13T02:13:27.174Z"}
{"level":"info","message":"第 3 轮增强分析开始","service":"public-opinion-system","timestamp":"2026-02-13T02:13:27.174Z"}
{"level":"info","message":"运行增强Agent: sentiment","service":"public-opinion-system","timestamp":"2026-02-13T02:13:27.174Z"}
{"level":"info","message":"深度学习情感分析开始处理 16 条数据","service":"public-opinion-system","timestamp":"2026-02-13T02:13:27.175Z"}
{"level":"info","message":"运行增强Agent: topic","service":"public-opinion-system","timestamp":"2026-02-13T02:13:27.175Z"}
{"level":"info","message":"主题建模Agent开始处理 16 条数据","service":"public-opinion-system","timestamp":"2026-02-13T02:13:27.175Z"}
{"level":"info","message":"运行增强Agent: risk","service":"public-opinion-system","timestamp":"2026-02-13T02:13:27.175Z"}
{"level":"info","message":"神经网络风险评估Agent开始处理 16 条数据","service":"public-opinion-system","timestamp":"2026-02-13T02:13:27.175Z"}
{"level":"info","message":"主题建模完成，发现 5 个主题，17 个关键词","service":"public-opinion-system","timestamp":"2026-02-13T02:13:27.176Z"}
{"level":"info","message":"增强Agent topic 完成，置信度: 0.78，用时: 1ms","service":"public-opinion-system","timestamp":"2026-02-13T02:13:27.176Z"}
{"level":"info","message":"深度学习情感分析完成，整体情感得分: 0.00，置信度: 0.65","service":"public-opinion-system","timestamp":"2026-02-13T02:13:27.178Z"}
{"level":"info","message":"神经网络风险评估完成，整体风险等级: low, 风险评分: 0.00","service":"public-opinion-system","timestamp":"2026-02-13T02:13:27.178Z"}
{"level":"info","message":"增强Agent sentiment 完成，置信度: 0.65，用时: 3ms","service":"public-opinion-system","timestamp":"2026-02-13T02:13:27.178Z"}
{"level":"info","message":"增强Agent risk 完成，置信度: 0.67，用时: 3ms","service":"public-opinion-system","timestamp":"2026-02-13T02:13:27.178Z"}
{"level":"info","message":"第 3 轮增强分析完成，平均置信度: 0.70","service":"public-opinion-system","timestamp":"2026-02-13T02:13:27.178Z"}
{"level":"info","message":"第 3 轮智能数据增强","service":"public-opinion-system","timestamp":"2026-02-13T02:13:27.178Z"}
{"level":"info","message":"数据增强完成，原始 16 条 → 增强 16 条","service":"public-opinion-system","timestamp":"2026-02-13T02:13:27.179Z"}
{"level":"info","message":"第 4 轮增强分析开始","service":"public-opinion-system","timestamp":"2026-02-13T02:13:27.179Z"}
{"level":"info","message":"运行增强Agent: sentiment","service":"public-opinion-system","timestamp":"2026-02-13T02:13:27.179Z"}
{"level":"info","message":"深度学习情感分析开始处理 16 条数据","service":"public-opinion-system","timestamp":"2026-02-13T02:13:27.179Z"}
{"level":"info","message":"运行增强Agent: topic","service":"public-opinion-system","timestamp":"2026-02-13T02:13:27.179Z"}
{"level":"info","message":"主题建模Agent开始处理 16 条数据","service":"public-opinion-system","timestamp":"2026-02-13T02:13:27.179Z"}
{"level":"info","message":"运行增强Agent: risk","service":"public-opinion-system","timestamp":"2026-02-13T02:13:27.179Z"}
{"level":"info","message":"神经网络风险评估Agent开始处理 16 条数据","service":"public-opinion-system","timestamp":"2026-02-13T02:13:27.179Z"}
{"level":"info","message":"主题建模完成，发现 5 个主题，17 个关键词","service":"public-opinion-system","timestamp":"2026-02-13T02:13:27.180Z"}
{"level":"info","message":"增强Agent topic 完成，置信度: 0.78，用时: 1ms","service":"public-opinion-system","timestamp":"2026-02-13T02:13:27.180Z"}
{"level":"info","message":"深度学习情感分析完成，整体情感得分: 0.00，置信度: 0.65","service":"public-opinion-system","timestamp":"2026-02-13T02:13:27.181Z"}
{"level":"info","message":"神经网络风险评估完成，整体风险等级: low, 风险评分: 0.00","service":"public-opinion-system","timestamp":"2026-02-13T02:13:27.181Z"}
{"level":"info","message":"增强Agent sentiment 完成，置信度: 0.65，用时: 2ms","service":"public-opinion-system","timestamp":"2026-02-13T02:13:27.181Z"}
{"level":"info","message":"增强Agent risk 完成，置信度: 0.67，用时: 2ms","service":"public-opinion-system","timestamp":"2026-02-13T02:13:27.181Z"}
{"level":"info","message":"第 4 轮增强分析完成，平均置信度: 0.70","service":"public-opinion-system","timestamp":"2026-02-13T02:13:27.181Z"}
{"level":"info","message":"第 4 轮智能数据增强","service":"public-opinion-system","timestamp":"2026-02-13T02:13:27.182Z"}
{"level":"info","message":"数据增强完成，原始 16 条 → 增强 16 条","service":"public-opinion-system","timestamp":"2026-02-13T02:13:27.182Z"}
{"level":"info","message":"第 5 轮增强分析开始","service":"public-opinion-system","timestamp":"2026-02-13T02:13:27.182Z"}
{"level":"info","message":"运行增强Agent: sentiment","service":"public-opinion-system","timestamp":"2026-02-13T02:13:27.182Z"}
{"level":"info","message":"深度学习情感分析开始处理 16 条数据","service":"public-opinion-system","timestamp":"2026-02-13T02:13:27.182Z"}
{"level":"info","message":"运行增强Agent: topic","service":"public-opinion-system","timestamp":"2026-02-13T02:13:27.182Z"}
{"level":"info","message":"主题建模Agent开始处理 16 条数据","service":"public-opinion-system","timestamp":"2026-02-13T02:13:27.182Z"}
{"level":"info","message":"运行增强Agent: risk","service":"public-opinion-system","timestamp":"2026-02-13T02:13:27.182Z"}
{"level":"info","message":"神经网络风险评估Agent开始处理 16 条数据","service":"public-opinion-system","timestamp":"2026-02-13T02:13:27.182Z"}
{"level":"info","message":"主题建模完成，发现 5 个主题，17 个关键词","service":"public-opinion-system","timestamp":"2026-02-13T02:13:27.183Z"}
{"level":"info","message":"增强Agent topic 完成，置信度: 0.78，用时: 1ms","service":"public-opinion-system","timestamp":"2026-02-13T02:13:27.183Z"}
{"level":"info","message":"深度学习情感分析完成，整体情感得分: 0.00，置信度: 0.65","service":"public-opinion-system","timestamp":"2026-02-13T02:13:27.183Z"}
{"level":"info","message":"神经网络风险评估完成，整体风险等级: low, 风险评分: 0.00","service":"public-opinion-system","timestamp":"2026-02-13T02:13:27.183Z"}
{"level":"info","message":"增强Agent sentiment 完成，置信度: 0.65，用时: 1ms","service":"public-opinion-system","timestamp":"2026-02-13T02:13:27.183Z"}
{"level":"info","message":"增强Agent risk 完成，置信度: 0.67，用时: 2ms","service":"public-opinion-system","timestamp":"2026-02-13T02:13:27.184Z"}
{"level":"info","message":"第 5 轮增强分析完成，平均置信度: 0.70","service":"public-opinion-system","timestamp":"2026-02-13T02:13:27.184Z"}
{"level":"info","message":"增强AI分析任务 analysis_1770948807160_n2e1lmsam 完成，共进行 5 轮分析","service":"public-opinion-system","timestamp":"2026-02-13T02:13:27.184Z"}
{"level":"info","message":"初始化增强AI分析引擎V2...","service":"public-opinion-system","timestamp":"2026-02-13T02:14:30.638Z"}
{"level":"info","message":"初始化Agent: DeepLearningSentimentAgent","service":"public-opinion-system","timestamp":"2026-02-13T02:14:30.641Z"}
{"level":"info","message":"加载深度学习情感分析模型...","service":"public-opinion-system","timestamp":"2026-02-13T02:14:30.643Z"}
{"level":"info","message":"深度学习模型加载完成","service":"public-opinion-system","timestamp":"2026-02-13T02:14:30.643Z"}
{"level":"info","message":"增强Agent sentiment 初始化完成","service":"public-opinion-system","timestamp":"2026-02-13T02:14:30.643Z"}
{"level":"info","message":"初始化Agent: TopicModelingAgent","service":"public-opinion-system","timestamp":"2026-02-13T02:14:30.644Z"}
{"level":"info","message":"加载主题建模模型...","service":"public-opinion-system","timestamp":"2026-02-13T02:14:30.644Z"}
{"level":"info","message":"主题建模模型加载完成","service":"public-opinion-system","timestamp":"2026-02-13T02:14:30.645Z"}
{"level":"info","message":"增强Agent topic 初始化完成","service":"public-opinion-system","timestamp":"2026-02-13T02:14:30.645Z"}
{"level":"info","message":"初始化Agent: NeuralRiskAssessmentAgent","service":"public-opinion-system","timestamp":"2026-02-13T02:14:30.649Z"}
{"level":"info","message":"加载神经网络风险评估模型...","service":"public-opinion-system","timestamp":"2026-02-13T02:14:30.649Z"}
{"level":"info","message":"神经网络风险评估模型加载完成","service":"public-opinion-system","timestamp":"2026-02-13T02:14:30.649Z"}
{"level":"info","message":"增强Agent risk 初始化完成","service":"public-opinion-system","timestamp":"2026-02-13T02:14:30.650Z"}
{"level":"info","message":"增强AI分析引擎V2初始化完成","service":"public-opinion-system","timestamp":"2026-02-13T02:14:30.650Z"}
{"level":"info","message":"启动技能管理器...","service":"public-opinion-system","timestamp":"2026-02-13T02:14:30.651Z"}
{"level":"info","message":"加载技能: DataCleaningSkill v1.0.0","service":"public-opinion-system","timestamp":"2026-02-13T02:14:30.654Z"}
{"level":"info","message":"技能管理器启动完成","service":"public-opinion-system","timestamp":"2026-02-13T02:14:30.654Z"}
{"level":"info","message":"V2真实数据收集开始，关键词: 疫情, 疫苗, 平台: weibo","service":"public-opinion-system","timestamp":"2026-02-13T02:14:30.656Z"}
{"level":"warn","message":"不支持的数据源: weibo","service":"public-opinion-system","timestamp":"2026-02-13T02:14:30.657Z"}
{"level":"info","message":"V2真实数据收集完成，共获得 0 条数据","service":"public-opinion-system","timestamp":"2026-02-13T02:14:30.657Z"}
{"level":"info","message":"开始增强AI分析任务 analysis_1770948870657_eopj7o90n，数据量: 0，关键词: 疫情, 疫苗","service":"public-opinion-system","timestamp":"2026-02-13T02:14:30.657Z"}
{"level":"info","message":"第 1 轮增强分析开始","service":"public-opinion-system","timestamp":"2026-02-13T02:14:30.658Z"}
{"level":"info","message":"运行增强Agent: sentiment","service":"public-opinion-system","timestamp":"2026-02-13T02:14:30.658Z"}
{"level":"info","message":"深度学习情感分析开始处理 0 条数据","service":"public-opinion-system","timestamp":"2026-02-13T02:14:30.658Z"}
{"level":"info","message":"深度学习情感分析完成，整体情感得分: 0.00，置信度: 0.00","service":"public-opinion-system","timestamp":"2026-02-13T02:14:30.659Z"}
{"level":"info","message":"运行增强Agent: topic","service":"public-opinion-system","timestamp":"2026-02-13T02:14:30.659Z"}
{"level":"info","message":"主题建模Agent开始处理 0 条数据","service":"public-opinion-system","timestamp":"2026-02-13T02:14:30.659Z"}
{"level":"info","message":"运行增强Agent: risk","service":"public-opinion-system","timestamp":"2026-02-13T02:14:30.659Z"}
{"level":"info","message":"神经网络风险评估Agent开始处理 0 条数据","service":"public-opinion-system","timestamp":"2026-02-13T02:14:30.660Z"}
{"level":"info","message":"神经网络风险评估完成，整体风险等级: low, 风险评分: 0.00","service":"public-opinion-system","timestamp":"2026-02-13T02:14:30.660Z"}
{"level":"info","message":"增强Agent sentiment 完成，置信度: 0.00，用时: 2ms","service":"public-opinion-system","timestamp":"2026-02-13T02:14:30.660Z"}
{"level":"info","message":"增强Agent risk 完成，置信度: 0.00，用时: 1ms","service":"public-opinion-system","timestamp":"2026-02-13T02:14:30.661Z"}
{"level":"info","message":"主题建模完成，发现 5 个主题，0 个关键词","service":"public-opinion-system","timestamp":"2026-02-13T02:14:30.661Z"}
{"level":"info","message":"增强Agent topic 完成，置信度: 0.00，用时: 3ms","service":"public-opinion-system","timestamp":"2026-02-13T02:14:30.662Z"}
{"level":"info","message":"第 1 轮增强分析完成，平均置信度: 0.00","service":"public-opinion-system","timestamp":"2026-02-13T02:14:30.662Z"}
{"level":"info","message":"第 1 轮智能数据增强","service":"public-opinion-system","timestamp":"2026-02-13T02:14:30.662Z"}
{"level":"info","message":"数据增强完成，原始 0 条 → 增强 0 条","service":"public-opinion-system","timestamp":"2026-02-13T02:14:30.663Z"}
{"level":"info","message":"第 2 轮增强分析开始","service":"public-opinion-system","timestamp":"2026-02-13T02:14:30.663Z"}
{"level":"info","message":"运行增强Agent: sentiment","service":"public-opinion-system","timestamp":"2026-02-13T02:14:30.663Z"}
{"level":"info","message":"深度学习情感分析开始处理 0 条数据","service":"public-opinion-system","timestamp":"2026-02-13T02:14:30.664Z"}
{"level":"info","message":"深度学习情感分析完成，整体情感得分: 0.00，置信度: 0.00","service":"public-opinion-system","timestamp":"2026-02-13T02:14:30.664Z"}
{"level":"info","message":"运行增强Agent: topic","service":"public-opinion-system","timestamp":"2026-02-13T02:14:30.665Z"}
{"level":"info","message":"主题建模Agent开始处理 0 条数据","service":"public-opinion-system","timestamp":"2026-02-13T02:14:30.665Z"}
{"level":"info","message":"运行增强Agent: risk","service":"public-opinion-system","timestamp":"2026-02-13T02:14:30.665Z"}
{"level":"info","message":"神经网络风险评估Agent开始处理 0 条数据","service":"public-opinion-system","timestamp":"2026-02-13T02:14:30.666Z"}
{"level":"info","message":"神经网络风险评估完成，整体风险等级: low, 风险评分: 0.00","service":"public-opinion-system","timestamp":"2026-02-13T02:14:30.666Z"}
{"level":"info","message":"增强Agent sentiment 完成，置信度: 0.00，用时: 2ms","service":"public-opinion-system","timestamp":"2026-02-13T02:14:30.666Z"}
{"level":"info","message":"增强Agent risk 完成，置信度: 0.00，用时: 0ms","service":"public-opinion-system","timestamp":"2026-02-13T02:14:30.666Z"}
{"level":"info","message":"主题建模完成，发现 5 个主题，0 个关键词","service":"public-opinion-system","timestamp":"2026-02-13T02:14:30.667Z"}
{"level":"info","message":"增强Agent topic 完成，置信度: 0.00，用时: 2ms","service":"public-opinion-system","timestamp":"2026-02-13T02:14:30.667Z"}
{"level":"info","message":"第 2 轮增强分析完成，平均置信度: 0.00","service":"public-opinion-system","timestamp":"2026-02-13T02:14:30.667Z"}
{"level":"info","message":"第 2 轮智能数据增强","service":"public-opinion-system","timestamp":"2026-02-13T02:14:30.667Z"}
{"level":"info","message":"数据增强完成，原始 0 条 → 增强 0 条","service":"public-opinion-system","timestamp":"2026-02-13T02:14:30.668Z"}
{"level":"info","message":"第 3 轮增强分析开始","service":"public-opinion-system","timestamp":"2026-02-13T02:14:30.668Z"}
{"level":"info","message":"运行增强Agent: sentiment","service":"public-opinion-system","timestamp":"2026-02-13T02:14:30.668Z"}
{"level":"info","message":"深度学习情感分析开始处理 0 条数据","service":"public-opinion-system","timestamp":"2026-02-13T02:14:30.668Z"}
{"level":"info","message":"深度学习情感分析完成，整体情感得分: 0.00，置信度: 0.00","service":"public-opinion-system","timestamp":"2026-02-13T02:14:30.669Z"}
{"level":"info","message":"运行增强Agent: topic","service":"public-opinion-system","timestamp":"2026-02-13T02:14:30.669Z"}
{"level":"info","message":"主题建模Agent开始处理 0 条数据","service":"public-opinion-system","timestamp":"2026-02-13T02:14:30.669Z"}
{"level":"info","message":"运行增强Agent: risk","service":"public-opinion-system","timestamp":"2026-02-13T02:14:30.669Z"}
{"level":"info","message":"神经网络风险评估Agent开始处理 0 条数据","service":"public-opinion-system","timestamp":"2026-02-13T02:14:30.669Z"}
{"level":"info","message":"神经网络风险评估完成，整体风险等级: low, 风险评分: 0.00","service":"public-opinion-system","timestamp":"2026-02-13T02:14:30.670Z"}
{"level":"info","message":"增强Agent sentiment 完成，置信度: 0.00，用时: 2ms","service":"public-opinion-system","timestamp":"2026-02-13T02:14:30.670Z"}
{"level":"info","message":"增强Agent risk 完成，置信度: 0.00，用时: 1ms","service":"public-opinion-system","timestamp":"2026-02-13T02:14:30.670Z"}
{"level":"info","message":"主题建模完成，发现 5 个主题，0 个关键词","service":"public-opinion-system","timestamp":"2026-02-13T02:14:30.670Z"}
{"level":"info","message":"增强Agent topic 完成，置信度: 0.00，用时: 2ms","service":"public-opinion-system","timestamp":"2026-02-13T02:14:30.671Z"}
{"level":"info","message":"第 3 轮增强分析完成，平均置信度: 0.00","service":"public-opinion-system","timestamp":"2026-02-13T02:14:30.671Z"}
{"level":"info","message":"第 3 轮智能数据增强","service":"public-opinion-system","timestamp":"2026-02-13T02:14:30.672Z"}
{"level":"info","message":"数据增强完成，原始 0 条 → 增强 0 条","service":"public-opinion-system","timestamp":"2026-02-13T02:14:30.672Z"}
{"level":"info","message":"第 4 轮增强分析开始","service":"public-opinion-system","timestamp":"2026-02-13T02:14:30.672Z"}
{"level":"info","message":"运行增强Agent: sentiment","service":"public-opinion-system","timestamp":"2026-02-13T02:14:30.672Z"}
{"level":"info","message":"深度学习情感分析开始处理 0 条数据","service":"public-opinion-system","timestamp":"2026-02-13T02:14:30.672Z"}
{"level":"info","message":"深度学习情感分析完成，整体情感得分: 0.00，置信度: 0.00","service":"public-opinion-system","timestamp":"2026-02-13T02:14:30.673Z"}
{"level":"info","message":"运行增强Agent: topic","service":"public-opinion-system","timestamp":"2026-02-13T02:14:30.673Z"}
{"level":"info","message":"主题建模Agent开始处理 0 条数据","service":"public-opinion-system","timestamp":"2026-02-13T02:14:30.673Z"}
{"level":"info","message":"运行增强Agent: risk","service":"public-opinion-system","timestamp":"2026-02-13T02:14:30.673Z"}
{"level":"info","message":"神经网络风险评估Agent开始处理 0 条数据","service":"public-opinion-system","timestamp":"2026-02-13T02:14:30.674Z"}
{"level":"info","message":"神经网络风险评估完成，整体风险等级: low, 风险评分: 0.00","service":"public-opinion-system","timestamp":"2026-02-13T02:14:30.674Z"}
{"level":"info","message":"增强Agent sentiment 完成，置信度: 0.00，用时: 2ms","service":"public-opinion-system","timestamp":"2026-02-13T02:14:30.674Z"}
{"level":"info","message":"增强Agent risk 完成，置信度: 0.00，用时: 0ms","service":"public-opinion-system","timestamp":"2026-02-13T02:14:30.674Z"}
{"level":"info","message":"主题建模完成，发现 5 个主题，0 个关键词","service":"public-opinion-system","timestamp":"2026-02-13T02:14:30.675Z"}
{"level":"info","message":"增强Agent topic 完成，置信度: 0.00，用时: 2ms","service":"public-opinion-system","timestamp":"2026-02-13T02:14:30.675Z"}
{"level":"info","message":"第 4 轮增强分析完成，平均置信度: 0.00","service":"public-opinion-system","timestamp":"2026-02-13T02:14:30.675Z"}
{"level":"info","message":"第 4 轮智能数据增强","service":"public-opinion-system","timestamp":"2026-02-13T02:14:30.676Z"}
{"level":"info","message":"数据增强完成，原始 0 条 → 增强 0 条","service":"public-opinion-system","timestamp":"2026-02-13T02:14:30.676Z"}
{"level":"info","message":"第 5 轮增强分析开始","service":"public-opinion-system","timestamp":"2026-02-13T02:14:30.676Z"}
{"level":"info","message":"运行增强Agent: sentiment","service":"public-opinion-system","timestamp":"2026-02-13T02:14:30.676Z"}
{"level":"info","message":"深度学习情感分析开始处理 0 条数据","service":"public-opinion-system","timestamp":"2026-02-13T02:14:30.676Z"}
{"level":"info","message":"深度学习情感分析完成，整体情感得分: 0.00，置信度: 0.00","service":"public-opinion-system","timestamp":"2026-02-13T02:14:30.677Z"}
{"level":"info","message":"运行增强Agent: topic","service":"public-opinion-system","timestamp":"2026-02-13T02:14:30.677Z"}
{"level":"info","message":"主题建模Agent开始处理 0 条数据","service":"public-opinion-system","timestamp":"2026-02-13T02:14:30.677Z"}
{"level":"info","message":"运行增强Agent: risk","service":"public-opinion-system","timestamp":"2026-02-13T02:14:30.677Z"}
{"level":"info","message":"神经网络风险评估Agent开始处理 0 条数据","service":"public-opinion-system","timestamp":"2026-02-13T02:14:30.678Z"}
{"level":"info","message":"神经网络风险评估完成，整体风险等级: low, 风险评分: 0.00","service":"public-opinion-system","timestamp":"2026-02-13T02:14:30.678Z"}
{"level":"info","message":"增强Agent sentiment 完成，置信度: 0.00，用时: 2ms","service":"public-opinion-system","timestamp":"2026-02-13T02:14:30.678Z"}
{"level":"info","message":"增强Agent risk 完成，置信度: 0.00，用时: 1ms","service":"public-opinion-system","timestamp":"2026-02-13T02:14:30.679Z"}
{"level":"info","message":"主题建模完成，发现 5 个主题，0 个关键词","service":"public-opinion-system","timestamp":"2026-02-13T02:14:30.679Z"}
{"level":"info","message":"增强Agent topic 完成，置信度: 0.00，用时: 3ms","service":"public-opinion-system","timestamp":"2026-02-13T02:14:30.680Z"}
{"level":"info","message":"第 5 轮增强分析完成，平均置信度: 0.00","service":"public-opinion-system","timestamp":"2026-02-13T02:14:30.680Z"}
{"level":"info","message":"运行增强Agent: sentiment","service":"public-opinion-system","timestamp":"2026-02-13T02:14:30.680Z"}
{"level":"info","message":"深度学习情感分析开始处理 0 条数据","service":"public-opinion-system","timestamp":"2026-02-13T02:14:30.680Z"}
{"level":"info","message":"深度学习情感分析完成，整体情感得分: 0.00，置信度: 0.00","service":"public-opinion-system","timestamp":"2026-02-13T02:14:30.681Z"}
{"level":"info","message":"运行增强Agent: topic","service":"public-opinion-system","timestamp":"2026-02-13T02:14:30.681Z"}
{"level":"info","message":"主题建模Agent开始处理 0 条数据","service":"public-opinion-system","timestamp":"2026-02-13T02:14:30.681Z"}
{"level":"info","message":"运行增强Agent: risk","service":"public-opinion-system","timestamp":"2026-02-13T02:14:30.682Z"}
{"level":"info","message":"神经网络风险评估Agent开始处理 0 条数据","service":"public-opinion-system","timestamp":"2026-02-13T02:14:30.682Z"}
{"level":"info","message":"神经网络风险评估完成，整体风险等级: low, 风险评分: 0.00","service":"public-opinion-system","timestamp":"2026-02-13T02:14:30.682Z"}
{"level":"info","message":"增强Agent sentiment 完成，置信度: 0.00，用时: 2ms","service":"public-opinion-system","timestamp":"2026-02-13T02:14:30.682Z"}
{"level":"info","message":"增强Agent risk 完成，置信度: 0.00，用时: 0ms","service":"public-opinion-system","timestamp":"2026-02-13T02:14:30.682Z"}
{"level":"info","message":"主题建模完成，发现 5 个主题，0 个关键词","service":"public-opinion-system","timestamp":"2026-02-13T02:14:30.683Z"}
{"level":"info","message":"增强Agent topic 完成，置信度: 0.00，用时: 2ms","service":"public-opinion-system","timestamp":"2026-02-13T02:14:30.683Z"}
{"level":"info","message":"增强AI分析任务 analysis_1770948870657_eopj7o90n 完成，共进行 5 轮分析","service":"public-opinion-system","timestamp":"2026-02-13T02:14:30.684Z"}
{"level":"info","message":"初始化增强AI分析引擎V2...","service":"public-opinion-system","timestamp":"2026-02-13T02:26:03.792Z"}
{"level":"info","message":"初始化Agent: DeepLearningSentimentAgent","service":"public-opinion-system","timestamp":"2026-02-13T02:26:03.795Z"}
{"level":"info","message":"加载深度学习情感分析模型...","service":"public-opinion-system","timestamp":"2026-02-13T02:26:03.796Z"}
{"level":"info","message":"深度学习模型加载完成","service":"public-opinion-system","timestamp":"2026-02-13T02:26:03.797Z"}
{"level":"info","message":"增强Agent sentiment 初始化完成","service":"public-opinion-system","timestamp":"2026-02-13T02:26:03.797Z"}
{"level":"info","message":"初始化Agent: TopicModelingAgent","service":"public-opinion-system","timestamp":"2026-02-13T02:26:03.798Z"}
{"level":"info","message":"加载主题建模模型...","service":"public-opinion-system","timestamp":"2026-02-13T02:26:03.798Z"}
{"level":"info","message":"主题建模模型加载完成","service":"public-opinion-system","timestamp":"2026-02-13T02:26:03.798Z"}
{"level":"info","message":"增强Agent topic 初始化完成","service":"public-opinion-system","timestamp":"2026-02-13T02:26:03.799Z"}
{"level":"info","message":"初始化Agent: NeuralRiskAssessmentAgent","service":"public-opinion-system","timestamp":"2026-02-13T02:26:03.804Z"}
{"level":"info","message":"加载神经网络风险评估模型...","service":"public-opinion-system","timestamp":"2026-02-13T02:26:03.804Z"}
{"level":"info","message":"神经网络风险评估模型加载完成","service":"public-opinion-system","timestamp":"2026-02-13T02:26:03.805Z"}
{"level":"info","message":"增强Agent risk 初始化完成","service":"public-opinion-system","timestamp":"2026-02-13T02:26:03.805Z"}
{"level":"info","message":"增强AI分析引擎V2初始化完成","service":"public-opinion-system","timestamp":"2026-02-13T02:26:03.806Z"}
{"level":"info","message":"启动技能管理器...","service":"public-opinion-system","timestamp":"2026-02-13T02:26:03.807Z"}
{"level":"info","message":"加载技能: DataCleaningSkill v1.0.0","service":"public-opinion-system","timestamp":"2026-02-13T02:26:03.810Z"}
{"level":"info","message":"技能管理器启动完成","service":"public-opinion-system","timestamp":"2026-02-13T02:26:03.811Z"}
{"level":"info","message":"V2真实数据收集开始，关键词: 疫情, 疫苗, 平台: weibo","service":"public-opinion-system","timestamp":"2026-02-13T02:26:03.813Z"}
{"level":"warn","message":"不支持的数据源: weibo","service":"public-opinion-system","timestamp":"2026-02-13T02:26:03.813Z"}
{"level":"info","message":"V2真实数据收集完成，共获得 0 条数据","service":"public-opinion-system","timestamp":"2026-02-13T02:26:03.814Z"}
{"level":"info","message":"开始增强AI分析任务 analysis_1770949563814_xvgpmbpq8，数据量: 0，关键词: 疫情, 疫苗","service":"public-opinion-system","timestamp":"2026-02-13T02:26:03.814Z"}
{"level":"info","message":"第 1 轮增强分析开始","service":"public-opinion-system","timestamp":"2026-02-13T02:26:03.815Z"}
{"level":"info","message":"运行增强Agent: sentiment","service":"public-opinion-system","timestamp":"2026-02-13T02:26:03.815Z"}
{"level":"info","message":"深度学习情感分析开始处理 0 条数据","service":"public-opinion-system","timestamp":"2026-02-13T02:26:03.815Z"}
{"level":"info","message":"深度学习情感分析完成，整体情感得分: 0.00，置信度: 0.00","service":"public-opinion-system","timestamp":"2026-02-13T02:26:03.816Z"}
{"level":"info","message":"运行增强Agent: topic","service":"public-opinion-system","timestamp":"2026-02-13T02:26:03.816Z"}
{"level":"info","message":"主题建模Agent开始处理 0 条数据","service":"public-opinion-system","timestamp":"2026-02-13T02:26:03.816Z"}
{"level":"info","message":"运行增强Agent: risk","service":"public-opinion-system","timestamp":"2026-02-13T02:26:03.817Z"}
{"level":"info","message":"神经网络风险评估Agent开始处理 0 条数据","service":"public-opinion-system","timestamp":"2026-02-13T02:26:03.817Z"}
{"level":"info","message":"神经网络风险评估完成，整体风险等级: low, 风险评分: 0.00","service":"public-opinion-system","timestamp":"2026-02-13T02:26:03.818Z"}
{"level":"info","message":"增强Agent sentiment 完成，置信度: 0.00，用时: 4ms","service":"public-opinion-system","timestamp":"2026-02-13T02:26:03.819Z"}
{"level":"info","message":"增强Agent risk 完成，置信度: 0.00，用时: 3ms","service":"public-opinion-system","timestamp":"2026-02-13T02:26:03.820Z"}
{"level":"info","message":"主题建模完成，发现 5 个主题，0 个关键词","service":"public-opinion-system","timestamp":"2026-02-13T02:26:03.820Z"}
{"level":"info","message":"增强Agent topic 完成，置信度: 0.00，用时: 5ms","service":"public-opinion-system","timestamp":"2026-02-13T02:26:03.821Z"}
{"level":"info","message":"第 1 轮增强分析完成，平均置信度: 0.00","service":"public-opinion-system","timestamp":"2026-02-13T02:26:03.821Z"}
{"level":"info","message":"第 1 轮智能数据增强","service":"public-opinion-system","timestamp":"2026-02-13T02:26:03.822Z"}
{"level":"info","message":"数据增强完成，原始 0 条 → 增强 0 条","service":"public-opinion-system","timestamp":"2026-02-13T02:26:03.822Z"}
{"level":"info","message":"第 2 轮增强分析开始","service":"public-opinion-system","timestamp":"2026-02-13T02:26:03.822Z"}
{"level":"info","message":"运行增强Agent: sentiment","service":"public-opinion-system","timestamp":"2026-02-13T02:26:03.823Z"}
{"level":"info","message":"深度学习情感分析开始处理 0 条数据","service":"public-opinion-system","timestamp":"2026-02-13T02:26:03.824Z"}
{"level":"info","message":"深度学习情感分析完成，整体情感得分: 0.00，置信度: 0.00","service":"public-opinion-system","timestamp":"2026-02-13T02:26:03.824Z"}
{"level":"info","message":"运行增强Agent: topic","service":"public-opinion-system","timestamp":"2026-02-13T02:26:03.824Z"}
{"level":"info","message":"主题建模Agent开始处理 0 条数据","service":"public-opinion-system","timestamp":"2026-02-13T02:26:03.824Z"}
{"level":"info","message":"运行增强Agent: risk","service":"public-opinion-system","timestamp":"2026-02-13T02:26:03.825Z"}
{"level":"info","message":"神经网络风险评估Agent开始处理 0 条数据","service":"public-opinion-system","timestamp":"2026-02-13T02:26:03.825Z"}
{"level":"info","message":"神经网络风险评估完成，整体风险等级: low, 风险评分: 0.00","service":"public-opinion-system","timestamp":"2026-02-13T02:26:03.825Z"}
{"level":"info","message":"增强Agent sentiment 完成，置信度: 0.00，用时: 1ms","service":"public-opinion-system","timestamp":"2026-02-13T02:26:03.825Z"}
{"level":"info","message":"增强Agent risk 完成，置信度: 0.00，用时: 1ms","service":"public-opinion-system","timestamp":"2026-02-13T02:26:03.826Z"}
{"level":"info","message":"主题建模完成，发现 5 个主题，0 个关键词","service":"public-opinion-system","timestamp":"2026-02-13T02:26:03.826Z"}
{"level":"info","message":"增强Agent topic 完成，置信度: 0.00，用时: 3ms","service":"public-opinion-system","timestamp":"2026-02-13T02:26:03.827Z"}
{"level":"info","message":"第 2 轮增强分析完成，平均置信度: 0.00","service":"public-opinion-system","timestamp":"2026-02-13T02:26:03.827Z"}
{"level":"info","message":"第 2 轮智能数据增强","service":"public-opinion-system","timestamp":"2026-02-13T02:26:03.827Z"}
{"level":"info","message":"数据增强完成，原始 0 条 → 增强 0 条","service":"public-opinion-system","timestamp":"2026-02-13T02:26:03.828Z"}
{"level":"info","message":"第 3 轮增强分析开始","service":"public-opinion-system","timestamp":"2026-02-13T02:26:03.828Z"}
{"level":"info","message":"运行增强Agent: sentiment","service":"public-opinion-system","timestamp":"2026-02-13T02:26:03.828Z"}
{"level":"info","message":"深度学习情感分析开始处理 0 条数据","service":"public-opinion-system","timestamp":"2026-02-13T02:26:03.828Z"}
{"level":"info","message":"深度学习情感分析完成，整体情感得分: 0.00，置信度: 0.00","service":"public-opinion-system","timestamp":"2026-02-13T02:26:03.829Z"}
{"level":"info","message":"运行增强Agent: topic","service":"public-opinion-system","timestamp":"2026-02-13T02:26:03.829Z"}
{"level":"info","message":"主题建模Agent开始处理 0 条数据","service":"public-opinion-system","timestamp":"2026-02-13T02:26:03.829Z"}
{"level":"info","message":"运行增强Agent: risk","service":"public-opinion-system","timestamp":"2026-02-13T02:26:03.829Z"}
{"level":"info","message":"神经网络风险评估Agent开始处理 0 条数据","service":"public-opinion-system","timestamp":"2026-02-13T02:26:03.830Z"}
{"level":"info","message":"神经网络风险评估完成，整体风险等级: low, 风险评分: 0.00","service":"public-opinion-system","timestamp":"2026-02-13T02:26:03.830Z"}
{"level":"info","message":"增强Agent sentiment 完成，置信度: 0.00，用时: 2ms","service":"public-opinion-system","timestamp":"2026-02-13T02:26:03.830Z"}
{"level":"info","message":"增强Agent risk 完成，置信度: 0.00，用时: 0ms","service":"public-opinion-system","timestamp":"2026-02-13T02:26:03.830Z"}
{"level":"info","message":"主题建模完成，发现 5 个主题，0 个关键词","service":"public-opinion-system","timestamp":"2026-02-13T02:26:03.830Z"}
{"level":"info","message":"增强Agent topic 完成，置信度: 0.00，用时: 2ms","service":"public-opinion-system","timestamp":"2026-02-13T02:26:03.831Z"}
{"level":"info","message":"第 3 轮增强分析完成，平均置信度: 0.00","service":"public-opinion-system","timestamp":"2026-02-13T02:26:03.831Z"}
{"level":"info","message":"第 3 轮智能数据增强","service":"public-opinion-system","timestamp":"2026-02-13T02:26:03.831Z"}
{"level":"info","message":"数据增强完成，原始 0 条 → 增强 0 条","service":"public-opinion-system","timestamp":"2026-02-13T02:26:03.831Z"}
{"level":"info","message":"第 4 轮增强分析开始","service":"public-opinion-system","timestamp":"2026-02-13T02:26:03.832Z"}
{"level":"info","message":"运行增强Agent: sentiment","service":"public-opinion-system","timestamp":"2026-02-13T02:26:03.832Z"}
{"level":"info","message":"深度学习情感分析开始处理 0 条数据","service":"public-opinion-system","timestamp":"2026-02-13T02:26:03.832Z"}
{"level":"info","message":"深度学习情感分析完成，整体情感得分: 0.00，置信度: 0.00","service":"public-opinion-system","timestamp":"2026-02-13T02:26:03.832Z"}
{"level":"info","message":"运行增强Agent: topic","service":"public-opinion-system","timestamp":"2026-02-13T02:26:03.832Z"}
{"level":"info","message":"主题建模Agent开始处理 0 条数据","service":"public-opinion-system","timestamp":"2026-02-13T02:26:03.833Z"}
{"level":"info","message":"运行增强Agent: risk","service":"public-opinion-system","timestamp":"2026-02-13T02:26:03.833Z"}
{"level":"info","message":"神经网络风险评估Agent开始处理 0 条数据","service":"public-opinion-system","timestamp":"2026-02-13T02:26:03.833Z"}
{"level":"info","message":"神经网络风险评估完成，整体风险等级: low, 风险评分: 0.00","service":"public-opinion-system","timestamp":"2026-02-13T02:26:03.834Z"}
{"level":"info","message":"增强Agent sentiment 完成，置信度: 0.00，用时: 2ms","service":"public-opinion-system","timestamp":"2026-02-13T02:26:03.834Z"}
{"level":"info","message":"增强Agent risk 完成，置信度: 0.00，用时: 2ms","service":"public-opinion-system","timestamp":"2026-02-13T02:26:03.835Z"}
{"level":"info","message":"主题建模完成，发现 5 个主题，0 个关键词","service":"public-opinion-system","timestamp":"2026-02-13T02:26:03.835Z"}
{"level":"info","message":"增强Agent topic 完成，置信度: 0.00，用时: 3ms","service":"public-opinion-system","timestamp":"2026-02-13T02:26:03.836Z"}
{"level":"info","message":"第 4 轮增强分析完成，平均置信度: 0.00","service":"public-opinion-system","timestamp":"2026-02-13T02:26:03.839Z"}
{"level":"info","message":"第 4 轮智能数据增强","service":"public-opinion-system","timestamp":"2026-02-13T02:26:03.839Z"}
{"level":"info","message":"数据增强完成，原始 0 条 → 增强 0 条","service":"public-opinion-system","timestamp":"2026-02-13T02:26:03.840Z"}
{"level":"info","message":"第 5 轮增强分析开始","service":"public-opinion-system","timestamp":"2026-02-13T02:26:03.840Z"}
{"level":"info","message":"运行增强Agent: sentiment","service":"public-opinion-system","timestamp":"2026-02-13T02:26:03.841Z"}
{"level":"info","message":"深度学习情感分析开始处理 0 条数据","service":"public-opinion-system","timestamp":"2026-02-13T02:26:03.841Z"}
{"level":"info","message":"深度学习情感分析完成，整体情感得分: 0.00，置信度: 0.00","service":"public-opinion-system","timestamp":"2026-02-13T02:26:03.841Z"}
{"level":"info","message":"运行增强Agent: topic","service":"public-opinion-system","timestamp":"2026-02-13T02:26:03.842Z"}
{"level":"info","message":"主题建模Agent开始处理 0 条数据","service":"public-opinion-system","timestamp":"2026-02-13T02:26:03.843Z"}
{"level":"info","message":"运行增强Agent: risk","service":"public-opinion-system","timestamp":"2026-02-13T02:26:03.843Z"}
{"level":"info","message":"神经网络风险评估Agent开始处理 0 条数据","service":"public-opinion-system","timestamp":"2026-02-13T02:26:03.843Z"}
{"level":"info","message":"神经网络风险评估完成，整体风险等级: low, 风险评分: 0.00","service":"public-opinion-system","timestamp":"2026-02-13T02:26:03.844Z"}
{"level":"info","message":"增强Agent sentiment 完成，置信度: 0.00，用时: 3ms","service":"public-opinion-system","timestamp":"2026-02-13T02:26:03.844Z"}
{"level":"info","message":"增强Agent risk 完成，置信度: 0.00，用时: 1ms","service":"public-opinion-system","timestamp":"2026-02-13T02:26:03.844Z"}
{"level":"info","message":"主题建模完成，发现 5 个主题，0 个关键词","service":"public-opinion-system","timestamp":"2026-02-13T02:26:03.844Z"}
{"level":"info","message":"增强Agent topic 完成，置信度: 0.00，用时: 2ms","service":"public-opinion-system","timestamp":"2026-02-13T02:26:03.845Z"}
{"level":"info","message":"第 5 轮增强分析完成，平均置信度: 0.00","service":"public-opinion-system","timestamp":"2026-02-13T02:26:03.845Z"}
{"level":"info","message":"运行增强Agent: sentiment","service":"public-opinion-system","timestamp":"2026-02-13T02:26:03.845Z"}
{"level":"info","message":"深度学习情感分析开始处理 0 条数据","service":"public-opinion-system","timestamp":"2026-02-13T02:26:03.845Z"}
{"level":"info","message":"深度学习情感分析完成，整体情感得分: 0.00，置信度: 0.00","service":"public-opinion-system","timestamp":"2026-02-13T02:26:03.846Z"}
{"level":"info","message":"运行增强Agent: topic","service":"public-opinion-system","timestamp":"2026-02-13T02:26:03.846Z"}
{"level":"info","message":"主题建模Agent开始处理 0 条数据","service":"public-opinion-system","timestamp":"2026-02-13T02:26:03.846Z"}
{"level":"info","message":"运行增强Agent: risk","service":"public-opinion-system","timestamp":"2026-02-13T02:26:03.846Z"}
{"level":"info","message":"神经网络风险评估Agent开始处理 0 条数据","service":"public-opinion-system","timestamp":"2026-02-13T02:26:03.846Z"}
{"level":"info","message":"神经网络风险评估完成，整体风险等级: low, 风险评分: 0.00","service":"public-opinion-system","timestamp":"2026-02-13T02:26:03.847Z"}
{"level":"info","message":"增强Agent sentiment 完成，置信度: 0.00，用时: 2ms","service":"public-opinion-system","timestamp":"2026-02-13T02:26:03.847Z"}
{"level":"info","message":"增强Agent risk 完成，置信度: 0.00，用时: 1ms","service":"public-opinion-system","timestamp":"2026-02-13T02:26:03.847Z"}
{"level":"info","message":"主题建模完成，发现 5 个主题，0 个关键词","service":"public-opinion-system","timestamp":"2026-02-13T02:26:03.847Z"}
{"level":"info","message":"增强Agent topic 完成，置信度: 0.00，用时: 2ms","service":"public-opinion-system","timestamp":"2026-02-13T02:26:03.848Z"}
{"level":"info","message":"增强AI分析任务 analysis_1770949563814_xvgpmbpq8 完成，共进行 5 轮分析","service":"public-opinion-system","timestamp":"2026-02-13T02:26:03.848Z"}
{"level":"info","message":"初始化增强AI分析引擎V2...","service":"public-opinion-system","timestamp":"2026-02-13T02:26:33.257Z"}
{"level":"info","message":"初始化Agent: DeepLearningSentimentAgent","service":"public-opinion-system","timestamp":"2026-02-13T02:26:33.260Z"}
{"level":"info","message":"加载深度学习情感分析模型...","service":"public-opinion-system","timestamp":"2026-02-13T02:26:33.261Z"}
{"level":"info","message":"深度学习模型加载完成","service":"public-opinion-system","timestamp":"2026-02-13T02:26:33.262Z"}
{"level":"info","message":"增强Agent sentiment 初始化完成","service":"public-opinion-system","timestamp":"2026-02-13T02:26:33.262Z"}
{"level":"info","message":"初始化Agent: TopicModelingAgent","service":"public-opinion-system","timestamp":"2026-02-13T02:26:33.263Z"}
{"level":"info","message":"加载主题建模模型...","service":"public-opinion-system","timestamp":"2026-02-13T02:26:33.263Z"}
{"level":"info","message":"主题建模模型加载完成","service":"public-opinion-system","timestamp":"2026-02-13T02:26:33.263Z"}
{"level":"info","message":"增强Agent topic 初始化完成","service":"public-opinion-system","timestamp":"2026-02-13T02:26:33.264Z"}
{"level":"info","message":"初始化Agent: NeuralRiskAssessmentAgent","service":"public-opinion-system","timestamp":"2026-02-13T02:26:33.267Z"}
{"level":"info","message":"加载神经网络风险评估模型...","service":"public-opinion-system","timestamp":"2026-02-13T02:26:33.267Z"}
{"level":"info","message":"神经网络风险评估模型加载完成","service":"public-opinion-system","timestamp":"2026-02-13T02:26:33.268Z"}
{"level":"info","message":"增强Agent risk 初始化完成","service":"public-opinion-system","timestamp":"2026-02-13T02:26:33.268Z"}
{"level":"info","message":"增强AI分析引擎V2初始化完成","service":"public-opinion-system","timestamp":"2026-02-13T02:26:33.269Z"}
{"level":"info","message":"启动技能管理器...","service":"public-opinion-system","timestamp":"2026-02-13T02:26:33.269Z"}
{"level":"info","message":"加载技能: DataCleaningSkill v1.0.0","service":"public-opinion-system","timestamp":"2026-02-13T02:26:33.274Z"}
{"level":"info","message":"技能管理器启动完成","service":"public-opinion-system","timestamp":"2026-02-13T02:26:33.274Z"}
{"level":"info","message":"V2真实数据收集开始，关键词: 疫情, 疫苗, 平台: weibo","service":"public-opinion-system","timestamp":"2026-02-13T02:26:33.277Z"}
{"level":"warn","message":"不支持的数据源: weibo","service":"public-opinion-system","timestamp":"2026-02-13T02:26:33.277Z"}
{"level":"info","message":"V2真实数据收集完成，共获得 0 条数据","service":"public-opinion-system","timestamp":"2026-02-13T02:26:33.277Z"}
{"level":"info","message":"开始增强AI分析任务 analysis_1770949593278_yiiqdn0ug，数据量: 0，关键词: 疫情, 疫苗","service":"public-opinion-system","timestamp":"2026-02-13T02:26:33.278Z"}
{"level":"info","message":"第 1 轮增强分析开始","service":"public-opinion-system","timestamp":"2026-02-13T02:26:33.278Z"}
{"level":"info","message":"运行增强Agent: sentiment","service":"public-opinion-system","timestamp":"2026-02-13T02:26:33.278Z"}
{"level":"info","message":"深度学习情感分析开始处理 0 条数据","service":"public-opinion-system","timestamp":"2026-02-13T02:26:33.279Z"}
{"level":"info","message":"深度学习情感分析完成，整体情感得分: 0.00，置信度: 0.00","service":"public-opinion-system","timestamp":"2026-02-13T02:26:33.279Z"}
{"level":"info","message":"运行增强Agent: topic","service":"public-opinion-system","timestamp":"2026-02-13T02:26:33.279Z"}
{"level":"info","message":"主题建模Agent开始处理 0 条数据","service":"public-opinion-system","timestamp":"2026-02-13T02:26:33.280Z"}
{"level":"info","message":"运行增强Agent: risk","service":"public-opinion-system","timestamp":"2026-02-13T02:26:33.280Z"}
{"level":"info","message":"神经网络风险评估Agent开始处理 0 条数据","service":"public-opinion-system","timestamp":"2026-02-13T02:26:33.280Z"}
{"level":"info","message":"神经网络风险评估完成，整体风险等级: low, 风险评分: 0.00","service":"public-opinion-system","timestamp":"2026-02-13T02:26:33.281Z"}
{"level":"info","message":"增强Agent sentiment 完成，置信度: 0.00，用时: 2ms","service":"public-opinion-system","timestamp":"2026-02-13T02:26:33.281Z"}
{"level":"info","message":"增强Agent risk 完成，置信度: 0.00，用时: 1ms","service":"public-opinion-system","timestamp":"2026-02-13T02:26:33.281Z"}
{"level":"info","message":"主题建模完成，发现 5 个主题，0 个关键词","service":"public-opinion-system","timestamp":"2026-02-13T02:26:33.282Z"}
{"level":"info","message":"增强Agent topic 完成，置信度: 0.00，用时: 3ms","service":"public-opinion-system","timestamp":"2026-02-13T02:26:33.282Z"}
{"level":"info","message":"第 1 轮增强分析完成，平均置信度: 0.00","service":"public-opinion-system","timestamp":"2026-02-13T02:26:33.282Z"}
{"level":"info","message":"第 1 轮智能数据增强","service":"public-opinion-system","timestamp":"2026-02-13T02:26:33.282Z"}
{"level":"info","message":"数据增强完成，原始 0 条 → 增强 0 条","service":"public-opinion-system","timestamp":"2026-02-13T02:26:33.283Z"}
{"level":"info","message":"第 2 轮增强分析开始","service":"public-opinion-system","timestamp":"2026-02-13T02:26:33.283Z"}
{"level":"info","message":"运行增强Agent: sentiment","service":"public-opinion-system","timestamp":"2026-02-13T02:26:33.283Z"}
{"level":"info","message":"深度学习情感分析开始处理 0 条数据","service":"public-opinion-system","timestamp":"2026-02-13T02:26:33.283Z"}
{"level":"info","message":"深度学习情感分析完成，整体情感得分: 0.00，置信度: 0.00","service":"public-opinion-system","timestamp":"2026-02-13T02:26:33.284Z"}
{"level":"info","message":"运行增强Agent: topic","service":"public-opinion-system","timestamp":"2026-02-13T02:26:33.284Z"}
{"level":"info","message":"主题建模Agent开始处理 0 条数据","service":"public-opinion-system","timestamp":"2026-02-13T02:26:33.284Z"}
{"level":"info","message":"运行增强Agent: risk","service":"public-opinion-system","timestamp":"2026-02-13T02:26:33.284Z"}
{"level":"info","message":"神经网络风险评估Agent开始处理 0 条数据","service":"public-opinion-system","timestamp":"2026-02-13T02:26:33.284Z"}
{"level":"info","message":"神经网络风险评估完成，整体风险等级: low, 风险评分: 0.00","service":"public-opinion-system","timestamp":"2026-02-13T02:26:33.285Z"}
{"level":"info","message":"增强Agent sentiment 完成，置信度: 0.00，用时: 2ms","service":"public-opinion-system","timestamp":"2026-02-13T02:26:33.285Z"}
{"level":"info","message":"增强Agent risk 完成，置信度: 0.00，用时: 1ms","service":"public-opinion-system","timestamp":"2026-02-13T02:26:33.285Z"}
{"level":"info","message":"主题建模完成，发现 5 个主题，0 个关键词","service":"public-opinion-system","timestamp":"2026-02-13T02:26:33.286Z"}
{"level":"info","message":"增强Agent topic 完成，置信度: 0.00，用时: 2ms","service":"public-opinion-system","timestamp":"2026-02-13T02:26:33.286Z"}
{"level":"info","message":"第 2 轮增强分析完成，平均置信度: 0.00","service":"public-opinion-system","timestamp":"2026-02-13T02:26:33.286Z"}
{"level":"info","message":"第 2 轮智能数据增强","service":"public-opinion-system","timestamp":"2026-02-13T02:26:33.286Z"}
{"level":"info","message":"数据增强完成，原始 0 条 → 增强 0 条","service":"public-opinion-system","timestamp":"2026-02-13T02:26:33.287Z"}
{"level":"info","message":"第 3 轮增强分析开始","service":"public-opinion-system","timestamp":"2026-02-13T02:26:33.287Z"}
{"level":"info","message":"运行增强Agent: sentiment","service":"public-opinion-system","timestamp":"2026-02-13T02:26:33.288Z"}
{"level":"info","message":"深度学习情感分析开始处理 0 条数据","service":"public-opinion-system","timestamp":"2026-02-13T02:26:33.288Z"}
{"level":"info","message":"深度学习情感分析完成，整体情感得分: 0.00，置信度: 0.00","service":"public-opinion-system","timestamp":"2026-02-13T02:26:33.289Z"}
{"level":"info","message":"运行增强Agent: topic","service":"public-opinion-system","timestamp":"2026-02-13T02:26:33.289Z"}
{"level":"info","message":"主题建模Agent开始处理 0 条数据","service":"public-opinion-system","timestamp":"2026-02-13T02:26:33.289Z"}
{"level":"info","message":"运行增强Agent: risk","service":"public-opinion-system","timestamp":"2026-02-13T02:26:33.289Z"}
{"level":"info","message":"神经网络风险评估Agent开始处理 0 条数据","service":"public-opinion-system","timestamp":"2026-02-13T02:26:33.290Z"}
{"level":"info","message":"神经网络风险评估完成，整体风险等级: low, 风险评分: 0.00","service":"public-opinion-system","timestamp":"2026-02-13T02:26:33.290Z"}
{"level":"info","message":"增强Agent sentiment 完成，置信度: 0.00，用时: 2ms","service":"public-opinion-system","timestamp":"2026-02-13T02:26:33.290Z"}
{"level":"info","message":"增强Agent risk 完成，置信度: 0.00，用时: 0ms","service":"public-opinion-system","timestamp":"2026-02-13T02:26:33.290Z"}
{"level":"info","message":"主题建模完成，发现 5 个主题，0 个关键词","service":"public-opinion-system","timestamp":"2026-02-13T02:26:33.291Z"}
{"level":"info","message":"增强Agent topic 完成，置信度: 0.00，用时: 2ms","service":"public-opinion-system","timestamp":"2026-02-13T02:26:33.291Z"}
{"level":"info","message":"第 3 轮增强分析完成，平均置信度: 0.00","service":"public-opinion-system","timestamp":"2026-02-13T02:26:33.291Z"}
{"level":"info","message":"第 3 轮智能数据增强","service":"public-opinion-system","timestamp":"2026-02-13T02:26:33.291Z"}
{"level":"info","message":"数据增强完成，原始 0 条 → 增强 0 条","service":"public-opinion-system","timestamp":"2026-02-13T02:26:33.292Z"}
{"level":"info","message":"第 4 轮增强分析开始","service":"public-opinion-system","timestamp":"2026-02-13T02:26:33.292Z"}
{"level":"info","message":"运行增强Agent: sentiment","service":"public-opinion-system","timestamp":"2026-02-13T02:26:33.292Z"}
{"level":"info","message":"深度学习情感分析开始处理 0 条数据","service":"public-opinion-system","timestamp":"2026-02-13T02:26:33.292Z"}
{"level":"info","message":"深度学习情感分析完成，整体情感得分: 0.00，置信度: 0.00","service":"public-opinion-system","timestamp":"2026-02-13T02:26:33.292Z"}
{"level":"info","message":"运行增强Agent: topic","service":"public-opinion-system","timestamp":"2026-02-13T02:26:33.293Z"}
{"level":"info","message":"主题建模Agent开始处理 0 条数据","service":"public-opinion-system","timestamp":"2026-02-13T02:26:33.293Z"}
{"level":"info","message":"运行增强Agent: risk","service":"public-opinion-system","timestamp":"2026-02-13T02:26:33.293Z"}
{"level":"info","message":"神经网络风险评估Agent开始处理 0 条数据","service":"public-opinion-system","timestamp":"2026-02-13T02:26:33.293Z"}
{"level":"info","message":"神经网络风险评估完成，整体风险等级: low, 风险评分: 0.00","service":"public-opinion-system","timestamp":"2026-02-13T02:26:33.294Z"}
{"level":"info","message":"增强Agent sentiment 完成，置信度: 0.00，用时: 2ms","service":"public-opinion-system","timestamp":"2026-02-13T02:26:33.294Z"}
{"level":"info","message":"增强Agent risk 完成，置信度: 0.00，用时: 1ms","service":"public-opinion-system","timestamp":"2026-02-13T02:26:33.294Z"}
{"level":"info","message":"主题建模完成，发现 5 个主题，0 个关键词","service":"public-opinion-system","timestamp":"2026-02-13T02:26:33.294Z"}
{"level":"info","message":"增强Agent topic 完成，置信度: 0.00，用时: 1ms","service":"public-opinion-system","timestamp":"2026-02-13T02:26:33.295Z"}
{"level":"info","message":"第 4 轮增强分析完成，平均置信度: 0.00","service":"public-opinion-system","timestamp":"2026-02-13T02:26:33.295Z"}
{"level":"info","message":"第 4 轮智能数据增强","service":"public-opinion-system","timestamp":"2026-02-13T02:26:33.295Z"}
{"level":"info","message":"数据增强完成，原始 0 条 → 增强 0 条","service":"public-opinion-system","timestamp":"2026-02-13T02:26:33.295Z"}
{"level":"info","message":"第 5 轮增强分析开始","service":"public-opinion-system","timestamp":"2026-02-13T02:26:33.296Z"}
{"level":"info","message":"运行增强Agent: sentiment","service":"public-opinion-system","timestamp":"2026-02-13T02:26:33.296Z"}
{"level":"info","message":"深度学习情感分析开始处理 0 条数据","service":"public-opinion-system","timestamp":"2026-02-13T02:26:33.296Z"}
{"level":"info","message":"深度学习情感分析完成，整体情感得分: 0.00，置信度: 0.00","service":"public-opinion-system","timestamp":"2026-02-13T02:26:33.296Z"}
{"level":"info","message":"运行增强Agent: topic","service":"public-opinion-system","timestamp":"2026-02-13T02:26:33.297Z"}
{"level":"info","message":"主题建模Agent开始处理 0 条数据","service":"public-opinion-system","timestamp":"2026-02-13T02:26:33.297Z"}
{"level":"info","message":"运行增强Agent: risk","service":"public-opinion-system","timestamp":"2026-02-13T02:26:33.297Z"}
{"level":"info","message":"神经网络风险评估Agent开始处理 0 条数据","service":"public-opinion-system","timestamp":"2026-02-13T02:26:33.297Z"}
{"level":"info","message":"神经网络风险评估完成，整体风险等级: low, 风险评分: 0.00","service":"public-opinion-system","timestamp":"2026-02-13T02:26:33.297Z"}
{"level":"info","message":"增强Agent sentiment 完成，置信度: 0.00，用时: 2ms","service":"public-opinion-system","timestamp":"2026-02-13T02:26:33.298Z"}
{"level":"info","message":"增强Agent risk 完成，置信度: 0.00，用时: 1ms","service":"public-opinion-system","timestamp":"2026-02-13T02:26:33.298Z"}
{"level":"info","message":"主题建模完成，发现 5 个主题，0 个关键词","service":"public-opinion-system","timestamp":"2026-02-13T02:26:33.298Z"}
{"level":"info","message":"增强Agent topic 完成，置信度: 0.00，用时: 1ms","service":"public-opinion-system","timestamp":"2026-02-13T02:26:33.298Z"}
{"level":"info","message":"第 5 轮增强分析完成，平均置信度: 0.00","service":"public-opinion-system","timestamp":"2026-02-13T02:26:33.299Z"}
{"level":"info","message":"运行增强Agent: sentiment","service":"public-opinion-system","timestamp":"2026-02-13T02:26:33.299Z"}
{"level":"info","message":"深度学习情感分析开始处理 0 条数据","service":"public-opinion-system","timestamp":"2026-02-13T02:26:33.299Z"}
{"level":"info","message":"深度学习情感分析完成，整体情感得分: 0.00，置信度: 0.00","service":"public-opinion-system","timestamp":"2026-02-13T02:26:33.299Z"}
{"level":"info","message":"运行增强Agent: topic","service":"public-opinion-system","timestamp":"2026-02-13T02:26:33.299Z"}
{"level":"info","message":"主题建模Agent开始处理 0 条数据","service":"public-opinion-system","timestamp":"2026-02-13T02:26:33.300Z"}
{"level":"info","message":"运行增强Agent: risk","service":"public-opinion-system","timestamp":"2026-02-13T02:26:33.300Z"}
{"level":"info","message":"神经网络风险评估Agent开始处理 0 条数据","service":"public-opinion-system","timestamp":"2026-02-13T02:26:33.300Z"}
{"level":"info","message":"神经网络风险评估完成，整体风险等级: low, 风险评分: 0.00","service":"public-opinion-system","timestamp":"2026-02-13T02:26:33.300Z"}
{"level":"info","message":"增强Agent sentiment 完成，置信度: 0.00，用时: 1ms","service":"public-opinion-system","timestamp":"2026-02-13T02:26:33.300Z"}
{"level":"info","message":"增强Agent risk 完成，置信度: 0.00，用时: 1ms","service":"public-opinion-system","timestamp":"2026-02-13T02:26:33.301Z"}
{"level":"info","message":"主题建模完成，发现 5 个主题，0 个关键词","service":"public-opinion-system","timestamp":"2026-02-13T02:26:33.301Z"}
{"level":"info","message":"增强Agent topic 完成，置信度: 0.00，用时: 1ms","service":"public-opinion-system","timestamp":"2026-02-13T02:26:33.301Z"}
{"level":"info","message":"增强AI分析任务 analysis_1770949593278_yiiqdn0ug 完成，共进行 5 轮分析","service":"public-opinion-system","timestamp":"2026-02-13T02:26:33.302Z"}
{"level":"info","message":"初始化增强AI分析引擎V2...","service":"public-opinion-system","timestamp":"2026-02-13T02:40:18.824Z"}
{"level":"info","message":"初始化Agent: DeepLearningSentimentAgent","service":"public-opinion-system","timestamp":"2026-02-13T02:40:18.826Z"}
{"level":"info","message":"加载深度学习情感分析模型...","service":"public-opinion-system","timestamp":"2026-02-13T02:40:18.828Z"}
{"level":"info","message":"深度学习模型加载完成","service":"public-opinion-system","timestamp":"2026-02-13T02:40:18.828Z"}
{"level":"info","message":"增强Agent sentiment 初始化完成","service":"public-opinion-system","timestamp":"2026-02-13T02:40:18.829Z"}
{"level":"info","message":"初始化Agent: TopicModelingAgent","service":"public-opinion-system","timestamp":"2026-02-13T02:40:18.829Z"}
{"level":"info","message":"加载主题建模模型...","service":"public-opinion-system","timestamp":"2026-02-13T02:40:18.830Z"}
{"level":"info","message":"主题建模模型加载完成","service":"public-opinion-system","timestamp":"2026-02-13T02:40:18.830Z"}
{"level":"info","message":"增强Agent topic 初始化完成","service":"public-opinion-system","timestamp":"2026-02-13T02:40:18.833Z"}
{"level":"info","message":"初始化Agent: NeuralRiskAssessmentAgent","service":"public-opinion-system","timestamp":"2026-02-13T02:40:18.834Z"}
{"level":"info","message":"加载神经网络风险评估模型...","service":"public-opinion-system","timestamp":"2026-02-13T02:40:18.834Z"}
{"level":"info","message":"神经网络风险评估模型加载完成","service":"public-opinion-system","timestamp":"2026-02-13T02:40:18.835Z"}
{"level":"info","message":"增强Agent risk 初始化完成","service":"public-opinion-system","timestamp":"2026-02-13T02:40:18.835Z"}
{"level":"info","message":"增强AI分析引擎V2初始化完成","service":"public-opinion-system","timestamp":"2026-02-13T02:40:18.835Z"}
{"level":"info","message":"启动技能管理器...","service":"public-opinion-system","timestamp":"2026-02-13T02:40:18.836Z"}
{"level":"info","message":"加载技能: DataCleaningSkill v1.0.0","service":"public-opinion-system","timestamp":"2026-02-13T02:40:18.839Z"}
{"level":"info","message":"技能管理器启动完成","service":"public-opinion-system","timestamp":"2026-02-13T02:40:18.839Z"}
{"level":"info","message":"V2真实数据收集开始，关键词: 人工智能, 平台: news","service":"public-opinion-system","timestamp":"2026-02-13T02:40:18.840Z"}
{"level":"info","message":"新闻API开始收集: 人工智能","service":"public-opinion-system","timestamp":"2026-02-13T02:40:18.841Z"}
{"level":"warn","message":"NewsAPI获取失败: timeout of 10000ms exceeded","service":"public-opinion-system","timestamp":"2026-02-13T02:40:28.869Z"}
{"level":"warn","message":"GNews API获取失败: Request failed with status code 400","service":"public-opinion-system","timestamp":"2026-02-13T02:40:29.574Z"}
{"level":"info","message":"备用API成功获取 0 条数据","service":"public-opinion-system","timestamp":"2026-02-13T02:40:29.575Z"}
{"level":"info","message":"从 news 收集关键词 \"人工智能\" 获得 0 条真实数据","service":"public-opinion-system","timestamp":"2026-02-13T02:40:29.575Z"}
{"level":"info","message":"V2真实数据收集完成，共获得 0 条数据","service":"public-opinion-system","timestamp":"2026-02-13T02:40:30.575Z"}
{"level":"warn","message":"实时监控未在运行","service":"public-opinion-system","timestamp":"2026-02-13T02:52:18.769Z"}
{"level":"warn","message":"性能监控未在运行","service":"public-opinion-system","timestamp":"2026-02-13T03:41:06.463Z"}
{"level":"warn","message":"WEIBO_COOKIE 未配置，将使用公开数据源","service":"public-opinion-system","timestamp":"2026-02-13T04:58:36.974Z"}
{"level":"warn","message":"Cookie长度较短，可能无效","service":"public-opinion-system","timestamp":"2026-02-13T04:58:36.977Z"}
{"level":"warn","message":"WEIBO_COOKIE 未配置，将使用公开数据源","service":"public-opinion-system","timestamp":"2026-02-13T04:58:36.978Z"}
{"level":"warn","message":"Cookie长度较短，可能无效","service":"public-opinion-system","timestamp":"2026-02-13T04:58:36.978Z"}
{"level":"warn","message":"WEIBO_COOKIE 未配置，将使用公开数据源","service":"public-opinion-system","timestamp":"2026-02-13T04:58:49.750Z"}
{"level":"warn","message":"Cookie长度较短，可能无效","service":"public-opinion-system","timestamp":"2026-02-13T04:58:49.753Z"}
{"level":"warn","message":"WEIBO_COOKIE 未配置，将使用公开数据源","service":"public-opinion-system","timestamp":"2026-02-13T04:58:49.753Z"}
{"level":"warn","message":"Cookie长度较短，可能无效","service":"public-opinion-system","timestamp":"2026-02-13T04:58:49.754Z"}
{"level":"info","message":"正在初始化简化版舆情研判系统...","service":"public-opinion-system","timestamp":"2026-02-13T04:58:49.755Z"}
{"level":"info","message":"正在初始化数据库...","service":"public-opinion-system","timestamp":"2026-02-13T04:58:49.755Z"}
{"level":"info","message":"数据库加载成功","service":"public-opinion-system","timestamp":"2026-02-13T04:58:49.762Z"}
{"level":"info","message":"数据库初始化完成","service":"public-opinion-system","timestamp":"2026-02-13T04:58:49.762Z"}
{"level":"error","message":"系统初始化失败: this.collector.initialize is not a function","service":"public-opinion-system","stack":"TypeError: this.collector.initialize is not a function\n    at PublicOpinionSystemSimplified.initialize (G:\\trae\\public-opinion-system\\src\\index-simplified.js:30:28)\n    at async WeiboCLI.handleWeiboAnalyze (G:\\trae\\public-opinion-system\\weibo-cli.js:91:7)\n    at async main (G:\\trae\\public-opinion-system\\weibo-cli.js:557:7)","timestamp":"2026-02-13T04:58:49.763Z"}
{"level":"error","message":"微博舆情分析失败 this.collector.initialize is not a function","service":"public-opinion-system","stack":"TypeError: this.collector.initialize is not a function\n    at PublicOpinionSystemSimplified.initialize (G:\\trae\\public-opinion-system\\src\\index-simplified.js:30:28)\n    at async WeiboCLI.handleWeiboAnalyze (G:\\trae\\public-opinion-system\\weibo-cli.js:91:7)\n    at async main (G:\\trae\\public-opinion-system\\weibo-cli.js:557:7)","timestamp":"2026-02-13T04:58:49.764Z"}
{"level":"warn","message":"WEIBO_COOKIE 未配置，将使用公开数据源","service":"public-opinion-system","timestamp":"2026-02-13T04:59:23.906Z"}
{"level":"warn","message":"Cookie长度较短，可能无效","service":"public-opinion-system","timestamp":"2026-02-13T04:59:23.909Z"}
{"level":"warn","message":"WEIBO_COOKIE 未配置，将使用公开数据源","service":"public-opinion-system","timestamp":"2026-02-13T04:59:23.910Z"}
{"level":"warn","message":"Cookie长度较短，可能无效","service":"public-opinion-system","timestamp":"2026-02-13T04:59:23.910Z"}
{"level":"info","message":"正在初始化简化版舆情研判系统...","service":"public-opinion-system","timestamp":"2026-02-13T04:59:23.912Z"}
{"level":"info","message":"正在初始化数据库...","service":"public-opinion-system","timestamp":"2026-02-13T04:59:23.912Z"}
{"level":"info","message":"数据库加载成功","service":"public-opinion-system","timestamp":"2026-02-13T04:59:23.917Z"}
{"level":"info","message":"数据库初始化完成","service":"public-opinion-system","timestamp":"2026-02-13T04:59:23.917Z"}
{"level":"info","message":"正在初始化简化版数据收集器...","service":"public-opinion-system","timestamp":"2026-02-13T04:59:23.918Z"}
{"level":"info","message":"简化版数据收集器初始化完成","service":"public-opinion-system","timestamp":"2026-02-13T04:59:24.094Z"}
{"level":"info","message":"简化版舆情研判系统初始化完成","service":"public-opinion-system","timestamp":"2026-02-13T04:59:24.979Z"}
{"analyzer":{"config":{"config":{"ANALYSIS_BATCH_SIZE":5,"ANALYSIS_MAX_WORKERS":3,"ANALYSIS_RETRY_ATTEMPTS":3,"ANALYSIS_RETRY_DELAY":1000,"ANTHROPIC_API_KEY":"****","ANTHROPIC_BASE_URL":"https://api.anthropic.com","ANTHROPIC_VERSION":"2023-06-01","CACHE_ENABLED":true,"CACHE_TTL":3600000,"ENABLE_METRICS":true,"KIMI_API_KEY":"****","KIMI_BASE_URL":"https://api.moonshot.cn/v1","LLM_MAX_TOKENS":"****","LLM_MODEL":"qwen-turbo","LLM_PROVIDER":"qwen","LLM_TEMPERATURE":0.7,"LLM_TIMEOUT":30000,"LOCAL_LLM_TIMEOUT":30000,"LOCAL_LLM_URL":"http://localhost:11434/api/generate","LOG_LEVEL":"info","LOG_LLM_REQUESTS":false,"MAX_CONCURRENT_REQUESTS":3,"MAX_INPUT_LENGTH":10000,"METRICS_PORT":9090,"OPENAI_API_KEY":"****","OPENAI_BASE_URL":"https://api.openai.com/v1","OPENAI_ORGANIZATION":"","QWEN_API_KEY":"sk-b****5db0","QWEN_API_VERSION":"2023-12-01","QWEN_BASE_URL":"https://dashscope.aliyuncs.com/api/v1","RATE_LIMIT_PER_MINUTE":60,"REQUEST_TIMEOUT":30000,"SPARK_API_KEY":"****","SPARK_API_SECRET":"****","SPARK_APP_ID":"","SPARK_BASE_URL":"wss://spark-api.xf-yun.com/v3.5/chat","WENXIN_API_KEY":"****","WENXIN_BASE_URL":"https://aip.baidubce.com/rpc/2.0/ai_custom/v1/wenxinworkshop/chat","WENXIN_SECRET_KEY":"****","ZHIPU_API_KEY":"****","ZHIPU_BASE_URL":"https://open.bigmodel.cn/api/paas/v4"},"model":"qwen-turbo","provider":"qwen","timestamp":"2026-02-13T04:59:24.980Z"},"initialized":true,"model":"qwen-turbo","provider":"qwen"},"collector":{"delayBetweenRequests":2000,"isHealthy":false,"maxResults":50,"platform":"weibo_only","weibo":{"cookieConfigured":false,"cookieLength":0,"isHealthy":false,"maxResults":50,"platform":"weibo","requestDelay":2000,"timeout":30000}},"database":{"dataQuality":{"issues":[],"score":0},"platformDistribution":[],"recentActivity":[],"totalAnalysisResults":2,"totalDataItems":0,"totalTasks":0},"isRunning":false,"level":"info","message":"系统状态:","service":"public-opinion-system","system":"simplified_weibo_only","timestamp":"2026-02-13T04:59:25.009Z"}
{"level":"info","message":"开始搜索微博：关键词=\"人工智能\"，最大结果=10","service":"public-opinion-system","timestamp":"2026-02-13T04:59:55.899Z"}
{"level":"info","message":"微博搜索完成：找到0条结果","service":"public-opinion-system","timestamp":"2026-02-13T04:59:56.090Z"}
{"level":"info","message":"开始搜索微博：关键词=\"热点\"，最大结果=5","service":"public-opinion-system","timestamp":"2026-02-13T05:00:18.821Z"}
{"level":"info","message":"微博搜索完成：找到0条结果","service":"public-opinion-system","timestamp":"2026-02-13T05:00:18.956Z"}
{"level":"info","message":"开始搜索微博：关键词=\"人工智能\"，最大结果=5","service":"public-opinion-system","timestamp":"2026-02-13T05:00:57.211Z"}
{"level":"info","message":"微博搜索结果为空，尝试备用方案","service":"public-opinion-system","timestamp":"2026-02-13T05:00:57.332Z"}
{"level":"info","message":"使用备用搜索方案","service":"public-opinion-system","timestamp":"2026-02-13T05:00:57.333Z"}
{"level":"info","message":"微博搜索完成：找到0条结果","service":"public-opinion-system","timestamp":"2026-02-13T05:00:58.601Z"}
{"level":"warn","message":"WEIBO_COOKIE 未配置，将使用公开数据源","service":"public-opinion-system","timestamp":"2026-02-13T05:02:33.793Z"}
{"level":"warn","message":"Cookie长度较短，可能无效","service":"public-opinion-system","timestamp":"2026-02-13T05:02:33.796Z"}
{"level":"info","message":"开始搜索微博：关键词=\"人工智能\"，最大结果=2","service":"public-opinion-system","timestamp":"2026-02-13T05:02:33.978Z"}
{"level":"info","message":"微博搜索结果为空，尝试备用方案","service":"public-opinion-system","timestamp":"2026-02-13T05:02:34.061Z"}
{"level":"info","message":"使用备用搜索方案","service":"public-opinion-system","timestamp":"2026-02-13T05:02:34.062Z"}
{"level":"error","message":"HTTP请求失败:","service":"public-opinion-system","timestamp":"2026-02-13T05:02:34.143Z"}
{"level":"error","message":"备用搜索方案失败:","service":"public-opinion-system","timestamp":"2026-02-13T05:02:34.144Z"}
{"level":"info","message":"微博搜索完成：找到0条结果","service":"public-opinion-system","timestamp":"2026-02-13T05:02:34.145Z"}
{"level":"info","message":"开始搜索微博：关键词=\"科技\"，最大结果=2","service":"public-opinion-system","timestamp":"2026-02-13T05:02:34.145Z"}
{"level":"info","message":"微博搜索结果为空，尝试备用方案","service":"public-opinion-system","timestamp":"2026-02-13T05:02:34.225Z"}
{"level":"info","message":"使用备用搜索方案","service":"public-opinion-system","timestamp":"2026-02-13T05:02:34.226Z"}
{"level":"info","message":"微博搜索完成：找到0条结果","service":"public-opinion-system","timestamp":"2026-02-13T05:02:35.641Z"}
{"level":"info","message":"开始搜索微博：关键词=\"新闻\"，最大结果=2","service":"public-opinion-system","timestamp":"2026-02-13T05:02:35.642Z"}
{"level":"info","message":"微博搜索结果为空，尝试备用方案","service":"public-opinion-system","timestamp":"2026-02-13T05:02:35.726Z"}
{"level":"info","message":"使用备用搜索方案","service":"public-opinion-system","timestamp":"2026-02-13T05:02:35.726Z"}
{"level":"info","message":"微博搜索完成：找到0条结果","service":"public-opinion-system","timestamp":"2026-02-13T05:02:36.833Z"}
{"level":"info","message":"演示模式已启用：使用模拟数据展示系统功能","service":"public-opinion-system","timestamp":"2026-02-13T05:05:02.065Z"}
{"level":"info","message":"演示模式：搜索关键词 \"人工智能\"，最大结果 3","service":"public-opinion-system","timestamp":"2026-02-13T05:05:02.067Z"}
{"level":"info","message":"演示模式：找到 3 条结果","service":"public-opinion-system","timestamp":"2026-02-13T05:05:02.068Z"}
{"level":"info","message":"演示模式：搜索关键词 \"科技\"，最大结果 3","service":"public-opinion-system","timestamp":"2026-02-13T05:05:02.071Z"}
{"level":"info","message":"演示模式：找到 3 条结果","service":"public-opinion-system","timestamp":"2026-02-13T05:05:02.071Z"}
{"level":"info","message":"演示模式：搜索关键词 \"热点\"，最大结果 3","service":"public-opinion-system","timestamp":"2026-02-13T05:05:02.133Z"}
{"level":"info","message":"演示模式：找到 2 条结果","service":"public-opinion-system","timestamp":"2026-02-13T05:05:02.134Z"}
{"level":"info","message":"正在初始化简化版舆情研判系统...","service":"public-opinion-system","timestamp":"2026-02-13T05:05:02.137Z"}
{"level":"info","message":"正在初始化数据库...","service":"public-opinion-system","timestamp":"2026-02-13T05:05:02.143Z"}
{"level":"info","message":"数据库加载成功","service":"public-opinion-system","timestamp":"2026-02-13T05:05:02.147Z"}
{"level":"info","message":"数据库初始化完成","service":"public-opinion-system","timestamp":"2026-02-13T05:05:02.147Z"}
{"level":"info","message":"正在初始化简化版数据收集器...","service":"public-opinion-system","timestamp":"2026-02-13T05:05:02.148Z"}
{"level":"info","message":"简化版数据收集器初始化完成","service":"public-opinion-system","timestamp":"2026-02-13T05:05:02.266Z"}
{"level":"info","message":"简化版舆情研判系统初始化完成","service":"public-opinion-system","timestamp":"2026-02-13T05:05:02.359Z"}
{"analyzer":{"config":{"config":{"ANALYSIS_BATCH_SIZE":5,"ANALYSIS_MAX_WORKERS":3,"ANALYSIS_RETRY_ATTEMPTS":3,"ANALYSIS_RETRY_DELAY":1000,"ANTHROPIC_API_KEY":"****","ANTHROPIC_BASE_URL":"https://api.anthropic.com","ANTHROPIC_VERSION":"2023-06-01","CACHE_ENABLED":true,"CACHE_TTL":3600000,"ENABLE_METRICS":true,"KIMI_API_KEY":"****","KIMI_BASE_URL":"https://api.moonshot.cn/v1","LLM_MAX_TOKENS":"****","LLM_MODEL":"qwen-turbo","LLM_PROVIDER":"qwen","LLM_TEMPERATURE":0.7,"LLM_TIMEOUT":30000,"LOCAL_LLM_TIMEOUT":30000,"LOCAL_LLM_URL":"http://localhost:11434/api/generate","LOG_LEVEL":"info","LOG_LLM_REQUESTS":false,"MAX_CONCURRENT_REQUESTS":3,"MAX_INPUT_LENGTH":10000,"METRICS_PORT":9090,"OPENAI_API_KEY":"****","OPENAI_BASE_URL":"https://api.openai.com/v1","OPENAI_ORGANIZATION":"","QWEN_API_KEY":"sk-b****5db0","QWEN_API_VERSION":"2023-12-01","QWEN_BASE_URL":"https://dashscope.aliyuncs.com/api/v1","RATE_LIMIT_PER_MINUTE":60,"REQUEST_TIMEOUT":30000,"SPARK_API_KEY":"****","SPARK_API_SECRET":"****","SPARK_APP_ID":"","SPARK_BASE_URL":"wss://spark-api.xf-yun.com/v3.5/chat","WEIBO_COOKIE":"SUB=_2AkMT123456789; SUBP=0033WrSXqPxfM72-Ws9jqgMFabcdef; ALF=1234567890; SCF=Aj123456789; SSOLoginState=1234567890","WENXIN_API_KEY":"****","WENXIN_BASE_URL":"https://aip.baidubce.com/rpc/2.0/ai_custom/v1/wenxinworkshop/chat","WENXIN_SECRET_KEY":"****","ZHIPU_API_KEY":"****","ZHIPU_BASE_URL":"https://open.bigmodel.cn/api/paas/v4"},"model":"qwen-turbo","provider":"qwen","timestamp":"2026-02-13T05:05:02.359Z"},"initialized":true,"model":"qwen-turbo","provider":"qwen"},"collector":{"delayBetweenRequests":2000,"isHealthy":true,"maxResults":50,"platform":"weibo_only","weibo":{"cookieConfigured":true,"cookieLength":115,"isHealthy":true,"maxResults":50,"platform":"weibo","requestDelay":2000,"timeout":30000}},"database":{"dataQuality":{"issues":[],"score":0},"platformDistribution":[],"recentActivity":[],"totalAnalysisResults":2,"totalDataItems":0,"totalTasks":0},"isRunning":false,"level":"info","message":"系统状态:","service":"public-opinion-system","system":"simplified_weibo_only","timestamp":"2026-02-13T05:05:02.360Z"}
{"level":"info","message":"开始搜索微博：关键词=\"人工智能\"，最大结果=20","service":"public-opinion-system","timestamp":"2026-02-13T06:40:47.995Z"}
{"level":"info","message":"微博搜索结果为空，尝试备用方案","service":"public-opinion-system","timestamp":"2026-02-13T06:40:48.574Z"}
{"level":"info","message":"使用备用搜索方案","service":"public-opinion-system","timestamp":"2026-02-13T06:40:48.575Z"}
{"level":"info","message":"微博搜索完成：找到0条结果","service":"public-opinion-system","timestamp":"2026-02-13T06:40:49.975Z"}
{"level":"info","message":"正在初始化简化版舆情研判系统...","service":"public-opinion-system","timestamp":"2026-02-13T06:40:57.653Z"}
{"level":"info","message":"正在初始化数据库...","service":"public-opinion-system","timestamp":"2026-02-13T06:40:57.656Z"}
{"level":"info","message":"数据库加载成功","service":"public-opinion-system","timestamp":"2026-02-13T06:40:57.696Z"}
{"level":"info","message":"数据库初始化完成","service":"public-opinion-system","timestamp":"2026-02-13T06:40:57.696Z"}
{"level":"info","message":"正在初始化简化版数据收集器...","service":"public-opinion-system","timestamp":"2026-02-13T06:40:57.697Z"}
{"level":"info","message":"简化版数据收集器初始化完成","service":"public-opinion-system","timestamp":"2026-02-13T06:40:57.852Z"}
{"level":"info","message":"简化版舆情研判系统初始化完成","service":"public-opinion-system","timestamp":"2026-02-13T06:40:58.135Z"}
{"analyzer":{"config":{"config":{"ANALYSIS_BATCH_SIZE":5,"ANALYSIS_MAX_WORKERS":3,"ANALYSIS_RETRY_ATTEMPTS":3,"ANALYSIS_RETRY_DELAY":1000,"ANTHROPIC_API_KEY":"****","ANTHROPIC_BASE_URL":"https://api.anthropic.com","ANTHROPIC_VERSION":"2023-06-01","CACHE_ENABLED":true,"CACHE_TTL":3600000,"ENABLE_METRICS":true,"KIMI_API_KEY":"****","KIMI_BASE_URL":"https://api.moonshot.cn/v1","LLM_MAX_TOKENS":"****","LLM_MODEL":"qwen-turbo","LLM_PROVIDER":"qwen","LLM_TEMPERATURE":0.7,"LLM_TIMEOUT":30000,"LOCAL_LLM_TIMEOUT":30000,"LOCAL_LLM_URL":"http://localhost:11434/api/generate","LOG_LEVEL":"info","LOG_LLM_REQUESTS":false,"MAX_CONCURRENT_REQUESTS":3,"MAX_INPUT_LENGTH":10000,"METRICS_PORT":9090,"OPENAI_API_KEY":"****","OPENAI_BASE_URL":"https://api.openai.com/v1","OPENAI_ORGANIZATION":"","QWEN_API_KEY":"sk-b****5db0","QWEN_API_VERSION":"2023-12-01","QWEN_BASE_URL":"https://dashscope.aliyuncs.com/api/v1","RATE_LIMIT_PER_MINUTE":60,"REQUEST_TIMEOUT":30000,"SPARK_API_KEY":"****","SPARK_API_SECRET":"****","SPARK_APP_ID":"","SPARK_BASE_URL":"wss://spark-api.xf-yun.com/v3.5/chat","WEIBO_COOKIE":"SUB=_2AkMT32q76h4gq0w; path=/; domain=.weibo.com; SUBP=0033WrSXqPxfM72-Ws9jqgMF32q76h4gq0w; path=/; domain=.weibo.com; ALF=1773556820; path=/; domain=.weibo.com; SCF=Aj32q76h4gq0w; path=/; domain=.weibo.com; SSOLoginState=1770964820; path=/; domain=.weibo.com;","WENXIN_API_KEY":"****","WENXIN_BASE_URL":"https://aip.baidubce.com/rpc/2.0/ai_custom/v1/wenxinworkshop/chat","WENXIN_SECRET_KEY":"****","ZHIPU_API_KEY":"****","ZHIPU_BASE_URL":"https://open.bigmodel.cn/api/paas/v4"},"model":"qwen-turbo","provider":"qwen","timestamp":"2026-02-13T06:40:58.136Z"},"initialized":true,"model":"qwen-turbo","provider":"qwen"},"collector":{"delayBetweenRequests":2000,"isHealthy":true,"maxResults":50,"platform":"weibo_only","weibo":{"cookieConfigured":true,"cookieLength":260,"isHealthy":true,"maxResults":50,"platform":"weibo","requestDelay":2000,"timeout":30000}},"database":{"dataQuality":{"issues":[],"score":0},"platformDistribution":[],"recentActivity":[],"totalAnalysisResults":2,"totalDataItems":0,"totalTasks":0},"isRunning":false,"level":"info","message":"系统状态:","service":"public-opinion-system","system":"simplified_weibo_only","timestamp":"2026-02-13T06:40:58.136Z"}
